mmu04062	100039863
mmu04062	100040048
mmu04062	100041579
mmu04062	100042493
mmu04062	100503710
mmu04062	100504239
mmu04062	100504346
mmu04062	100862177
mmu04062	100862247
mmu04062	104110
mmu04062	104111
mmu04062	104709
mmu04062	109689
mmu04062	109880
mmu04062	109905
mmu04062	110157
mmu04062	110355
mmu04062	11512
mmu04062	11513
mmu04062	11514
mmu04062	11515
mmu04062	11651
mmu04062	11652
mmu04062	11848
mmu04062	12015
mmu04062	12145
mmu04062	12458
mmu04062	12540
mmu04062	12675
mmu04062	12765
mmu04062	12766
mmu04062	12767
mmu04062	12768
mmu04062	12769
mmu04062	12770
mmu04062	12771
mmu04062	12772
mmu04062	12773
mmu04062	12774
mmu04062	12775
mmu04062	12776
mmu04062	12777
mmu04062	12927
mmu04062	12928
mmu04062	12929
mmu04062	13051
mmu04062	140580
mmu04062	14083
mmu04062	14191
mmu04062	14677
mmu04062	14678
mmu04062	14679
mmu04062	14682
mmu04062	14688
mmu04062	14693
mmu04062	14695
mmu04062	14696
mmu04062	14697
mmu04062	14699
mmu04062	14700
mmu04062	14701
mmu04062	14702
mmu04062	14704
mmu04062	14706
mmu04062	14707
mmu04062	14708
mmu04062	14709
mmu04062	14710
mmu04062	14772
mmu04062	14773
mmu04062	14784
mmu04062	14825
mmu04062	15162
mmu04062	15461
mmu04062	15945
mmu04062	16150
mmu04062	16151
mmu04062	16428
mmu04062	16452
mmu04062	16453
mmu04062	16653
mmu04062	16963
mmu04062	170758
mmu04062	17096
mmu04062	17329
mmu04062	17969
mmu04062	18033
mmu04062	18035
mmu04062	18036
mmu04062	18176
mmu04062	18479
mmu04062	18706
mmu04062	18707
mmu04062	18708
mmu04062	18709
mmu04062	18710
mmu04062	18747
mmu04062	18749
mmu04062	18751
mmu04062	18753
mmu04062	18762
mmu04062	18795
mmu04062	18796
mmu04062	18797
mmu04062	18798
mmu04062	18803
mmu04062	18829
mmu04062	19229
mmu04062	19303
mmu04062	19353
mmu04062	19354
mmu04062	19395
mmu04062	19697
mmu04062	19877
mmu04062	19878
mmu04062	20290
mmu04062	20292
mmu04062	20293
mmu04062	20295
mmu04062	20296
mmu04062	20297
mmu04062	20299
mmu04062	20300
mmu04062	20301
mmu04062	20302
mmu04062	20303
mmu04062	20304
mmu04062	20305
mmu04062	20306
mmu04062	20307
mmu04062	20308
mmu04062	20309
mmu04062	20310
mmu04062	20311
mmu04062	20312
mmu04062	20315
mmu04062	20416
mmu04062	20418
mmu04062	20662
mmu04062	20663
mmu04062	20779
mmu04062	20846
mmu04062	20847
mmu04062	20848
mmu04062	20851
mmu04062	210044
mmu04062	215449
mmu04062	216148
mmu04062	216869
mmu04062	21844
mmu04062	22324
mmu04062	22325
mmu04062	22376
mmu04062	224129
mmu04062	227288
mmu04062	234779
mmu04062	23797
mmu04062	23832
mmu04062	24013
mmu04062	24047
mmu04062	26385
mmu04062	26395
mmu04062	26413
mmu04062	26417
mmu04062	271849
mmu04062	277360
mmu04062	30955
mmu04062	320129
mmu04062	320207
mmu04062	330122
mmu04062	432530
mmu04062	541307
mmu04062	55985
mmu04062	56066
mmu04062	56221
mmu04062	56484
mmu04062	56637
mmu04062	56744
mmu04062	56838
mmu04062	57257
mmu04062	57266
mmu04062	57349
mmu04062	606496
mmu04062	621580
mmu04062	64337
mmu04062	66066
mmu04062	66102
mmu04062	67653
mmu04062	74769
mmu04062	80901
mmu04062	93742
mmu04062	94176
mmu04610	109821
mmu04610	109828
mmu04610	110135
mmu04610	110382
mmu04610	11537
mmu04610	11905
mmu04610	12061
mmu04610	12062
mmu04610	12258
mmu04610	12259
mmu04610	12260
mmu04610	12262
mmu04610	12263
mmu04610	12266
mmu04610	12267
mmu04610	12268
mmu04610	12269
mmu04610	12273
mmu04610	12274
mmu04610	12279
mmu04610	12509
mmu04610	12628
mmu04610	12630
mmu04610	12759
mmu04610	12902
mmu04610	12946
mmu04610	13136
mmu04610	13137
mmu04610	14058
mmu04610	14060
mmu04610	14061
mmu04610	14062
mmu04610	14064
mmu04610	14065
mmu04610	14066
mmu04610	14067
mmu04610	14068
mmu04610	14069
mmu04610	14071
mmu04610	14161
mmu04610	14962
mmu04610	15139
mmu04610	15160
mmu04610	16409
mmu04610	16411
mmu04610	16414
mmu04610	16415
mmu04610	16621
mmu04610	16644
mmu04610	17174
mmu04610	17175
mmu04610	17194
mmu04610	17195
mmu04610	17221
mmu04610	18787
mmu04610	18788
mmu04610	18791
mmu04610	18792
mmu04610	18793
mmu04610	18815
mmu04610	18816
mmu04610	19123
mmu04610	19124
mmu04610	19128
mmu04610	20700
mmu04610	20701
mmu04610	20702
mmu04610	20703
mmu04610	20704
mmu04610	20720
mmu04610	21788
mmu04610	21824
mmu04610	22370
mmu04610	22371
mmu04610	22789
mmu04610	230558
mmu04610	232345
mmu04610	268591
mmu04610	278180
mmu04610	317677
mmu04610	333883
mmu04610	385643
mmu04610	50702
mmu04610	50908
mmu04610	50909
mmu04610	545366
mmu04610	56373
mmu04610	58992
mmu04610	624286
mmu04610	625018
mmu04610	667277
mmu04610	69379
mmu04610	74145
mmu04610	99571
mmu04611	104110
mmu04611	104111
mmu04611	104709
mmu04611	107589
mmu04611	108101
mmu04611	109305
mmu04611	109905
mmu04611	110135
mmu04611	11461
mmu04611	11465
mmu04611	11512
mmu04611	11513
mmu04611	11514
mmu04611	11515
mmu04611	11651
mmu04611	11652
mmu04611	11848
mmu04611	12229
mmu04611	12825
mmu04611	12842
mmu04611	12843
mmu04611	14061
mmu04611	14062
mmu04611	14065
mmu04611	14127
mmu04611	14131
mmu04611	14161
mmu04611	14360
mmu04611	14674
mmu04611	14677
mmu04611	14678
mmu04611	14679
mmu04611	14682
mmu04611	14683
mmu04611	14723
mmu04611	14724
mmu04611	14729
mmu04611	16398
mmu04611	16399
mmu04611	16412
mmu04611	16416
mmu04611	16438
mmu04611	16439
mmu04611	16440
mmu04611	16801
mmu04611	16822
mmu04611	17096
mmu04611	17931
mmu04611	18127
mmu04611	18436
mmu04611	18441
mmu04611	18706
mmu04611	18707
mmu04611	18708
mmu04611	18709
mmu04611	18710
mmu04611	18747
mmu04611	18749
mmu04611	18759
mmu04611	18762
mmu04611	18783
mmu04611	18795
mmu04611	18796
mmu04611	18797
mmu04611	18798
mmu04611	19045
mmu04611	19046
mmu04611	19047
mmu04611	19091
mmu04611	19092
mmu04611	19094
mmu04611	19222
mmu04611	19224
mmu04611	19395
mmu04611	19419
mmu04611	19877
mmu04611	19878
mmu04611	20619
mmu04611	20779
mmu04611	20866
mmu04611	20963
mmu04611	210044
mmu04611	211429
mmu04611	213435
mmu04611	21390
mmu04611	21391
mmu04611	215449
mmu04611	21894
mmu04611	22320
mmu04611	22323
mmu04611	22371
mmu04611	224129
mmu04611	228785
mmu04611	232889
mmu04611	232906
mmu04611	234779
mmu04611	234889
mmu04611	23797
mmu04611	238564
mmu04611	239134
mmu04611	243816
mmu04611	26413
mmu04611	26415
mmu04611	26416
mmu04611	26417
mmu04611	271844
mmu04611	29857
mmu04611	30955
mmu04611	320207
mmu04611	329502
mmu04611	432530
mmu04611	434233
mmu04611	54195
mmu04611	54368
mmu04611	54519
mmu04611	60596
mmu04611	67268
mmu04611	67653
mmu04611	67938
mmu04611	69632
mmu04611	70549
mmu04611	70839
mmu04611	74769
mmu04611	78390
mmu04611	99571
mmu04612	100504404
mmu04612	100529082
mmu04612	108802
mmu04612	110557
mmu04612	110558
mmu04612	110696
mmu04612	12010
mmu04612	12265
mmu04612	12317
mmu04612	12330
mmu04612	12504
mmu04612	12525
mmu04612	12526
mmu04612	12912
mmu04612	13030
mmu04612	13039
mmu04612	13040
mmu04612	14827
mmu04612	14828
mmu04612	14960
mmu04612	14961
mmu04612	14963
mmu04612	14964
mmu04612	14969
mmu04612	14972
mmu04612	14980
mmu04612	14985
mmu04612	14990
mmu04612	14991
mmu04612	14997
mmu04612	14998
mmu04612	14999
mmu04612	15000
mmu04612	15001
mmu04612	15002
mmu04612	15006
mmu04612	15007
mmu04612	15013
mmu04612	15015
mmu04612	15018
mmu04612	15019
mmu04612	15024
mmu04612	15039
mmu04612	15040
mmu04612	15042
mmu04612	15043
mmu04612	15051
mmu04612	15481
mmu04612	15482
mmu04612	15511
mmu04612	15512
mmu04612	15516
mmu04612	15519
mmu04612	15525
mmu04612	15978
mmu04612	16149
mmu04612	16641
mmu04612	16643
mmu04612	170767
mmu04612	18044
mmu04612	18045
mmu04612	18046
mmu04612	19141
mmu04612	19186
mmu04612	19188
mmu04612	19192
mmu04612	193740
mmu04612	19727
mmu04612	21354
mmu04612	21355
mmu04612	21356
mmu04612	21926
mmu04612	224753
mmu04612	224754
mmu04612	224756
mmu04612	224761
mmu04612	240095
mmu04612	245615
mmu04612	245616
mmu04612	333715
mmu04612	381091
mmu04612	399549
mmu04612	53970
mmu04612	547349
mmu04612	621823
mmu04612	630294
mmu04612	65972
mmu04612	667803
mmu04612	667977
mmu04612	69717
mmu04613	100039319
mmu04613	100041230
mmu04613	100042840
mmu04613	100042922
mmu04613	100042927
mmu04613	100042929
mmu04613	100042931
mmu04613	100042939
mmu04613	100042943
mmu04613	100042944
mmu04613	100042946
mmu04613	102641752
mmu04613	105242736
mmu04613	105675
mmu04613	107435
mmu04613	110135
mmu04613	110157
mmu04613	11461
mmu04613	11465
mmu04613	115488119
mmu04613	115490335
mmu04613	11596
mmu04613	11651
mmu04613	11652
mmu04613	11739
mmu04613	11740
mmu04613	12266
mmu04613	12273
mmu04613	12362
mmu04613	12363
mmu04613	12725
mmu04613	12727
mmu04613	12728
mmu04613	12796
mmu04613	12946
mmu04613	13035
mmu04613	13057
mmu04613	13058
mmu04613	14129
mmu04613	14131
mmu04613	14161
mmu04613	14289
mmu04613	14290
mmu04613	14291
mmu04613	14293
mmu04613	14294
mmu04613	14723
mmu04613	15077
mmu04613	15078
mmu04613	15081
mmu04613	15139
mmu04613	15182
mmu04613	15183
mmu04613	15184
mmu04613	15185
mmu04613	15267
mmu04613	15270
mmu04613	15289
mmu04613	16399
mmu04613	16408
mmu04613	16409
mmu04613	16414
mmu04613	16415
mmu04613	16416
mmu04613	170743
mmu04613	170744
mmu04613	170787
mmu04613	17523
mmu04613	17969
mmu04613	17970
mmu04613	17972
mmu04613	18033
mmu04613	18602
mmu04613	18706
mmu04613	18707
mmu04613	18708
mmu04613	18709
mmu04613	18710
mmu04613	18750
mmu04613	18751
mmu04613	18752
mmu04613	18795
mmu04613	18796
mmu04613	18797
mmu04613	18798
mmu04613	18803
mmu04613	19094
mmu04613	19353
mmu04613	19354
mmu04613	19697
mmu04613	20344
mmu04613	20345
mmu04613	20779
mmu04613	208727
mmu04613	20963
mmu04613	21898
mmu04613	22333
mmu04613	22334
mmu04613	22335
mmu04613	22371
mmu04613	232232
mmu04613	232440
mmu04613	234779
mmu04613	236663
mmu04613	23797
mmu04613	24088
mmu04613	246256
mmu04613	260423
mmu04613	26395
mmu04613	26396
mmu04613	26409
mmu04613	26413
mmu04613	26415
mmu04613	26416
mmu04613	26417
mmu04613	26914
mmu04613	29857
mmu04613	319148
mmu04613	319149
mmu04613	319150
mmu04613	319151
mmu04613	319152
mmu04613	319153
mmu04613	319154
mmu04613	319155
mmu04613	319156
mmu04613	319157
mmu04613	319158
mmu04613	319159
mmu04613	319160
mmu04613	319161
mmu04613	319162
mmu04613	319163
mmu04613	319164
mmu04613	319165
mmu04613	319166
mmu04613	319167
mmu04613	319168
mmu04613	319169
mmu04613	319170
mmu04613	319171
mmu04613	319172
mmu04613	319173
mmu04613	319176
mmu04613	319177
mmu04613	319178
mmu04613	319179
mmu04613	319180
mmu04613	319181
mmu04613	319182
mmu04613	319183
mmu04613	319184
mmu04613	319185
mmu04613	319186
mmu04613	319187
mmu04613	319188
mmu04613	319189
mmu04613	319190
mmu04613	319191
mmu04613	319192
mmu04613	320332
mmu04613	321020
mmu04613	321021
mmu04613	326619
mmu04613	326620
mmu04613	333452
mmu04613	360198
mmu04613	382523
mmu04613	385317
mmu04613	385328
mmu04613	385454
mmu04613	404634
mmu04613	433759
mmu04613	50701
mmu04613	51788
mmu04613	547154
mmu04613	547160
mmu04613	547210
mmu04613	56233
mmu04613	56644
mmu04613	56717
mmu04613	621893
mmu04613	624153
mmu04613	624957
mmu04613	625328
mmu04613	64008
mmu04613	665433
mmu04613	665596
mmu04613	665622
mmu04613	667250
mmu04613	68024
mmu04613	68231
mmu04613	69146
mmu04613	69382
mmu04613	69386
mmu04613	69389
mmu04613	70315
mmu04613	73333
mmu04613	74244
mmu04613	74769
mmu04613	76383
mmu04613	77605
mmu04613	78303
mmu04613	79221
mmu04613	97114
mmu04613	97122
mmu04613	97908
mmu04613	99571
mmu04620	106759
mmu04620	11651
mmu04620	11652
mmu04620	117149
mmu04620	12370
mmu04620	12475
mmu04620	12519
mmu04620	12524
mmu04620	12675
mmu04620	13038
mmu04620	14082
mmu04620	14281
mmu04620	142980
mmu04620	15945
mmu04620	15962
mmu04620	15964
mmu04620	15965
mmu04620	15967
mmu04620	15968
mmu04620	15969
mmu04620	15970
mmu04620	15972
mmu04620	15974
mmu04620	15975
mmu04620	15976
mmu04620	15977
mmu04620	16150
mmu04620	16151
mmu04620	16159
mmu04620	16160
mmu04620	16176
mmu04620	16179
mmu04620	16193
mmu04620	16476
mmu04620	16803
mmu04620	170743
mmu04620	170744
mmu04620	17087
mmu04620	17329
mmu04620	17874
mmu04620	18033
mmu04620	18035
mmu04620	18706
mmu04620	18707
mmu04620	18708
mmu04620	18709
mmu04620	18710
mmu04620	19094
mmu04620	19353
mmu04620	19697
mmu04620	19766
mmu04620	20302
mmu04620	20303
mmu04620	20304
mmu04620	20750
mmu04620	20846
mmu04620	21897
mmu04620	21898
mmu04620	21899
mmu04620	21926
mmu04620	21939
mmu04620	22031
mmu04620	22034
mmu04620	225471
mmu04620	230396
mmu04620	230398
mmu04620	23797
mmu04620	24088
mmu04620	242517
mmu04620	242519
mmu04620	26395
mmu04620	26396
mmu04620	26397
mmu04620	26398
mmu04620	26399
mmu04620	26400
mmu04620	26409
mmu04620	26410
mmu04620	26413
mmu04620	26414
mmu04620	26415
mmu04620	26416
mmu04620	26417
mmu04620	26419
mmu04620	26420
mmu04620	266632
mmu04620	27056
mmu04620	29857
mmu04620	404549
mmu04620	53791
mmu04620	54123
mmu04620	54131
mmu04620	54473
mmu04620	56066
mmu04620	56480
mmu04620	56489
mmu04620	66513
mmu04620	68652
mmu04620	74769
mmu04620	81897
mmu04621	100038927
mmu04621	100041688
mmu04621	100041759
mmu04621	100041787
mmu04621	100041811
mmu04621	100041890
mmu04621	100041895
mmu04621	100041952
mmu04621	100294660
mmu04621	100503970
mmu04621	100505096
mmu04621	100862126
mmu04621	101613
mmu04621	106025
mmu04621	106512
mmu04621	106759
mmu04621	107607
mmu04621	109333
mmu04621	116746
mmu04621	11793
mmu04621	11796
mmu04621	11797
mmu04621	11798
mmu04621	11848
mmu04621	12043
mmu04621	12048
mmu04621	12362
mmu04621	12363
mmu04621	12364
mmu04621	12370
mmu04621	12374
mmu04621	12675
mmu04621	12796
mmu04621	13030
mmu04621	13057
mmu04621	13058
mmu04621	13216
mmu04621	13218
mmu04621	13219
mmu04621	13221
mmu04621	13222
mmu04621	13223
mmu04621	13226
mmu04621	13236
mmu04621	13237
mmu04621	13238
mmu04621	13239
mmu04621	13240
mmu04621	14082
mmu04621	14468
mmu04621	14469
mmu04621	14825
mmu04621	15516
mmu04621	15519
mmu04621	15944
mmu04621	15951
mmu04621	15962
mmu04621	15964
mmu04621	15965
mmu04621	15967
mmu04621	15968
mmu04621	15969
mmu04621	15970
mmu04621	15972
mmu04621	15974
mmu04621	15975
mmu04621	15976
mmu04621	15977
mmu04621	16150
mmu04621	16151
mmu04621	16173
mmu04621	16176
mmu04621	16193
mmu04621	16391
mmu04621	16438
mmu04621	16439
mmu04621	16440
mmu04621	16451
mmu04621	16476
mmu04621	170731
mmu04621	17874
mmu04621	17940
mmu04621	17948
mmu04621	17951
mmu04621	17952
mmu04621	18033
mmu04621	18035
mmu04621	18036
mmu04621	18439
mmu04621	18753
mmu04621	18795
mmu04621	18796
mmu04621	18797
mmu04621	18798
mmu04621	19094
mmu04621	19200
mmu04621	192656
mmu04621	195046
mmu04621	19697
mmu04621	19766
mmu04621	20293
mmu04621	20296
mmu04621	20304
mmu04621	20310
mmu04621	20846
mmu04621	20847
mmu04621	210198
mmu04621	210766
mmu04621	21353
mmu04621	215999
mmu04621	216799
mmu04621	216877
mmu04621	21898
mmu04621	21926
mmu04621	21929
mmu04621	22030
mmu04621	22031
mmu04621	22033
mmu04621	22034
mmu04621	22051
mmu04621	22166
mmu04621	22333
mmu04621	22334
mmu04621	22335
mmu04621	22368
mmu04621	22627
mmu04621	228607
mmu04621	229898
mmu04621	229900
mmu04621	230396
mmu04621	230398
mmu04621	23855
mmu04621	239319
mmu04621	23960
mmu04621	23961
mmu04621	24014
mmu04621	24105
mmu04621	242517
mmu04621	242519
mmu04621	244332
mmu04621	246727
mmu04621	246728
mmu04621	246730
mmu04621	257632
mmu04621	26409
mmu04621	26413
mmu04621	26414
mmu04621	26415
mmu04621	26416
mmu04621	26417
mmu04621	26419
mmu04621	26420
mmu04621	266632
mmu04621	268749
mmu04621	268973
mmu04621	270151
mmu04621	27223
mmu04621	27358
mmu04621	28240
mmu04621	29857
mmu04621	320795
mmu04621	330122
mmu04621	332579
mmu04621	368203
mmu04621	378425
mmu04621	382000
mmu04621	382059
mmu04621	383619
mmu04621	404549
mmu04621	497114
mmu04621	503491
mmu04621	53880
mmu04621	54123
mmu04621	54131
mmu04621	54396
mmu04621	54483
mmu04621	54721
mmu04621	55932
mmu04621	55991
mmu04621	56338
mmu04621	56480
mmu04621	56486
mmu04621	56489
mmu04621	56519
mmu04621	56532
mmu04621	56551
mmu04621	57436
mmu04621	58800
mmu04621	59027
mmu04621	59079
mmu04621	59125
mmu04621	626682
mmu04621	626708
mmu04621	634825
mmu04621	637515
mmu04621	66298
mmu04621	66513
mmu04621	665927
mmu04621	665956
mmu04621	66724
mmu04621	66734
mmu04621	66824
mmu04621	67414
mmu04621	67443
mmu04621	67526
mmu04621	67653
mmu04621	67955
mmu04621	68009
mmu04621	68652
mmu04621	69146
mmu04621	69538
mmu04621	71914
mmu04621	72512
mmu04621	74006
mmu04621	77040
mmu04621	93739
mmu04622	100038882
mmu04622	110957
mmu04622	11793
mmu04622	12370
mmu04622	12675
mmu04622	13205
mmu04622	14082
mmu04622	15945
mmu04622	15962
mmu04622	15964
mmu04622	15965
mmu04622	15967
mmu04622	15968
mmu04622	15969
mmu04622	15970
mmu04622	15972
mmu04622	15974
mmu04622	15977
mmu04622	16150
mmu04622	16151
mmu04622	16159
mmu04622	16160
mmu04622	18033
mmu04622	18035
mmu04622	18036
mmu04622	19094
mmu04622	19697
mmu04622	19766
mmu04622	21353
mmu04622	217069
mmu04622	21926
mmu04622	22030
mmu04622	22031
mmu04622	22034
mmu04622	225913
mmu04622	228607
mmu04622	230073
mmu04622	230396
mmu04622	230398
mmu04622	230405
mmu04622	23988
mmu04622	241593
mmu04622	242517
mmu04622	242519
mmu04622	26401
mmu04622	26409
mmu04622	26414
mmu04622	26415
mmu04622	26416
mmu04622	26419
mmu04622	26420
mmu04622	270151
mmu04622	27215
mmu04622	29857
mmu04622	387510
mmu04622	404549
mmu04622	54123
mmu04622	54131
mmu04622	54644
mmu04622	56417
mmu04622	56480
mmu04622	56489
mmu04622	66641
mmu04622	67526
mmu04622	67664
mmu04622	71586
mmu04622	71609
mmu04622	72512
mmu04622	73174
mmu04622	74256
mmu04622	80861
mmu04623	12362
mmu04623	12367
mmu04623	12369
mmu04623	12370
mmu04623	12675
mmu04623	13423
mmu04623	14082
mmu04623	15945
mmu04623	15962
mmu04623	15964
mmu04623	15965
mmu04623	15967
mmu04623	15968
mmu04623	15969
mmu04623	15970
mmu04623	15972
mmu04623	15974
mmu04623	15977
mmu04623	16150
mmu04623	16151
mmu04623	16173
mmu04623	16176
mmu04623	16193
mmu04623	17749
mmu04623	18033
mmu04623	18035
mmu04623	18036
mmu04623	19697
mmu04623	19766
mmu04623	20016
mmu04623	20018
mmu04623	20303
mmu04623	20304
mmu04623	214763
mmu04623	216799
mmu04623	218832
mmu04623	22040
mmu04623	228607
mmu04623	230073
mmu04623	230396
mmu04623	230398
mmu04623	242517
mmu04623	242519
mmu04623	245841
mmu04623	26388
mmu04623	26939
mmu04623	383619
mmu04623	404549
mmu04623	54123
mmu04623	54131
mmu04623	54483
mmu04623	54722
mmu04623	56045
mmu04623	56417
mmu04623	56480
mmu04623	56489
mmu04623	56532
mmu04623	56629
mmu04623	58203
mmu04623	66420
mmu04623	66491
mmu04623	66824
mmu04623	67005
mmu04623	67065
mmu04623	67486
mmu04623	69146
mmu04623	69833
mmu04623	69870
mmu04623	70408
mmu04623	70428
mmu04623	72512
mmu04623	74414
mmu04623	74568
mmu04623	77125
mmu04623	78929
mmu04625	110157
mmu04625	11651
mmu04625	11652
mmu04625	11848
mmu04625	12042
mmu04625	12051
mmu04625	12313
mmu04625	12314
mmu04625	12315
mmu04625	12362
mmu04625	12370
mmu04625	12675
mmu04625	12795
mmu04625	13654
mmu04625	13655
mmu04625	14127
mmu04625	15461
mmu04625	16150
mmu04625	16151
mmu04625	16153
mmu04625	16159
mmu04625	16160
mmu04625	16176
mmu04625	16183
mmu04625	16193
mmu04625	16362
mmu04625	16391
mmu04625	16438
mmu04625	16439
mmu04625	16440
mmu04625	16476
mmu04625	16653
mmu04625	16706
mmu04625	16985
mmu04625	170776
mmu04625	170779
mmu04625	170780
mmu04625	170786
mmu04625	17164
mmu04625	17246
mmu04625	17474
mmu04625	17532
mmu04625	18018
mmu04625	18019
mmu04625	18021
mmu04625	18033
mmu04625	18034
mmu04625	18035
mmu04625	18176
mmu04625	18479
mmu04625	18706
mmu04625	18707
mmu04625	18708
mmu04625	18709
mmu04625	18710
mmu04625	18753
mmu04625	19055
mmu04625	19056
mmu04625	19057
mmu04625	19058
mmu04625	19059
mmu04625	19094
mmu04625	19225
mmu04625	19247
mmu04625	19697
mmu04625	19698
mmu04625	20130
mmu04625	20295
mmu04625	20299
mmu04625	20779
mmu04625	20846
mmu04625	20847
mmu04625	208650
mmu04625	20963
mmu04625	216799
mmu04625	21926
mmu04625	234779
mmu04625	23797
mmu04625	239114
mmu04625	240354
mmu04625	26413
mmu04625	26414
mmu04625	26415
mmu04625	26416
mmu04625	26417
mmu04625	26419
mmu04625	26420
mmu04625	29857
mmu04625	332579
mmu04625	381809
mmu04625	494124
mmu04625	53859
mmu04625	56489
mmu04625	56619
mmu04625	56620
mmu04625	56644
mmu04625	56760
mmu04625	66824
mmu04625	66922
mmu04625	67653
mmu04625	69142
mmu04625	69165
mmu04625	69632
mmu04625	69810
mmu04625	70192
mmu04625	70405
mmu04625	73181
mmu04625	74256
mmu04625	74769
mmu04625	75600
mmu04625	80796
mmu04625	83430
mmu04640	100042555
mmu04640	100504404
mmu04640	109700
mmu04640	12475
mmu04640	12478
mmu04640	12479
mmu04640	12480
mmu04640	12481
mmu04640	12482
mmu04640	12483
mmu04640	12484
mmu04640	12489
mmu04640	12490
mmu04640	12491
mmu04640	12493
mmu04640	12494
mmu04640	12500
mmu04640	12501
mmu04640	12502
mmu04640	12504
mmu04640	12505
mmu04640	12507
mmu04640	12509
mmu04640	12516
mmu04640	12525
mmu04640	12526
mmu04640	12527
mmu04640	12902
mmu04640	12946
mmu04640	12977
mmu04640	12978
mmu04640	12981
mmu04640	12982
mmu04640	12985
mmu04640	12986
mmu04640	13136
mmu04640	13137
mmu04640	13856
mmu04640	13857
mmu04640	14128
mmu04640	14129
mmu04640	14255
mmu04640	14256
mmu04640	14723
mmu04640	14724
mmu04640	14729
mmu04640	14934
mmu04640	14960
mmu04640	14961
mmu04640	14969
mmu04640	14998
mmu04640	14999
mmu04640	15000
mmu04640	15001
mmu04640	15002
mmu04640	16156
mmu04640	16157
mmu04640	16158
mmu04640	16175
mmu04640	16176
mmu04640	16177
mmu04640	16178
mmu04640	16184
mmu04640	16187
mmu04640	16188
mmu04640	16189
mmu04640	16190
mmu04640	16191
mmu04640	16192
mmu04640	16193
mmu04640	16194
mmu04640	16196
mmu04640	16197
mmu04640	16199
mmu04640	16398
mmu04640	16399
mmu04640	16400
mmu04640	16401
mmu04640	16402
mmu04640	16403
mmu04640	16409
mmu04640	16416
mmu04640	16590
mmu04640	16790
mmu04640	17311
mmu04640	17380
mmu04640	21673
mmu04640	21832
mmu04640	21926
mmu04640	22042
mmu04640	233274
mmu04640	333883
mmu04640	381091
mmu04640	54368
mmu04650	109880
mmu04650	110157
mmu04650	11836
mmu04650	12122
mmu04650	12367
mmu04650	12503
mmu04650	12506
mmu04650	12981
mmu04650	14102
mmu04650	14103
mmu04650	14127
mmu04650	14360
mmu04650	14784
mmu04650	14939
mmu04650	14964
mmu04650	14972
mmu04650	15040
mmu04650	15101
mmu04650	15170
mmu04650	15461
mmu04650	15894
mmu04650	15896
mmu04650	15962
mmu04650	15964
mmu04650	15965
mmu04650	15967
mmu04650	15968
mmu04650	15969
mmu04650	15970
mmu04650	15972
mmu04650	15974
mmu04650	15975
mmu04650	15976
mmu04650	15977
mmu04650	15978
mmu04650	15979
mmu04650	15980
mmu04650	16408
mmu04650	16414
mmu04650	16415
mmu04650	16627
mmu04650	16634
mmu04650	16635
mmu04650	16638
mmu04650	16639
mmu04650	16640
mmu04650	16641
mmu04650	16642
mmu04650	16643
mmu04650	16653
mmu04650	16797
mmu04650	16818
mmu04650	16822
mmu04650	17059
mmu04650	170758
mmu04650	17086
mmu04650	18018
mmu04650	18019
mmu04650	18106
mmu04650	18176
mmu04650	18479
mmu04650	18646
mmu04650	18706
mmu04650	18707
mmu04650	18708
mmu04650	18709
mmu04650	18710
mmu04650	18750
mmu04650	18751
mmu04650	18752
mmu04650	18803
mmu04650	19055
mmu04650	19056
mmu04650	19057
mmu04650	19058
mmu04650	19059
mmu04650	19229
mmu04650	19247
mmu04650	19353
mmu04650	19354
mmu04650	19368
mmu04650	19369
mmu04650	19370
mmu04650	20400
mmu04650	20416
mmu04650	20418
mmu04650	20662
mmu04650	20663
mmu04650	20963
mmu04650	216148
mmu04650	21926
mmu04650	21933
mmu04650	22035
mmu04650	22177
mmu04650	22324
mmu04650	22325
mmu04650	22637
mmu04650	230396
mmu04650	230398
mmu04650	234779
mmu04650	23900
mmu04650	24055
mmu04650	242517
mmu04650	242519
mmu04650	245615
mmu04650	245616
mmu04650	246256
mmu04650	26395
mmu04650	26396
mmu04650	26413
mmu04650	26417
mmu04650	26904
mmu04650	27007
mmu04650	271849
mmu04650	379043
mmu04650	404549
mmu04650	545378
mmu04650	56554
mmu04650	57257
mmu04650	74769
mmu04650	77777
mmu04657	103213
mmu04657	110809
mmu04657	116746
mmu04657	12367
mmu04657	12370
mmu04657	12608
mmu04657	12675
mmu04657	12981
mmu04657	12985
mmu04657	140806
mmu04657	14082
mmu04657	14281
mmu04657	14282
mmu04657	14283
mmu04657	14825
mmu04657	15516
mmu04657	15519
mmu04657	15568
mmu04657	15945
mmu04657	15978
mmu04657	16150
mmu04657	16151
mmu04657	16163
mmu04657	16171
mmu04657	16172
mmu04657	16176
mmu04657	16189
mmu04657	16191
mmu04657	16193
mmu04657	16476
mmu04657	16478
mmu04657	16819
mmu04657	171095
mmu04657	17386
mmu04657	17392
mmu04657	17395
mmu04657	17833
mmu04657	18033
mmu04657	18035
mmu04657	19094
mmu04657	19225
mmu04657	19697
mmu04657	20201
mmu04657	20202
mmu04657	20292
mmu04657	20293
mmu04657	20295
mmu04657	20296
mmu04657	20297
mmu04657	20306
mmu04657	20310
mmu04657	20311
mmu04657	21926
mmu04657	21929
mmu04657	22027
mmu04657	22030
mmu04657	22031
mmu04657	22032
mmu04657	22033
mmu04657	22034
mmu04657	225724
mmu04657	234836
mmu04657	239114
mmu04657	23939
mmu04657	257630
mmu04657	26409
mmu04657	26413
mmu04657	26414
mmu04657	26415
mmu04657	26416
mmu04657	26417
mmu04657	26419
mmu04657	26420
mmu04657	27358
mmu04657	29857
mmu04657	30940
mmu04657	330122
mmu04657	332110
mmu04657	50772
mmu04657	50905
mmu04657	56069
mmu04657	56480
mmu04657	56489
mmu04657	56519
mmu04657	56637
mmu04657	57890
mmu04657	59008
mmu04657	66724
mmu04657	68652
mmu04657	71609
mmu04657	74180
mmu04657	83995
mmu04657	83996
mmu04658	100504404
mmu04658	103806
mmu04658	12399
mmu04658	12500
mmu04658	12501
mmu04658	12502
mmu04658	12503
mmu04658	12504
mmu04658	12675
mmu04658	13388
mmu04658	13389
mmu04658	14281
mmu04658	14462
mmu04658	14960
mmu04658	14961
mmu04658	14969
mmu04658	14998
mmu04658	14999
mmu04658	15000
mmu04658	15001
mmu04658	15002
mmu04658	15978
mmu04658	15979
mmu04658	15980
mmu04658	16150
mmu04658	16151
mmu04658	16159
mmu04658	16160
mmu04658	16161
mmu04658	16162
mmu04658	16163
mmu04658	16183
mmu04658	16184
mmu04658	16185
mmu04658	16186
mmu04658	16189
mmu04658	16190
mmu04658	16191
mmu04658	16449
mmu04658	16450
mmu04658	16451
mmu04658	16452
mmu04658	16453
mmu04658	16476
mmu04658	16797
mmu04658	16818
mmu04658	17132
mmu04658	18018
mmu04658	18019
mmu04658	18021
mmu04658	18033
mmu04658	18035
mmu04658	18036
mmu04658	18037
mmu04658	18128
mmu04658	18129
mmu04658	18131
mmu04658	18761
mmu04658	18803
mmu04658	19055
mmu04658	19056
mmu04658	19057
mmu04658	19058
mmu04658	19059
mmu04658	19094
mmu04658	19664
mmu04658	19668
mmu04658	19697
mmu04658	20846
mmu04658	20849
mmu04658	20850
mmu04658	20851
mmu04658	20852
mmu04658	22637
mmu04658	26413
mmu04658	26414
mmu04658	26415
mmu04658	26416
mmu04658	26417
mmu04658	26419
mmu04658	26420
mmu04658	270118
mmu04658	29857
mmu04658	381091
mmu04658	433586
mmu04658	54485
mmu04658	54721
mmu04658	57765
mmu04659	100504404
mmu04659	11622
mmu04659	116849
mmu04659	12394
mmu04659	12500
mmu04659	12501
mmu04659	12502
mmu04659	12503
mmu04659	12504
mmu04659	12675
mmu04659	14281
mmu04659	14462
mmu04659	14960
mmu04659	14961
mmu04659	14969
mmu04659	14998
mmu04659	14999
mmu04659	15000
mmu04659	15001
mmu04659	15002
mmu04659	15251
mmu04659	15516
mmu04659	15519
mmu04659	15978
mmu04659	15979
mmu04659	15980
mmu04659	16150
mmu04659	16151
mmu04659	16161
mmu04659	16171
mmu04659	16176
mmu04659	16177
mmu04659	16180
mmu04659	16183
mmu04659	16184
mmu04659	16185
mmu04659	16186
mmu04659	16189
mmu04659	16190
mmu04659	16193
mmu04659	16194
mmu04659	16195
mmu04659	16364
mmu04659	16451
mmu04659	16452
mmu04659	16453
mmu04659	16476
mmu04659	16797
mmu04659	16818
mmu04659	17126
mmu04659	17127
mmu04659	17128
mmu04659	18018
mmu04659	18019
mmu04659	18021
mmu04659	18033
mmu04659	18035
mmu04659	18036
mmu04659	18037
mmu04659	18761
mmu04659	18803
mmu04659	19055
mmu04659	19056
mmu04659	19057
mmu04659	19058
mmu04659	19059
mmu04659	19094
mmu04659	19401
mmu04659	19697
mmu04659	19883
mmu04659	19885
mmu04659	20181
mmu04659	20182
mmu04659	20183
mmu04659	20371
mmu04659	20846
mmu04659	20848
mmu04659	20850
mmu04659	20851
mmu04659	20852
mmu04659	209590
mmu04659	21803
mmu04659	21812
mmu04659	21813
mmu04659	22637
mmu04659	246779
mmu04659	257630
mmu04659	26413
mmu04659	26414
mmu04659	26415
mmu04659	26416
mmu04659	26417
mmu04659	26419
mmu04659	26420
mmu04659	29857
mmu04659	381091
mmu04659	50498
mmu04659	50929
mmu04659	50931
mmu04659	54721
mmu04659	56717
mmu04659	57765
mmu04659	60504
mmu04659	60505
mmu04659	83430
mmu04660	108723
mmu04660	110157
mmu04660	11651
mmu04660	11652
mmu04660	11848
mmu04660	12042
mmu04660	12477
mmu04660	12487
mmu04660	12500
mmu04660	12501
mmu04660	12502
mmu04660	12503
mmu04660	12504
mmu04660	12525
mmu04660	12526
mmu04660	12540
mmu04660	12567
mmu04660	12675
mmu04660	12981
mmu04660	13383
mmu04660	14281
mmu04660	14360
mmu04660	14784
mmu04660	15170
mmu04660	15461
mmu04660	15978
mmu04660	16150
mmu04660	16151
mmu04660	16153
mmu04660	16183
mmu04660	16189
mmu04660	16191
mmu04660	16428
mmu04660	16476
mmu04660	16653
mmu04660	16797
mmu04660	16818
mmu04660	16822
mmu04660	17444
mmu04660	17973
mmu04660	17974
mmu04660	18018
mmu04660	18019
mmu04660	18021
mmu04660	18033
mmu04660	18035
mmu04660	18036
mmu04660	18037
mmu04660	18176
mmu04660	18479
mmu04660	18481
mmu04660	18566
mmu04660	18607
mmu04660	18706
mmu04660	18707
mmu04660	18708
mmu04660	18709
mmu04660	18710
mmu04660	18761
mmu04660	18803
mmu04660	19055
mmu04660	19056
mmu04660	19057
mmu04660	19058
mmu04660	19059
mmu04660	19094
mmu04660	19264
mmu04660	19419
mmu04660	19697
mmu04660	20662
mmu04660	20663
mmu04660	208650
mmu04660	214230
mmu04660	21682
mmu04660	21926
mmu04660	21947
mmu04660	22324
mmu04660	22325
mmu04660	224105
mmu04660	22637
mmu04660	23797
mmu04660	240354
mmu04660	241656
mmu04660	26395
mmu04660	26396
mmu04660	26400
mmu04660	26409
mmu04660	26410
mmu04660	26413
mmu04660	26414
mmu04660	26415
mmu04660	26416
mmu04660	26417
mmu04660	26419
mmu04660	26420
mmu04660	29857
mmu04660	53859
mmu04660	54167
mmu04660	56637
mmu04660	57257
mmu04660	67653
mmu04660	70584
mmu04660	74769
mmu04662	100038909
mmu04662	100041146
mmu04662	108723
mmu04662	110157
mmu04662	11651
mmu04662	11652
mmu04662	12042
mmu04662	12143
mmu04662	12229
mmu04662	12478
mmu04662	12483
mmu04662	12517
mmu04662	12518
mmu04662	12520
mmu04662	12675
mmu04662	12902
mmu04662	14130
mmu04662	14281
mmu04662	14728
mmu04662	14784
mmu04662	15170
mmu04662	15461
mmu04662	15985
mmu04662	16150
mmu04662	16151
mmu04662	16331
mmu04662	16332
mmu04662	16476
mmu04662	16653
mmu04662	17060
mmu04662	170758
mmu04662	17096
mmu04662	18018
mmu04662	18019
mmu04662	18021
mmu04662	18033
mmu04662	18035
mmu04662	18036
mmu04662	18037
mmu04662	18176
mmu04662	18706
mmu04662	18707
mmu04662	18708
mmu04662	18709
mmu04662	18710
mmu04662	18722
mmu04662	18724
mmu04662	18725
mmu04662	18726
mmu04662	18727
mmu04662	18729
mmu04662	18730
mmu04662	18733
mmu04662	18751
mmu04662	19055
mmu04662	19056
mmu04662	19057
mmu04662	19058
mmu04662	19059
mmu04662	19353
mmu04662	19354
mmu04662	19697
mmu04662	20662
mmu04662	20663
mmu04662	20963
mmu04662	22324
mmu04662	22325
mmu04662	232801
mmu04662	234779
mmu04662	23797
mmu04662	240168
mmu04662	240354
mmu04662	242248
mmu04662	26377
mmu04662	26395
mmu04662	26396
mmu04662	26413
mmu04662	26417
mmu04662	56637
mmu04662	57257
mmu04662	68713
mmu04662	74769
mmu04662	83490
mmu04664	110157
mmu04664	11651
mmu04664	11652
mmu04664	11689
mmu04664	11690
mmu04664	12229
mmu04664	12981
mmu04664	14125
mmu04664	14126
mmu04664	14127
mmu04664	14360
mmu04664	14389
mmu04664	14784
mmu04664	15461
mmu04664	16163
mmu04664	16187
mmu04664	16189
mmu04664	16191
mmu04664	16331
mmu04664	16653
mmu04664	16797
mmu04664	16822
mmu04664	170758
mmu04664	17096
mmu04664	18176
mmu04664	18607
mmu04664	18706
mmu04664	18707
mmu04664	18708
mmu04664	18709
mmu04664	18710
mmu04664	18750
mmu04664	18783
mmu04664	18803
mmu04664	19094
mmu04664	19353
mmu04664	19354
mmu04664	20662
mmu04664	20663
mmu04664	20963
mmu04664	211429
mmu04664	21926
mmu04664	22324
mmu04664	22325
mmu04664	232889
mmu04664	234779
mmu04664	23797
mmu04664	26395
mmu04664	26396
mmu04664	26397
mmu04664	26398
mmu04664	26399
mmu04664	26400
mmu04664	26413
mmu04664	26414
mmu04664	26415
mmu04664	26416
mmu04664	26417
mmu04664	26419
mmu04664	26420
mmu04664	271844
mmu04664	29857
mmu04664	329502
mmu04664	57257
mmu04664	74769
mmu04664	78390
mmu04666	110157
mmu04666	11651
mmu04666	11652
mmu04666	11845
mmu04666	11867
mmu04666	12540
mmu04666	12631
mmu04666	12632
mmu04666	12928
mmu04666	12929
mmu04666	13196
mmu04666	13430
mmu04666	14129
mmu04666	14130
mmu04666	14131
mmu04666	14389
mmu04666	15162
mmu04666	16331
mmu04666	16332
mmu04666	16797
mmu04666	16885
mmu04666	16886
mmu04666	17096
mmu04666	17118
mmu04666	17357
mmu04666	17909
mmu04666	17969
mmu04666	18479
mmu04666	18706
mmu04666	18707
mmu04666	18708
mmu04666	18709
mmu04666	18710
mmu04666	18717
mmu04666	18719
mmu04666	18720
mmu04666	18750
mmu04666	18751
mmu04666	18752
mmu04666	18753
mmu04666	18754
mmu04666	18783
mmu04666	18803
mmu04666	18805
mmu04666	18806
mmu04666	19012
mmu04666	19264
mmu04666	19353
mmu04666	19354
mmu04666	20259
mmu04666	20698
mmu04666	20963
mmu04666	211429
mmu04666	211914
mmu04666	218038
mmu04666	22323
mmu04666	22324
mmu04666	22325
mmu04666	22376
mmu04666	227753
mmu04666	230837
mmu04666	232889
mmu04666	234779
mmu04666	23797
mmu04666	242687
mmu04666	242894
mmu04666	245880
mmu04666	246256
mmu04666	26395
mmu04666	26413
mmu04666	26417
mmu04666	271844
mmu04666	30948
mmu04666	329502
mmu04666	330662
mmu04666	50784
mmu04666	53357
mmu04666	56378
mmu04666	56443
mmu04666	56632
mmu04666	57257
mmu04666	58988
mmu04666	66713
mmu04666	67771
mmu04666	67916
mmu04666	68089
mmu04666	72508
mmu04666	74117
mmu04666	74192
mmu04666	74769
mmu04666	76709
mmu04666	78390
mmu04666	83767
mmu04670	100039801
mmu04670	100042785
mmu04670	109711
mmu04670	109905
mmu04670	114141
mmu04670	11461
mmu04670	11465
mmu04670	11848
mmu04670	11855
mmu04670	12385
mmu04670	12386
mmu04670	12387
mmu04670	12388
mmu04670	12540
mmu04670	12562
mmu04670	12737
mmu04670	12738
mmu04670	12739
mmu04670	12740
mmu04670	12741
mmu04670	12767
mmu04670	12927
mmu04670	13057
mmu04670	13058
mmu04670	14083
mmu04670	14677
mmu04670	14678
mmu04670	14679
mmu04670	15894
mmu04670	16401
mmu04670	16408
mmu04670	16409
mmu04670	16412
mmu04670	16414
mmu04670	16415
mmu04670	16428
mmu04670	16456
mmu04670	171486
mmu04670	17356
mmu04670	17390
mmu04670	17395
mmu04670	17698
mmu04670	17898
mmu04670	17906
mmu04670	17907
mmu04670	17969
mmu04670	17970
mmu04670	17972
mmu04670	18260
mmu04670	18417
mmu04670	18613
mmu04670	18706
mmu04670	18707
mmu04670	18708
mmu04670	18709
mmu04670	18710
mmu04670	18750
mmu04670	18751
mmu04670	18752
mmu04670	18803
mmu04670	19094
mmu04670	19229
mmu04670	19247
mmu04670	19303
mmu04670	19353
mmu04670	19354
mmu04670	19877
mmu04670	19878
mmu04670	20315
mmu04670	20469
mmu04670	215449
mmu04670	216033
mmu04670	21838
mmu04670	22165
mmu04670	22323
mmu04670	22324
mmu04670	22325
mmu04670	22329
mmu04670	22330
mmu04670	22350
mmu04670	223864
mmu04670	232906
mmu04670	234779
mmu04670	239931
mmu04670	242653
mmu04670	26415
mmu04670	26416
mmu04670	29857
mmu04670	53624
mmu04670	54354
mmu04670	54419
mmu04670	54420
mmu04670	56173
mmu04670	56492
mmu04670	56508
mmu04670	56863
mmu04670	57255
mmu04670	57257
mmu04670	58187
mmu04670	59310
mmu04670	60363
mmu04670	60595
mmu04670	621628
mmu04670	628893
mmu04670	67268
mmu04670	673094
mmu04670	67374
mmu04670	67653
mmu04670	67938
mmu04670	69524
mmu04670	71908
mmu04670	73934
mmu04670	74734
mmu04670	74769
mmu04670	74987
mmu04670	75677
mmu04670	83964
mmu04670	98932
mmu04672	100504404
mmu04672	11628
mmu04672	12487
mmu04672	12519
mmu04672	12524
mmu04672	12767
mmu04672	12769
mmu04672	12777
mmu04672	14960
mmu04672	14961
mmu04672	14969
mmu04672	14998
mmu04672	14999
mmu04672	15000
mmu04672	15001
mmu04672	15002
mmu04672	16153
mmu04672	16168
mmu04672	16169
mmu04672	16183
mmu04672	16189
mmu04672	16191
mmu04672	16193
mmu04672	16401
mmu04672	16421
mmu04672	17000
mmu04672	17123
mmu04672	18703
mmu04672	20300
mmu04672	20315
mmu04672	21803
mmu04672	21935
mmu04672	21939
mmu04672	21947
mmu04672	24099
mmu04672	381091
mmu04672	50723
mmu04672	53859
mmu04672	54167
mmu04672	56838
mmu04672	57916
mmu04672	69583
mmu04672	72049
