mmu00010	103988
mmu00010	106557
mmu00010	110695
mmu00010	11522
mmu00010	11529
mmu00010	11532
mmu00010	115487111
mmu00010	11669
mmu00010	11670
mmu00010	11671
mmu00010	11674
mmu00010	11676
mmu00010	12183
mmu00010	13382
mmu00010	13806
mmu00010	13807
mmu00010	13808
mmu00010	14120
mmu00010	14121
mmu00010	14377
mmu00010	14378
mmu00010	14433
mmu00010	14447
mmu00010	14751
mmu00010	15275
mmu00010	15277
mmu00010	16828
mmu00010	16832
mmu00010	16833
mmu00010	17330
mmu00010	18534
mmu00010	18597
mmu00010	18598
mmu00010	18641
mmu00010	18642
mmu00010	18648
mmu00010	18655
mmu00010	18663
mmu00010	18746
mmu00010	18770
mmu00010	212032
mmu00010	216019
mmu00010	21991
mmu00010	226265
mmu00010	230163
mmu00010	235339
mmu00010	26876
mmu00010	319625
mmu00010	353204
mmu00010	433182
mmu00010	56012
mmu00010	56421
mmu00010	56752
mmu00010	58810
mmu00010	60525
mmu00010	621603
mmu00010	66681
mmu00010	67689
mmu00010	68263
mmu00010	68401
mmu00010	68738
mmu00010	72141
mmu00010	72157
mmu00010	72535
mmu00010	73458
mmu00010	74551
mmu00010	79459
mmu00020	104112
mmu00020	11428
mmu00020	11429
mmu00020	12974
mmu00020	13382
mmu00020	14194
mmu00020	15926
mmu00020	15929
mmu00020	170718
mmu00020	17448
mmu00020	17449
mmu00020	18293
mmu00020	18534
mmu00020	18563
mmu00020	18597
mmu00020	18598
mmu00020	20916
mmu00020	20917
mmu00020	235339
mmu00020	239017
mmu00020	243996
mmu00020	269951
mmu00020	56451
mmu00020	66052
mmu00020	66925
mmu00020	66945
mmu00020	67680
mmu00020	67834
mmu00020	68263
mmu00020	71832
mmu00020	74551
mmu00020	78920
mmu00030	100198
mmu00030	110208
mmu00030	110639
mmu00030	11674
mmu00030	11676
mmu00030	14120
mmu00030	14121
mmu00030	14380
mmu00030	14381
mmu00030	14751
mmu00030	18641
mmu00030	18642
mmu00030	19139
mmu00030	19733
mmu00030	19895
mmu00030	21351
mmu00030	21881
mmu00030	230163
mmu00030	232449
mmu00030	235582
mmu00030	328099
mmu00030	353204
mmu00030	56421
mmu00030	66171
mmu00030	66646
mmu00030	66681
mmu00030	71336
mmu00030	72157
mmu00030	74419
mmu00030	75456
mmu00030	75731
mmu00030	79459
mmu00030	83553
mmu00040	100559
mmu00040	100727
mmu00040	102448
mmu00040	110006
mmu00040	112417
mmu00040	11677
mmu00040	11997
mmu00040	14187
mmu00040	16591
mmu00040	20322
mmu00040	216558
mmu00040	22235
mmu00040	22236
mmu00040	22238
mmu00040	231396
mmu00040	243085
mmu00040	394430
mmu00040	394432
mmu00040	394433
mmu00040	394434
mmu00040	394435
mmu00040	394436
mmu00040	552899
mmu00040	58810
mmu00040	613123
mmu00040	66646
mmu00040	67861
mmu00040	67880
mmu00040	68631
mmu00040	71755
mmu00040	71773
mmu00040	72094
mmu00040	75578
mmu00040	75847
mmu00040	94215
mmu00040	94284
mmu00051	110119
mmu00051	11674
mmu00051	11676
mmu00051	11677
mmu00051	11997
mmu00051	14120
mmu00051	14121
mmu00051	14187
mmu00051	15275
mmu00051	15277
mmu00051	16548
mmu00051	170768
mmu00051	18639
mmu00051	18640
mmu00051	18641
mmu00051	18642
mmu00051	20322
mmu00051	212032
mmu00051	216019
mmu00051	218138
mmu00051	21991
mmu00051	22122
mmu00051	225913
mmu00051	230163
mmu00051	234730
mmu00051	270198
mmu00051	29858
mmu00051	319801
mmu00051	331026
mmu00051	353204
mmu00051	54128
mmu00051	56421
mmu00051	67861
mmu00051	69080
mmu00051	75540
mmu00051	79459
mmu00052	103988
mmu00052	11605
mmu00052	11677
mmu00052	11997
mmu00052	12091
mmu00052	14187
mmu00052	14377
mmu00052	14378
mmu00052	14387
mmu00052	14430
mmu00052	14595
mmu00052	14635
mmu00052	15275
mmu00052	15277
mmu00052	16770
mmu00052	18641
mmu00052	18642
mmu00052	212032
mmu00052	216019
mmu00052	216558
mmu00052	226413
mmu00052	232714
mmu00052	319625
mmu00052	53418
mmu00052	56421
mmu00052	66681
mmu00052	67861
mmu00052	68401
mmu00052	69983
mmu00052	72157
mmu00052	74246
mmu00052	76051
mmu00053	100559
mmu00053	100727
mmu00053	110006
mmu00053	110695
mmu00053	112417
mmu00053	11669
mmu00053	11671
mmu00053	16591
mmu00053	19733
mmu00053	22235
mmu00053	22236
mmu00053	22238
mmu00053	231396
mmu00053	243085
mmu00053	268756
mmu00053	394430
mmu00053	394432
mmu00053	394433
mmu00053	394434
mmu00053	394435
mmu00053	394436
mmu00053	552899
mmu00053	56727
mmu00053	56752
mmu00053	58810
mmu00053	613123
mmu00053	71773
mmu00053	72094
mmu00053	72535
mmu00053	94215
mmu00053	94284
mmu00061	100705
mmu00061	107476
mmu00061	109729085
mmu00061	14081
mmu00061	14104
mmu00061	14979
mmu00061	216739
mmu00061	223722
mmu00061	234309
mmu00061	257633
mmu00061	26922
mmu00061	328845
mmu00061	433256
mmu00061	50790
mmu00061	71147
mmu00061	74205
mmu00061	78625
mmu00061	94180
mmu00061	99035
mmu00062	106529
mmu00062	12686
mmu00062	15107
mmu00062	170439
mmu00062	171210
mmu00062	171281
mmu00062	171282
mmu00062	19063
mmu00062	217698
mmu00062	231086
mmu00062	26897
mmu00062	26922
mmu00062	30963
mmu00062	52538
mmu00062	54325
mmu00062	54326
mmu00062	54397
mmu00062	56348
mmu00062	57874
mmu00062	66198
mmu00062	66775
mmu00062	68801
mmu00062	70025
mmu00062	70757
mmu00062	74559
mmu00062	75778
mmu00062	83603
mmu00062	93747
mmu00062	97212
mmu00071	100040843
mmu00071	110446
mmu00071	110460
mmu00071	110695
mmu00071	11363
mmu00071	11364
mmu00071	11370
mmu00071	113868
mmu00071	11409
mmu00071	11430
mmu00071	11522
mmu00071	11529
mmu00071	11532
mmu00071	11669
mmu00071	11671
mmu00071	12894
mmu00071	12895
mmu00071	12896
mmu00071	13117
mmu00071	13118
mmu00071	13119
mmu00071	13177
mmu00071	14081
mmu00071	15107
mmu00071	216739
mmu00071	224530
mmu00071	230639
mmu00071	231086
mmu00071	235674
mmu00071	23986
mmu00071	26876
mmu00071	270076
mmu00071	277753
mmu00071	328845
mmu00071	433256
mmu00071	435802
mmu00071	50790
mmu00071	52538
mmu00071	56752
mmu00071	666168
mmu00071	66885
mmu00071	69123
mmu00071	71519
mmu00071	72535
mmu00071	74147
mmu00071	74205
mmu00071	78070
mmu00071	78625
mmu00071	80911
mmu00071	93747
mmu00071	94180
mmu00071	97212
mmu00100	12613
mmu00100	13081
mmu00100	13115
mmu00100	13121
mmu00100	13360
mmu00100	13595
mmu00100	14137
mmu00100	15490
mmu00100	16889
mmu00100	16987
mmu00100	18194
mmu00100	20652
mmu00100	20775
mmu00100	223920
mmu00100	235293
mmu00100	244209
mmu00100	66234
mmu00100	73166
mmu00100	74754
mmu00100	98386
mmu00120	101502
mmu00120	104086
mmu00120	12012
mmu00120	12642
mmu00120	13116
mmu00120	13122
mmu00120	13123
mmu00120	13124
mmu00120	15488
mmu00120	170789
mmu00120	17117
mmu00120	20280
mmu00120	208665
mmu00120	209186
mmu00120	230161
mmu00120	26459
mmu00120	56050
mmu00120	93732
mmu00140	100041375
mmu00140	100043456
mmu00140	100043461
mmu00140	100559
mmu00140	100727
mmu00140	105349
mmu00140	107141
mmu00140	110115
mmu00140	112417
mmu00140	114664
mmu00140	12846
mmu00140	13070
mmu00140	13072
mmu00140	13074
mmu00140	13075
mmu00140	13076
mmu00140	13077
mmu00140	13078
mmu00140	13079
mmu00140	13088
mmu00140	13089
mmu00140	13090
mmu00140	13094
mmu00140	13095
mmu00140	13096
mmu00140	13097
mmu00140	13098
mmu00140	13099
mmu00140	13101
mmu00140	13105
mmu00140	13106
mmu00140	13112
mmu00140	13113
mmu00140	13114
mmu00140	13122
mmu00140	13123
mmu00140	14979
mmu00140	15483
mmu00140	15484
mmu00140	15485
mmu00140	15486
mmu00140	15487
mmu00140	15490
mmu00140	15492
mmu00140	15493
mmu00140	15494
mmu00140	15495
mmu00140	15496
mmu00140	15497
mmu00140	192970
mmu00140	20860
mmu00140	208665
mmu00140	20905
mmu00140	22236
mmu00140	22238
mmu00140	223706
mmu00140	226105
mmu00140	226143
mmu00140	231396
mmu00140	243085
mmu00140	243881
mmu00140	27400
mmu00140	337924
mmu00140	380997
mmu00140	394430
mmu00140	394432
mmu00140	394433
mmu00140	394434
mmu00140	394435
mmu00140	394436
mmu00140	404195
mmu00140	433247
mmu00140	53973
mmu00140	54200
mmu00140	545123
mmu00140	552899
mmu00140	56348
mmu00140	56388
mmu00140	56448
mmu00140	57357
mmu00140	613123
mmu00140	69888
mmu00140	71754
mmu00140	71773
mmu00140	72082
mmu00140	72094
mmu00140	72303
mmu00140	76279
mmu00140	78925
mmu00140	791260
mmu00140	94215
mmu00140	94224
mmu00140	94284
mmu00190	100041273
mmu00190	100042503
mmu00190	104130
mmu00190	108664
mmu00190	110323
mmu00190	110935
mmu00190	114143
mmu00190	11944
mmu00190	11945
mmu00190	11946
mmu00190	11947
mmu00190	11949
mmu00190	11950
mmu00190	11951
mmu00190	11957
mmu00190	11958
mmu00190	11964
mmu00190	11966
mmu00190	11972
mmu00190	11973
mmu00190	11974
mmu00190	11975
mmu00190	11984
mmu00190	12856
mmu00190	12857
mmu00190	12858
mmu00190	12859
mmu00190	12861
mmu00190	12862
mmu00190	12864
mmu00190	12865
mmu00190	12866
mmu00190	12867
mmu00190	12868
mmu00190	12869
mmu00190	13063
mmu00190	13067
mmu00190	140494
mmu00190	17705
mmu00190	17706
mmu00190	17708
mmu00190	17709
mmu00190	17710
mmu00190	17711
mmu00190	17716
mmu00190	17717
mmu00190	17718
mmu00190	17719
mmu00190	17720
mmu00190	17721
mmu00190	17722
mmu00190	17991
mmu00190	17992
mmu00190	17993
mmu00190	17995
mmu00190	192113
mmu00190	20463
mmu00190	21871
mmu00190	22272
mmu00190	22273
mmu00190	225887
mmu00190	226139
mmu00190	226646
mmu00190	227197
mmu00190	228033
mmu00190	230075
mmu00190	242341
mmu00190	27060
mmu00190	27425
mmu00190	28080
mmu00190	333182
mmu00190	338375
mmu00190	407785
mmu00190	407790
mmu00190	54405
mmu00190	54411
mmu00190	57423
mmu00190	595136
mmu00190	66043
mmu00190	66046
mmu00190	66052
mmu00190	66091
mmu00190	66108
mmu00190	66142
mmu00190	66144
mmu00190	66152
mmu00190	66218
mmu00190	66237
mmu00190	66290
mmu00190	66335
mmu00190	66377
mmu00190	66414
mmu00190	66416
mmu00190	66445
mmu00190	66495
mmu00190	66576
mmu00190	66594
mmu00190	66694
mmu00190	66916
mmu00190	66925
mmu00190	66945
mmu00190	67003
mmu00190	67126
mmu00190	67130
mmu00190	67184
mmu00190	67264
mmu00190	67273
mmu00190	67530
mmu00190	67680
mmu00190	67895
mmu00190	67942
mmu00190	68194
mmu00190	68197
mmu00190	68198
mmu00190	68202
mmu00190	68342
mmu00190	68349
mmu00190	68375
mmu00190	68775
mmu00190	69802
mmu00190	69875
mmu00190	70316
mmu00190	70383
mmu00190	71679
mmu00190	72900
mmu00190	73834
mmu00190	74776
mmu00190	74915
mmu00190	75406
mmu00190	75483
mmu00190	76252
mmu00190	76429
mmu00190	78174
mmu00190	78330
mmu00190	84682
mmu00220	108682
mmu00220	109652
mmu00220	109900
mmu00220	11846
mmu00220	11847
mmu00220	11898
mmu00220	14645
mmu00220	14660
mmu00220	14661
mmu00220	14718
mmu00220	14719
mmu00220	18125
mmu00220	18126
mmu00220	18127
mmu00220	18416
mmu00220	216456
mmu00220	217214
mmu00220	227231
mmu00220	76282
mmu00220	76615
mmu00250	100328588
mmu00250	100470
mmu00250	108653
mmu00250	108682
mmu00250	109900
mmu00250	11484
mmu00250	11564
mmu00250	11565
mmu00250	11566
mmu00250	11611
mmu00250	11898
mmu00250	14204
mmu00250	14415
mmu00250	14417
mmu00250	14583
mmu00250	14584
mmu00250	14645
mmu00250	14660
mmu00250	14661
mmu00250	14718
mmu00250	14719
mmu00250	194237
mmu00250	212647
mmu00250	214579
mmu00250	216456
mmu00250	227231
mmu00250	231327
mmu00250	268782
mmu00250	268860
mmu00250	269642
mmu00250	27053
mmu00250	52633
mmu00250	53320
mmu00250	66514
mmu00250	69719
mmu00250	70503
mmu00250	73988
mmu00250	76282
mmu00250	76615
mmu00260	100678
mmu00260	104174
mmu00260	107272
mmu00260	107869
mmu00260	108037
mmu00260	109731
mmu00260	110695
mmu00260	11611
mmu00260	11655
mmu00260	11656
mmu00260	11754
mmu00260	12116
mmu00260	12183
mmu00260	12411
mmu00260	13142
mmu00260	13382
mmu00260	14431
mmu00260	14711
mmu00260	17161
mmu00260	18648
mmu00260	19193
mmu00260	192166
mmu00260	20425
mmu00260	218865
mmu00260	231691
mmu00260	235582
mmu00260	236539
mmu00260	237940
mmu00260	257635
mmu00260	268782
mmu00260	26912
mmu00260	27364
mmu00260	434437
mmu00260	56012
mmu00260	58865
mmu00260	67092
mmu00260	68133
mmu00260	71776
mmu00260	74129
mmu00260	76238
mmu00270	100041585
mmu00270	100328588
mmu00270	100470
mmu00270	104923
mmu00270	106557
mmu00270	107272
mmu00270	107869
mmu00270	108645
mmu00270	11615
mmu00270	11702
mmu00270	11720
mmu00270	12035
mmu00270	12036
mmu00270	12116
mmu00270	12411
mmu00270	12583
mmu00270	13433
mmu00270	13435
mmu00270	13436
mmu00270	14204
mmu00270	14629
mmu00270	14630
mmu00270	14718
mmu00270	14719
mmu00270	14854
mmu00270	16828
mmu00270	16832
mmu00270	16833
mmu00270	17448
mmu00270	17449
mmu00270	20603
mmu00270	20810
mmu00270	210808
mmu00270	22117
mmu00270	229709
mmu00270	229905
mmu00270	231691
mmu00270	232087
mmu00270	234724
mmu00270	236539
mmu00270	238505
mmu00270	246221
mmu00270	257635
mmu00270	268782
mmu00270	269378
mmu00270	56369
mmu00270	64918
mmu00270	66902
mmu00270	67870
mmu00270	67873
mmu00270	70266
mmu00270	73988
mmu00270	74340
mmu00270	76615
mmu00280	100328588
mmu00280	100470
mmu00280	104776
mmu00280	110446
mmu00280	110460
mmu00280	110695
mmu00280	110821
mmu00280	11364
mmu00280	113868
mmu00280	11409
mmu00280	11669
mmu00280	11671
mmu00280	11761
mmu00280	11992
mmu00280	12035
mmu00280	12036
mmu00280	12039
mmu00280	12040
mmu00280	13171
mmu00280	13382
mmu00280	14204
mmu00280	15107
mmu00280	15108
mmu00280	15356
mmu00280	15360
mmu00280	17850
mmu00280	208715
mmu00280	208982
mmu00280	213043
mmu00280	224530
mmu00280	227095
mmu00280	231086
mmu00280	235674
mmu00280	257633
mmu00280	268782
mmu00280	268860
mmu00280	353371
mmu00280	52538
mmu00280	56357
mmu00280	56752
mmu00280	58875
mmu00280	64059
mmu00280	66885
mmu00280	66904
mmu00280	66948
mmu00280	67041
mmu00280	71724
mmu00280	71872
mmu00280	72039
mmu00280	72535
mmu00280	73724
mmu00280	73988
mmu00280	74147
mmu00280	78038
mmu00280	78894
mmu00280	93747
mmu00280	97212
mmu00290	12035
mmu00290	12036
mmu00290	231691
mmu00290	257635
mmu00310	107303348
mmu00310	107823
mmu00310	110147
mmu00310	110446
mmu00310	110460
mmu00310	110593
mmu00310	110695
mmu00310	11669
mmu00310	11671
mmu00310	12180
mmu00310	13382
mmu00310	14013
mmu00310	14055
mmu00310	14056
mmu00310	15107
mmu00310	170442
mmu00310	18193
mmu00310	18822
mmu00310	19193
mmu00310	192195
mmu00310	192289
mmu00310	208043
mmu00310	208266
mmu00310	20937
mmu00310	209692
mmu00310	213389
mmu00310	214162
mmu00310	224530
mmu00310	225518
mmu00310	225888
mmu00310	226830
mmu00310	231051
mmu00310	232811
mmu00310	233904
mmu00310	234135
mmu00310	234407
mmu00310	235386
mmu00310	235626
mmu00310	239122
mmu00310	23923
mmu00310	26432
mmu00310	26433
mmu00310	269132
mmu00310	270076
mmu00310	30956
mmu00310	381022
mmu00310	56752
mmu00310	64707
mmu00310	67956
mmu00310	69188
mmu00310	69726
mmu00310	70673
mmu00310	72535
mmu00310	72947
mmu00310	73251
mmu00310	73582
mmu00310	74147
mmu00310	74729
mmu00310	75410
mmu00310	77683
mmu00310	78920
mmu00310	84505
mmu00310	93747
mmu00310	97212
mmu00330	100041585
mmu00330	107239
mmu00330	109731
mmu00330	110695
mmu00330	11669
mmu00330	11671
mmu00330	11702
mmu00330	11846
mmu00330	11847
mmu00330	12709
mmu00330	12715
mmu00330	12716
mmu00330	13142
mmu00330	14431
mmu00330	14718
mmu00330	14719
mmu00330	17161
mmu00330	18125
mmu00330	18126
mmu00330	18127
mmu00330	18242
mmu00330	18263
mmu00330	18451
mmu00330	18452
mmu00330	19125
mmu00330	20229
mmu00330	20603
mmu00330	20810
mmu00330	209027
mmu00330	212647
mmu00330	228608
mmu00330	242669
mmu00330	243376
mmu00330	243377
mmu00330	320452
mmu00330	332942
mmu00330	338403
mmu00330	56189
mmu00330	56454
mmu00330	56752
mmu00330	66054
mmu00330	66194
mmu00330	66988
mmu00330	67092
mmu00330	67217
mmu00330	67432
mmu00330	69051
mmu00330	69215
mmu00330	69761
mmu00330	72535
mmu00330	75986
mmu00330	76507
mmu00330	76615
mmu00330	76722
mmu00340	107239
mmu00340	109731
mmu00340	110695
mmu00340	11484
mmu00340	11669
mmu00340	11670
mmu00340	11671
mmu00340	140483
mmu00340	14317
mmu00340	15109
mmu00340	15186
mmu00340	17161
mmu00340	243376
mmu00340	243377
mmu00340	243537
mmu00340	338403
mmu00340	56752
mmu00340	621603
mmu00340	66054
mmu00340	67383
mmu00340	67689
mmu00340	69761
mmu00340	71761
mmu00340	72535
mmu00340	73458
mmu00340	76507
mmu00350	100328588
mmu00350	100470
mmu00350	109731
mmu00350	11522
mmu00350	11529
mmu00350	11532
mmu00350	11670
mmu00350	11754
mmu00350	11761
mmu00350	12846
mmu00350	13166
mmu00350	13190
mmu00350	13195
mmu00350	14085
mmu00350	14204
mmu00350	14718
mmu00350	14719
mmu00350	14874
mmu00350	15233
mmu00350	15445
mmu00350	17161
mmu00350	17319
mmu00350	18948
mmu00350	213043
mmu00350	21823
mmu00350	22018
mmu00350	22173
mmu00350	22178
mmu00350	234724
mmu00350	237940
mmu00350	26876
mmu00350	621603
mmu00350	67689
mmu00350	68636
mmu00350	71724
mmu00350	71872
mmu00350	73458
mmu00350	73988
mmu00350	76615
mmu00350	791260
mmu00360	100328588
mmu00360	100470
mmu00360	109731
mmu00360	11670
mmu00360	11754
mmu00360	13195
mmu00360	14204
mmu00360	14718
mmu00360	14719
mmu00360	15445
mmu00360	17161
mmu00360	17319
mmu00360	18478
mmu00360	234724
mmu00360	237940
mmu00360	240549
mmu00360	621603
mmu00360	67689
mmu00360	73458
mmu00360	73988
mmu00360	76615
mmu00380	100328588
mmu00380	100470
mmu00380	107626
mmu00380	107766
mmu00380	109731
mmu00380	110446
mmu00380	110460
mmu00380	110695
mmu00380	11298
mmu00380	11669
mmu00380	11671
mmu00380	11761
mmu00380	12359
mmu00380	13076
mmu00380	13077
mmu00380	13078
mmu00380	13195
mmu00380	13382
mmu00380	14204
mmu00380	15107
mmu00380	15930
mmu00380	17161
mmu00380	209176
mmu00380	209692
mmu00380	213043
mmu00380	216343
mmu00380	21743
mmu00380	21990
mmu00380	224530
mmu00380	229905
mmu00380	237320
mmu00380	23923
mmu00380	243376
mmu00380	243377
mmu00380	266645
mmu00380	270076
mmu00380	56720
mmu00380	56752
mmu00380	69761
mmu00380	70266
mmu00380	70789
mmu00380	71562
mmu00380	71724
mmu00380	71872
mmu00380	72535
mmu00380	73988
mmu00380	74147
mmu00380	76507
mmu00380	78920
mmu00380	93747
mmu00380	97212
mmu00380	98256
mmu00400	100328588
mmu00400	100470
mmu00400	14204
mmu00400	14718
mmu00400	14719
mmu00400	18478
mmu00400	234724
mmu00400	73988
mmu00400	76615
mmu00410	103149
mmu00410	104776
mmu00410	107239
mmu00410	110695
mmu00410	11409
mmu00410	11430
mmu00410	11669
mmu00410	11670
mmu00410	11671
mmu00410	11754
mmu00410	14415
mmu00410	14417
mmu00410	227095
mmu00410	228608
mmu00410	237940
mmu00410	246277
mmu00410	268860
mmu00410	338403
mmu00410	56690
mmu00410	56752
mmu00410	621603
mmu00410	64705
mmu00410	66054
mmu00410	67689
mmu00410	72535
mmu00410	73458
mmu00410	73748
mmu00410	74147
mmu00410	80911
mmu00410	93747
mmu00410	97212
mmu00410	99586
mmu00430	12012
mmu00430	12583
mmu00430	14261
mmu00430	14262
mmu00430	14263
mmu00430	14415
mmu00430	14417
mmu00430	14598
mmu00430	207182
mmu00430	209186
mmu00430	211488
mmu00430	226564
mmu00430	226565
mmu00430	226601
mmu00430	226604
mmu00430	230161
mmu00430	23887
mmu00430	240894
mmu00430	246277
mmu00430	55990
mmu00430	71522
mmu00430	73748
mmu00440	13026
mmu00440	212862
mmu00440	236899
mmu00440	28042
mmu00440	68671
mmu00440	99712
mmu00450	107869
mmu00450	109079
mmu00450	20768
mmu00450	211006
mmu00450	212679
mmu00450	214580
mmu00450	216443
mmu00450	21743
mmu00450	229905
mmu00450	232223
mmu00450	238505
mmu00450	23971
mmu00450	23972
mmu00450	26462
mmu00450	50493
mmu00450	50880
mmu00450	70266
mmu00470	13142
mmu00470	14660
mmu00470	216456
mmu00470	217830
mmu00470	27364
mmu00470	70503
mmu00480	100042295
mmu00480	100042314
mmu00480	100043497
mmu00480	100504710
mmu00480	103140
mmu00480	110175
mmu00480	110208
mmu00480	11758
mmu00480	14380
mmu00480	14381
mmu00480	14598
mmu00480	14629
mmu00480	14630
mmu00480	14768
mmu00480	14775
mmu00480	14776
mmu00480	14778
mmu00480	14780
mmu00480	14782
mmu00480	14854
mmu00480	14857
mmu00480	14858
mmu00480	14859
mmu00480	14860
mmu00480	14862
mmu00480	14863
mmu00480	14864
mmu00480	14865
mmu00480	14866
mmu00480	14867
mmu00480	14869
mmu00480	14870
mmu00480	14871
mmu00480	14872
mmu00480	14873
mmu00480	15926
mmu00480	16790
mmu00480	18263
mmu00480	20133
mmu00480	20135
mmu00480	20603
mmu00480	207182
mmu00480	20810
mmu00480	211666
mmu00480	225884
mmu00480	23887
mmu00480	269951
mmu00480	320769
mmu00480	332942
mmu00480	382985
mmu00480	54486
mmu00480	56615
mmu00480	625249
mmu00480	66073
mmu00480	66116
mmu00480	66447
mmu00480	66988
mmu00480	67305
mmu00480	68044
mmu00480	68214
mmu00480	68312
mmu00480	68396
mmu00480	69049
mmu00480	69065
mmu00480	69590
mmu00480	71522
mmu00480	75475
mmu00480	75512
mmu00480	75886
mmu00480	76263
mmu00480	93673
mmu00480	93674
mmu00500	100043684
mmu00500	100043686
mmu00500	100043688
mmu00500	103988
mmu00500	109959
mmu00500	110078
mmu00500	110095
mmu00500	11722
mmu00500	14377
mmu00500	14378
mmu00500	14387
mmu00500	14751
mmu00500	14936
mmu00500	15275
mmu00500	15277
mmu00500	18605
mmu00500	19309
mmu00500	209558
mmu00500	212032
mmu00500	216019
mmu00500	216558
mmu00500	232493
mmu00500	232714
mmu00500	27357
mmu00500	545562
mmu00500	58866
mmu00500	66681
mmu00500	68401
mmu00500	69983
mmu00500	70974
mmu00500	72157
mmu00500	74185
mmu00500	76051
mmu00500	77559
mmu00510	102580
mmu00510	103534
mmu00510	103963
mmu00510	107895
mmu00510	13135
mmu00510	13200
mmu00510	13478
mmu00510	13480
mmu00510	13481
mmu00510	140481
mmu00510	14376
mmu00510	14595
mmu00510	16430
mmu00510	17155
mmu00510	17156
mmu00510	17158
mmu00510	17308
mmu00510	17309
mmu00510	20014
mmu00510	20440
mmu00510	207958
mmu00510	208211
mmu00510	208624
mmu00510	217664
mmu00510	223774
mmu00510	227619
mmu00510	227697
mmu00510	230815
mmu00510	240119
mmu00510	268510
mmu00510	269181
mmu00510	320302
mmu00510	320438
mmu00510	380959
mmu00510	381903
mmu00510	53418
mmu00510	53618
mmu00510	56737
mmu00510	57170
mmu00510	57357
mmu00510	57370
mmu00510	57377
mmu00510	66248
mmu00510	66789
mmu00510	67555
mmu00510	67569
mmu00510	67574
mmu00510	68292
mmu00510	68563
mmu00510	80286
mmu00511	110173
mmu00511	11593
mmu00511	12091
mmu00511	14466
mmu00511	15211
mmu00511	15212
mmu00511	17159
mmu00511	17160
mmu00511	18010
mmu00511	217364
mmu00511	230101
mmu00511	238023
mmu00511	23956
mmu00511	241159
mmu00511	50877
mmu00511	66848
mmu00511	71665
mmu00511	73744
mmu00512	108148
mmu00512	108150
mmu00512	108760
mmu00512	14423
mmu00512	14425
mmu00512	14426
mmu00512	14537
mmu00512	171212
mmu00512	20442
mmu00512	20444
mmu00512	20445
mmu00512	20446
mmu00512	20447
mmu00512	20448
mmu00512	207839
mmu00512	212996
mmu00512	218476
mmu00512	230145
mmu00512	231050
mmu00512	233733
mmu00512	241391
mmu00512	270049
mmu00512	271786
mmu00512	272411
mmu00512	56336
mmu00512	59048
mmu00512	67909
mmu00512	71685
mmu00512	72077
mmu00512	72297
mmu00512	78754
mmu00512	94192
mmu00513	102580
mmu00513	103534
mmu00513	103963
mmu00513	13135
mmu00513	13200
mmu00513	140481
mmu00513	14595
mmu00513	15211
mmu00513	15212
mmu00513	16430
mmu00513	17155
mmu00513	17156
mmu00513	17158
mmu00513	17308
mmu00513	20014
mmu00513	20441
mmu00513	207958
mmu00513	208211
mmu00513	208624
mmu00513	217664
mmu00513	223774
mmu00513	227619
mmu00513	230815
mmu00513	238023
mmu00513	269181
mmu00513	320302
mmu00513	330406
mmu00513	330671
mmu00513	53418
mmu00513	53618
mmu00513	56737
mmu00513	57370
mmu00513	66789
mmu00513	67555
mmu00513	67569
mmu00513	67574
mmu00513	68292
mmu00513	68947
mmu00513	71367
mmu00513	80286
mmu00514	101351
mmu00514	108148
mmu00514	108150
mmu00514	108155
mmu00514	108760
mmu00514	140484
mmu00514	14423
mmu00514	14425
mmu00514	14426
mmu00514	14595
mmu00514	16848
mmu00514	171212
mmu00514	17305
mmu00514	19719
mmu00514	20440
mmu00514	20441
mmu00514	207839
mmu00514	212996
mmu00514	217734
mmu00514	223827
mmu00514	224143
mmu00514	230145
mmu00514	231050
mmu00514	232313
mmu00514	233733
mmu00514	234407
mmu00514	240119
mmu00514	241391
mmu00514	26433
mmu00514	268880
mmu00514	269132
mmu00514	270049
mmu00514	271786
mmu00514	381694
mmu00514	53418
mmu00514	57370
mmu00514	59048
mmu00514	67909
mmu00514	71685
mmu00514	78754
mmu00514	80294
mmu00514	94192
mmu00514	99011
mmu00515	108902
mmu00515	14345
mmu00515	14348
mmu00515	14595
mmu00515	16795
mmu00515	20441
mmu00515	215494
mmu00515	216395
mmu00515	217734
mmu00515	228366
mmu00515	243853
mmu00515	246179
mmu00515	268510
mmu00515	280645
mmu00515	53418
mmu00515	57370
mmu00515	68273
mmu00515	74653
mmu00515	75847
mmu00515	76898
mmu00515	97884
mmu00515	98388
mmu00515	99011
mmu00520	103988
mmu00520	107652
mmu00520	109754
mmu00520	109785
mmu00520	110119
mmu00520	12763
mmu00520	12764
mmu00520	14430
mmu00520	14583
mmu00520	14584
mmu00520	14635
mmu00520	14751
mmu00520	15211
mmu00520	15212
mmu00520	15275
mmu00520	15277
mmu00520	19703
mmu00520	212032
mmu00520	216019
mmu00520	216558
mmu00520	218138
mmu00520	22122
mmu00520	22235
mmu00520	227620
mmu00520	229688
mmu00520	230582
mmu00520	234730
mmu00520	245847
mmu00520	26384
mmu00520	266690
mmu00520	29858
mmu00520	320635
mmu00520	331026
mmu00520	50798
mmu00520	54128
mmu00520	54342
mmu00520	56174
mmu00520	66681
mmu00520	67311
mmu00520	67883
mmu00520	67980
mmu00520	69080
mmu00520	69976
mmu00520	71884
mmu00520	72017
mmu00520	72157
mmu00520	74091
mmu00520	74246
mmu00520	75540
mmu00520	81600
mmu00520	94181
mmu00531	109685
mmu00531	110006
mmu00531	11881
mmu00531	12091
mmu00531	15211
mmu00531	15212
mmu00531	15442
mmu00531	15586
mmu00531	15587
mmu00531	15931
mmu00531	15932
mmu00531	20690
mmu00531	27029
mmu00531	27419
mmu00531	50917
mmu00531	52120
mmu00531	545291
mmu00531	74409
mmu00531	74468
mmu00531	75612
mmu00531	77042
mmu00532	100910
mmu00532	117592
mmu00532	212898
mmu00532	217119
mmu00532	218271
mmu00532	233781
mmu00532	234356
mmu00532	269941
mmu00532	319901
mmu00532	338362
mmu00532	53374
mmu00532	58250
mmu00532	59031
mmu00532	60322
mmu00532	71797
mmu00532	72136
mmu00532	72727
mmu00532	74241
mmu00532	77590
mmu00532	78752
mmu00532	78923
mmu00533	14595
mmu00533	20441
mmu00533	20442
mmu00533	20444
mmu00533	227327
mmu00533	26887
mmu00533	53418
mmu00533	53618
mmu00533	53625
mmu00533	54371
mmu00533	56375
mmu00533	56773
mmu00533	57370
mmu00533	76969
mmu00534	117592
mmu00534	14042
mmu00534	14043
mmu00534	15476
mmu00534	15478
mmu00534	15531
mmu00534	17423
mmu00534	195646
mmu00534	217119
mmu00534	218271
mmu00534	233781
mmu00534	23908
mmu00534	319415
mmu00534	50785
mmu00534	50786
mmu00534	50787
mmu00534	54616
mmu00534	54710
mmu00534	56219
mmu00534	58193
mmu00534	64580
mmu00534	72727
mmu00534	83398
mmu00534	93683
mmu00561	102247
mmu00561	104418
mmu00561	110197
mmu00561	110524
mmu00561	110695
mmu00561	11605
mmu00561	11669
mmu00561	11671
mmu00561	11677
mmu00561	116939
mmu00561	11997
mmu00561	12613
mmu00561	13139
mmu00561	13350
mmu00561	14187
mmu00561	14245
mmu00561	14625
mmu00561	14626
mmu00561	14732
mmu00561	14933
mmu00561	15450
mmu00561	16891
mmu00561	16956
mmu00561	18946
mmu00561	18947
mmu00561	19012
mmu00561	193742
mmu00561	215456
mmu00561	217480
mmu00561	218121
mmu00561	225010
mmu00561	225913
mmu00561	227333
mmu00561	231510
mmu00561	233549
mmu00561	235582
mmu00561	23945
mmu00561	28169
mmu00561	320127
mmu00561	331374
mmu00561	380921
mmu00561	381925
mmu00561	50784
mmu00561	52123
mmu00561	55979
mmu00561	56077
mmu00561	56752
mmu00561	58810
mmu00561	64898
mmu00561	64899
mmu00561	66853
mmu00561	67216
mmu00561	67512
mmu00561	67717
mmu00561	67800
mmu00561	67861
mmu00561	67916
mmu00561	68262
mmu00561	68393
mmu00561	69060
mmu00561	69923
mmu00561	71910
mmu00561	72535
mmu00562	101490
mmu00562	103199
mmu00562	104015
mmu00562	104776
mmu00562	107650
mmu00562	108083
mmu00562	114663
mmu00562	114875
mmu00562	117150
mmu00562	16329
mmu00562	16330
mmu00562	16331
mmu00562	16332
mmu00562	170749
mmu00562	170835
mmu00562	17330
mmu00562	17772
mmu00562	18704
mmu00562	18705
mmu00562	18706
mmu00562	18707
mmu00562	18711
mmu00562	18717
mmu00562	18718
mmu00562	18719
mmu00562	18720
mmu00562	18795
mmu00562	18796
mmu00562	18797
mmu00562	18798
mmu00562	18799
mmu00562	18802
mmu00562	18803
mmu00562	19062
mmu00562	19211
mmu00562	20975
mmu00562	212111
mmu00562	217837
mmu00562	219135
mmu00562	21991
mmu00562	224020
mmu00562	225326
mmu00562	227733
mmu00562	228550
mmu00562	233011
mmu00562	234515
mmu00562	234779
mmu00562	240752
mmu00562	269180
mmu00562	269437
mmu00562	269615
mmu00562	30955
mmu00562	320404
mmu00562	320634
mmu00562	52858
mmu00562	53332
mmu00562	54384
mmu00562	55980
mmu00562	56727
mmu00562	64436
mmu00562	67073
mmu00562	69718
mmu00562	71780
mmu00562	72469
mmu00562	74055
mmu00562	74302
mmu00562	74769
mmu00562	75678
mmu00562	77116
mmu00562	83493
mmu00562	84095
mmu00562	97287
mmu00563	110417
mmu00563	13481
mmu00563	14731
mmu00563	14755
mmu00563	14756
mmu00563	18700
mmu00563	18701
mmu00563	225651
mmu00563	228812
mmu00563	230801
mmu00563	239827
mmu00563	241062
mmu00563	27392
mmu00563	276846
mmu00563	327942
mmu00563	329777
mmu00563	433931
mmu00563	55981
mmu00563	56176
mmu00563	56703
mmu00563	66268
mmu00563	67292
mmu00563	67556
mmu00563	70325
mmu00563	72084
mmu00563	78928
mmu00564	102247
mmu00564	104418
mmu00564	104759
mmu00564	110197
mmu00564	110524
mmu00564	110911
mmu00564	11423
mmu00564	12647
mmu00564	12651
mmu00564	12660
mmu00564	13026
mmu00564	13139
mmu00564	14245
mmu00564	14555
mmu00564	14571
mmu00564	14712
mmu00564	14732
mmu00564	14792
mmu00564	16816
mmu00564	18618
mmu00564	18777
mmu00564	18778
mmu00564	18780
mmu00564	18781
mmu00564	18782
mmu00564	18783
mmu00564	18784
mmu00564	18805
mmu00564	18806
mmu00564	18807
mmu00564	19012
mmu00564	19210
mmu00564	192654
mmu00564	210992
mmu00564	211429
mmu00564	212862
mmu00564	214253
mmu00564	215456
mmu00564	217480
mmu00564	218121
mmu00564	225010
mmu00564	225845
mmu00564	226856
mmu00564	227333
mmu00564	231510
mmu00564	232889
mmu00564	236899
mmu00564	237625
mmu00564	237928
mmu00564	241274
mmu00564	26394
mmu00564	26565
mmu00564	26970
mmu00564	26971
mmu00564	270084
mmu00564	271844
mmu00564	27388
mmu00564	28042
mmu00564	28169
mmu00564	320127
mmu00564	320951
mmu00564	329502
mmu00564	331374
mmu00564	333433
mmu00564	380921
mmu00564	381925
mmu00564	50767
mmu00564	50784
mmu00564	52123
mmu00564	52858
mmu00564	53357
mmu00564	55979
mmu00564	56077
mmu00564	64898
mmu00564	64899
mmu00564	66350
mmu00564	66358
mmu00564	665270
mmu00564	66586
mmu00564	66826
mmu00564	67216
mmu00564	67512
mmu00564	67916
mmu00564	68262
mmu00564	68671
mmu00564	69836
mmu00564	70902
mmu00564	71760
mmu00564	71910
mmu00564	74182
mmu00564	74451
mmu00564	74596
mmu00564	75320
mmu00564	77582
mmu00564	78390
mmu00564	85031
mmu00564	99010
mmu00564	99712
mmu00565	100163
mmu00565	104759
mmu00565	18472
mmu00565	18475
mmu00565	18476
mmu00565	18606
mmu00565	18778
mmu00565	18780
mmu00565	18781
mmu00565	18782
mmu00565	18783
mmu00565	18784
mmu00565	18805
mmu00565	18806
mmu00565	18807
mmu00565	19012
mmu00565	210992
mmu00565	211429
mmu00565	212862
mmu00565	22239
mmu00565	225845
mmu00565	228061
mmu00565	232889
mmu00565	237625
mmu00565	26565
mmu00565	26970
mmu00565	26971
mmu00565	270084
mmu00565	271844
mmu00565	27226
mmu00565	28042
mmu00565	320981
mmu00565	329502
mmu00565	407243
mmu00565	50784
mmu00565	53357
mmu00565	53897
mmu00565	66350
mmu00565	665270
mmu00565	66569
mmu00565	67916
mmu00565	68255
mmu00565	68616
mmu00565	69836
mmu00565	70902
mmu00565	78390
mmu00565	99010
mmu00565	99712
mmu00590	100040843
mmu00590	100066
mmu00590	107141
mmu00590	109857
mmu00590	11684
mmu00590	11685
mmu00590	11686
mmu00590	11687
mmu00590	11688
mmu00590	11689
mmu00590	12408
mmu00590	12409
mmu00590	13088
mmu00590	13089
mmu00590	13090
mmu00590	13094
mmu00590	13095
mmu00590	13096
mmu00590	13097
mmu00590	13098
mmu00590	13099
mmu00590	13106
mmu00590	13109
mmu00590	13110
mmu00590	13117
mmu00590	13118
mmu00590	13119
mmu00590	13850
mmu00590	14598
mmu00590	15446
mmu00590	16993
mmu00590	17001
mmu00590	18778
mmu00590	18780
mmu00590	18781
mmu00590	18782
mmu00590	18783
mmu00590	18784
mmu00590	19215
mmu00590	19223
mmu00590	19224
mmu00590	19225
mmu00590	211429
mmu00590	21391
mmu00590	225791
mmu00590	225845
mmu00590	226105
mmu00590	226143
mmu00590	230459
mmu00590	230639
mmu00590	232889
mmu00590	237625
mmu00590	23801
mmu00590	23887
mmu00590	242546
mmu00590	243881
mmu00590	26565
mmu00590	26970
mmu00590	26971
mmu00590	271844
mmu00590	277753
mmu00590	329502
mmu00590	404195
mmu00590	433247
mmu00590	435802
mmu00590	53357
mmu00590	54486
mmu00590	56351
mmu00590	625249
mmu00590	64292
mmu00590	66350
mmu00590	66469
mmu00590	665095
mmu00590	665270
mmu00590	666168
mmu00590	67103
mmu00590	69836
mmu00590	69888
mmu00590	71519
mmu00590	72082
mmu00590	72303
mmu00590	74519
mmu00590	77219
mmu00590	78390
mmu00590	96979
mmu00591	100041375
mmu00591	100066
mmu00591	107141
mmu00591	11687
mmu00591	13077
mmu00591	13095
mmu00591	13096
mmu00591	13097
mmu00591	13098
mmu00591	13099
mmu00591	13106
mmu00591	13109
mmu00591	13110
mmu00591	13112
mmu00591	13113
mmu00591	13114
mmu00591	18778
mmu00591	18780
mmu00591	18781
mmu00591	18782
mmu00591	18783
mmu00591	18784
mmu00591	211429
mmu00591	225845
mmu00591	226105
mmu00591	226143
mmu00591	230459
mmu00591	232889
mmu00591	237625
mmu00591	242546
mmu00591	26565
mmu00591	26970
mmu00591	26971
mmu00591	271844
mmu00591	329502
mmu00591	337924
mmu00591	404195
mmu00591	433247
mmu00591	53357
mmu00591	53973
mmu00591	56388
mmu00591	66350
mmu00591	665095
mmu00591	665270
mmu00591	69836
mmu00591	69888
mmu00591	72082
mmu00591	72303
mmu00591	74519
mmu00591	78390
mmu00592	113868
mmu00592	11430
mmu00592	18778
mmu00592	18780
mmu00592	18781
mmu00592	18782
mmu00592	18783
mmu00592	18784
mmu00592	211429
mmu00592	225845
mmu00592	232889
mmu00592	235674
mmu00592	237625
mmu00592	26565
mmu00592	26970
mmu00592	26971
mmu00592	271844
mmu00592	329502
mmu00592	53357
mmu00592	56473
mmu00592	66350
mmu00592	665270
mmu00592	69836
mmu00592	78390
mmu00592	80911
mmu00600	11605
mmu00600	11883
mmu00600	11886
mmu00600	12091
mmu00600	13244
mmu00600	14420
mmu00600	14421
mmu00600	14466
mmu00600	15211
mmu00600	15212
mmu00600	171168
mmu00600	18010
mmu00600	19012
mmu00600	19156
mmu00600	20397
mmu00600	20597
mmu00600	20598
mmu00600	20698
mmu00600	20773
mmu00600	208449
mmu00600	22234
mmu00600	22239
mmu00600	223753
mmu00600	228677
mmu00600	230101
mmu00600	230379
mmu00600	238011
mmu00600	23956
mmu00600	241159
mmu00600	241447
mmu00600	268656
mmu00600	433323
mmu00600	50784
mmu00600	50877
mmu00600	53897
mmu00600	54447
mmu00600	545975
mmu00600	56336
mmu00600	56386
mmu00600	56632
mmu00600	58994
mmu00600	619326
mmu00600	66190
mmu00600	67260
mmu00600	67916
mmu00600	70059
mmu00600	70750
mmu00600	71949
mmu00600	74442
mmu00600	76893
mmu00600	76943
mmu00600	77626
mmu00600	81535
mmu00600	93898
mmu00601	108105
mmu00601	14343
mmu00601	14344
mmu00601	14345
mmu00601	14347
mmu00601	14348
mmu00601	14538
mmu00601	14594
mmu00601	14595
mmu00601	20441
mmu00601	20443
mmu00601	20449
mmu00601	231727
mmu00601	239559
mmu00601	26877
mmu00601	26878
mmu00601	26879
mmu00601	53418
mmu00601	53625
mmu00601	54613
mmu00601	56375
mmu00601	56546
mmu00601	57370
mmu00601	72297
mmu00601	80908
mmu00601	93961
mmu00603	11605
mmu00603	14343
mmu00603	14344
mmu00603	14348
mmu00603	15211
mmu00603	15212
mmu00603	17939
mmu00603	20442
mmu00603	20444
mmu00603	20449
mmu00603	215493
mmu00603	227671
mmu00603	239559
mmu00603	26879
mmu00603	56546
mmu00603	93961
mmu00604	11416
mmu00604	12091
mmu00604	14421
mmu00604	15211
mmu00604	15212
mmu00604	20442
mmu00604	20444
mmu00604	20447
mmu00604	20448
mmu00604	20449
mmu00604	20454
mmu00604	225742
mmu00604	26938
mmu00604	50935
mmu00604	54218
mmu00620	100705
mmu00620	106557
mmu00620	107029
mmu00620	107476
mmu00620	109264
mmu00620	109801
mmu00620	110446
mmu00620	110460
mmu00620	110695
mmu00620	11522
mmu00620	11529
mmu00620	11532
mmu00620	11669
mmu00620	11671
mmu00620	13382
mmu00620	14194
mmu00620	14651
mmu00620	16828
mmu00620	16832
mmu00620	16833
mmu00620	17436
mmu00620	17448
mmu00620	17449
mmu00620	18534
mmu00620	18563
mmu00620	18597
mmu00620	18598
mmu00620	18746
mmu00620	18770
mmu00620	224530
mmu00620	235339
mmu00620	26876
mmu00620	52815
mmu00620	56752
mmu00620	58810
mmu00620	60525
mmu00620	66204
mmu00620	68263
mmu00620	68738
mmu00620	72535
mmu00620	74156
mmu00620	74551
mmu00620	75572
mmu00620	76238
mmu00630	104174
mmu00630	108037
mmu00630	110446
mmu00630	110460
mmu00630	110821
mmu00630	11428
mmu00630	11429
mmu00630	11611
mmu00630	12359
mmu00630	12974
mmu00630	13382
mmu00630	14645
mmu00630	15112
mmu00630	17448
mmu00630	17449
mmu00630	17850
mmu00630	20425
mmu00630	224530
mmu00630	235582
mmu00630	434437
mmu00630	56185
mmu00630	60525
mmu00630	66904
mmu00630	67078
mmu00630	67432
mmu00630	68133
mmu00630	68180
mmu00630	68738
mmu00630	71562
mmu00630	71832
mmu00630	73724
mmu00630	76238
mmu00640	100705
mmu00640	104776
mmu00640	106557
mmu00640	107476
mmu00640	110821
mmu00640	11409
mmu00640	11430
mmu00640	12039
mmu00640	12040
mmu00640	13171
mmu00640	13382
mmu00640	16828
mmu00640	16832
mmu00640	16833
mmu00640	17850
mmu00640	20916
mmu00640	20917
mmu00640	227095
mmu00640	268860
mmu00640	380660
mmu00640	52665
mmu00640	56451
mmu00640	56690
mmu00640	60525
mmu00640	66904
mmu00640	68738
mmu00640	73724
mmu00640	74147
mmu00640	80911
mmu00640	93747
mmu00640	97212
mmu00650	110446
mmu00650	110460
mmu00650	11409
mmu00650	117147
mmu00650	14415
mmu00650	14417
mmu00650	15107
mmu00650	15356
mmu00650	15360
mmu00650	20216
mmu00650	208715
mmu00650	208982
mmu00650	214579
mmu00650	217666
mmu00650	224530
mmu00650	233799
mmu00650	233801
mmu00650	268860
mmu00650	272428
mmu00650	353371
mmu00650	64059
mmu00650	67041
mmu00650	71911
mmu00650	74147
mmu00650	78894
mmu00650	93747
mmu00650	97212
mmu00910	12319
mmu00910	12346
mmu00910	12349
mmu00910	12350
mmu00910	12351
mmu00910	12352
mmu00910	12353
mmu00910	12354
mmu00910	14645
mmu00910	14661
mmu00910	227231
mmu00910	230099
mmu00910	23831
mmu00910	56078
mmu00910	71934
mmu00910	76459
mmu00910	80733
mmu00920	20341
mmu00920	20342
mmu00920	211389
mmu00920	22117
mmu00920	23827
mmu00920	23971
mmu00920	23972
mmu00920	242291
mmu00920	246221
mmu00920	59010
mmu00920	66071
mmu01040	106529
mmu01040	113868
mmu01040	11430
mmu01040	12012
mmu01040	12686
mmu01040	15488
mmu01040	170439
mmu01040	171210
mmu01040	171281
mmu01040	171282
mmu01040	20249
mmu01040	20250
mmu01040	20280
mmu01040	209186
mmu01040	217698
mmu01040	230161
mmu01040	235674
mmu01040	26897
mmu01040	30049
mmu01040	30963
mmu01040	329065
mmu01040	54325
mmu01040	54326
mmu01040	56348
mmu01040	56473
mmu01040	57874
mmu01040	66775
mmu01040	68801
mmu01040	70025
mmu01040	70757
mmu01040	74559
mmu01040	76267
mmu01040	80911
mmu01040	83603
mmu01200	100198
mmu01200	100678
mmu01200	103988
mmu01200	104174
mmu01200	104776
mmu01200	107029
mmu01200	107272
mmu01200	108037
mmu01200	108682
mmu01200	109264
mmu01200	110208
mmu01200	110446
mmu01200	110460
mmu01200	110639
mmu01200	110821
mmu01200	11409
mmu01200	11428
mmu01200	11429
mmu01200	11430
mmu01200	11532
mmu01200	115487111
mmu01200	11611
mmu01200	11674
mmu01200	11676
mmu01200	12359
mmu01200	12974
mmu01200	13382
mmu01200	13806
mmu01200	13807
mmu01200	13808
mmu01200	13885
mmu01200	14120
mmu01200	14121
mmu01200	14194
mmu01200	14380
mmu01200	14381
mmu01200	14433
mmu01200	14661
mmu01200	14718
mmu01200	14719
mmu01200	14751
mmu01200	15112
mmu01200	15275
mmu01200	15277
mmu01200	15926
mmu01200	15929
mmu01200	170718
mmu01200	17436
mmu01200	17448
mmu01200	17449
mmu01200	17850
mmu01200	18293
mmu01200	18563
mmu01200	18597
mmu01200	18598
mmu01200	18641
mmu01200	18642
mmu01200	18648
mmu01200	18655
mmu01200	18663
mmu01200	18746
mmu01200	18770
mmu01200	19139
mmu01200	19733
mmu01200	19895
mmu01200	20425
mmu01200	20916
mmu01200	20917
mmu01200	212032
mmu01200	21351
mmu01200	216019
mmu01200	21881
mmu01200	21991
mmu01200	224530
mmu01200	225913
mmu01200	226265
mmu01200	227095
mmu01200	227231
mmu01200	230163
mmu01200	231691
mmu01200	235339
mmu01200	235582
mmu01200	236539
mmu01200	239017
mmu01200	243996
mmu01200	257635
mmu01200	269951
mmu01200	328099
mmu01200	353204
mmu01200	433182
mmu01200	434437
mmu01200	56012
mmu01200	56185
mmu01200	56421
mmu01200	56451
mmu01200	60525
mmu01200	66052
mmu01200	66171
mmu01200	66646
mmu01200	66904
mmu01200	66925
mmu01200	66945
mmu01200	67078
mmu01200	67680
mmu01200	67834
mmu01200	68133
mmu01200	68263
mmu01200	68738
mmu01200	71832
mmu01200	72141
mmu01200	73724
mmu01200	74419
mmu01200	75456
mmu01200	75731
mmu01200	76282
mmu01200	76615
mmu01200	78920
mmu01200	79459
mmu01200	80911
mmu01200	83553
mmu01200	93747
mmu01210	108682
mmu01210	109652
mmu01210	11428
mmu01210	11429
mmu01210	12035
mmu01210	12036
mmu01210	12974
mmu01210	14718
mmu01210	14719
mmu01210	15926
mmu01210	15929
mmu01210	170718
mmu01210	217214
mmu01210	23923
mmu01210	243996
mmu01210	269951
mmu01210	67834
mmu01210	71832
mmu01210	76282
mmu01210	76615
mmu01212	106529
mmu01212	107476
mmu01212	109729085
mmu01212	110446
mmu01212	110460
mmu01212	11363
mmu01212	11364
mmu01212	11370
mmu01212	113868
mmu01212	11409
mmu01212	11430
mmu01212	12686
mmu01212	12894
mmu01212	12895
mmu01212	12896
mmu01212	14081
mmu01212	14104
mmu01212	14979
mmu01212	15107
mmu01212	15488
mmu01212	170439
mmu01212	19063
mmu01212	20249
mmu01212	20250
mmu01212	20280
mmu01212	216739
mmu01212	223722
mmu01212	224530
mmu01212	231086
mmu01212	234309
mmu01212	235674
mmu01212	257633
mmu01212	26922
mmu01212	30049
mmu01212	30963
mmu01212	328845
mmu01212	329065
mmu01212	433256
mmu01212	50790
mmu01212	52538
mmu01212	54325
mmu01212	54326
mmu01212	54397
mmu01212	56348
mmu01212	56473
mmu01212	57874
mmu01212	66775
mmu01212	66885
mmu01212	68801
mmu01212	70757
mmu01212	71147
mmu01212	74147
mmu01212	74205
mmu01212	74559
mmu01212	76267
mmu01212	78070
mmu01212	78625
mmu01212	80911
mmu01212	83603
mmu01212	93747
mmu01212	94180
mmu01212	97212
mmu01230	100678
mmu01230	107272
mmu01230	107869
mmu01230	108037
mmu01230	108645
mmu01230	108682
mmu01230	109652
mmu01230	109900
mmu01230	110639
mmu01230	11428
mmu01230	11429
mmu01230	115487111
mmu01230	11674
mmu01230	11676
mmu01230	11720
mmu01230	11846
mmu01230	11847
mmu01230	11898
mmu01230	12035
mmu01230	12036
mmu01230	12411
mmu01230	12974
mmu01230	13806
mmu01230	13807
mmu01230	13808
mmu01230	14433
mmu01230	14645
mmu01230	14718
mmu01230	14719
mmu01230	15926
mmu01230	15929
mmu01230	170718
mmu01230	18416
mmu01230	18478
mmu01230	18563
mmu01230	18641
mmu01230	18642
mmu01230	18648
mmu01230	18655
mmu01230	18663
mmu01230	18746
mmu01230	18770
mmu01230	19139
mmu01230	19895
mmu01230	20425
mmu01230	209027
mmu01230	21351
mmu01230	217214
mmu01230	21881
mmu01230	21991
mmu01230	226265
mmu01230	227231
mmu01230	230163
mmu01230	231691
mmu01230	232087
mmu01230	236539
mmu01230	238505
mmu01230	243996
mmu01230	257635
mmu01230	269951
mmu01230	27053
mmu01230	328099
mmu01230	353204
mmu01230	433182
mmu01230	56012
mmu01230	56421
mmu01230	56454
mmu01230	66194
mmu01230	66646
mmu01230	67834
mmu01230	69051
mmu01230	71776
mmu01230	71832
mmu01230	74419
mmu01230	75456
mmu01230	76282
mmu01230	76615
mmu01230	79459
mmu01230	83553
mmu03320	100040843
mmu03320	103968
mmu03320	104086
mmu03320	108078
mmu03320	109264
mmu03320	11363
mmu03320	11364
mmu03320	113868
mmu03320	11430
mmu03320	11450
mmu03320	11520
mmu03320	11770
mmu03320	11806
mmu03320	11807
mmu03320	11814
mmu03320	11832
mmu03320	12140
mmu03320	12491
mmu03320	12894
mmu03320	12895
mmu03320	12896
mmu03320	13117
mmu03320	13118
mmu03320	13119
mmu03320	13122
mmu03320	13124
mmu03320	13167
mmu03320	13168
mmu03320	14077
mmu03320	14079
mmu03320	14080
mmu03320	14081
mmu03320	14625
mmu03320	14626
mmu03320	14933
mmu03320	15360
mmu03320	16202
mmu03320	16204
mmu03320	16592
mmu03320	16956
mmu03320	17436
mmu03320	18534
mmu03320	18607
mmu03320	18830
mmu03320	19013
mmu03320	19015
mmu03320	19016
mmu03320	20181
mmu03320	20182
mmu03320	20183
mmu03320	20249
mmu03320	20250
mmu03320	20280
mmu03320	20411
mmu03320	208715
mmu03320	216739
mmu03320	22190
mmu03320	22227
mmu03320	22259
mmu03320	225579
mmu03320	230639
mmu03320	235674
mmu03320	26457
mmu03320	26458
mmu03320	26459
mmu03320	26569
mmu03320	277753
mmu03320	30049
mmu03320	328845
mmu03320	329065
mmu03320	433256
mmu03320	435802
mmu03320	50790
mmu03320	56473
mmu03320	57435
mmu03320	57875
mmu03320	66113
mmu03320	666168
mmu03320	66968
mmu03320	74147
mmu03320	74205
mmu03320	74551
mmu03320	78070
mmu03320	78625
mmu03320	80911
mmu03320	83995
mmu03320	83996
mmu03320	93732
mmu03320	94180
mmu04910	100705
mmu04910	102093
mmu04910	103988
mmu04910	104215
mmu04910	105651
mmu04910	105787
mmu04910	106628
mmu04910	107476
mmu04910	107746
mmu04910	108079
mmu04910	108097
mmu04910	108099
mmu04910	109880
mmu04910	110078
mmu04910	110094
mmu04910	110095
mmu04910	110157
mmu04910	11651
mmu04910	11652
mmu04910	11836
mmu04910	12015
mmu04910	12313
mmu04910	12314
mmu04910	12315
mmu04910	12402
mmu04910	12702
mmu04910	12703
mmu04910	12928
mmu04910	12929
mmu04910	13684
mmu04910	13685
mmu04910	13712
mmu04910	140491
mmu04910	14104
mmu04910	14120
mmu04910	14121
mmu04910	14251
mmu04910	14252
mmu04910	14377
mmu04910	14378
mmu04910	14784
mmu04910	14936
mmu04910	15275
mmu04910	15277
mmu04910	15461
mmu04910	16150
mmu04910	16332
mmu04910	16333
mmu04910	16334
mmu04910	16337
mmu04910	16367
mmu04910	16369
mmu04910	16370
mmu04910	16653
mmu04910	16890
mmu04910	17346
mmu04910	17347
mmu04910	18176
mmu04910	18534
mmu04910	18576
mmu04910	18607
mmu04910	18679
mmu04910	18682
mmu04910	18706
mmu04910	18707
mmu04910	18708
mmu04910	18709
mmu04910	18710
mmu04910	18747
mmu04910	18749
mmu04910	18759
mmu04910	18762
mmu04910	18770
mmu04910	19017
mmu04910	19045
mmu04910	19046
mmu04910	19047
mmu04910	19079
mmu04910	19082
mmu04910	19084
mmu04910	19085
mmu04910	19087
mmu04910	19088
mmu04910	19246
mmu04910	19268
mmu04910	19309
mmu04910	19744
mmu04910	20104
mmu04910	20411
mmu04910	20416
mmu04910	20418
mmu04910	20528
mmu04910	20662
mmu04910	20663
mmu04910	20787
mmu04910	208650
mmu04910	212032
mmu04910	212111
mmu04910	216019
mmu04910	216148
mmu04910	216233
mmu04910	218268
mmu04910	22084
mmu04910	228966
mmu04910	232493
mmu04910	23797
mmu04910	23921
mmu04910	241113
mmu04910	244416
mmu04910	26395
mmu04910	26396
mmu04910	26413
mmu04910	26414
mmu04910	26417
mmu04910	26419
mmu04910	26420
mmu04910	26987
mmu04910	271849
mmu04910	384783
mmu04910	434233
mmu04910	494124
mmu04910	53412
mmu04910	53413
mmu04910	54646
mmu04910	56458
mmu04910	56637
mmu04910	56717
mmu04910	58988
mmu04910	64930
mmu04910	67296
mmu04910	68401
mmu04910	68961
mmu04910	70405
mmu04910	72508
mmu04910	74370
mmu04910	74551
mmu04910	74769
mmu04910	75600
mmu04910	80796
mmu04911	100502876
mmu04911	103988
mmu04911	104110
mmu04911	104111
mmu04911	108058
mmu04911	11512
mmu04911	11513
mmu04911	11514
mmu04911	11515
mmu04911	11516
mmu04911	11517
mmu04911	116838
mmu04911	11909
mmu04911	11911
mmu04911	11928
mmu04911	11931
mmu04911	11932
mmu04911	11933
mmu04911	11936
mmu04911	12288
mmu04911	12289
mmu04911	12292
mmu04911	12322
mmu04911	12323
mmu04911	12325
mmu04911	12424
mmu04911	12425
mmu04911	12671
mmu04911	12912
mmu04911	12913
mmu04911	12915
mmu04911	140492
mmu04911	140493
mmu04911	14526
mmu04911	14607
mmu04911	14652
mmu04911	14672
mmu04911	14682
mmu04911	14683
mmu04911	16333
mmu04911	16334
mmu04911	16440
mmu04911	16514
mmu04911	16531
mmu04911	16532
mmu04911	16533
mmu04911	16534
mmu04911	18609
mmu04911	18747
mmu04911	18749
mmu04911	18750
mmu04911	18751
mmu04911	18752
mmu04911	18795
mmu04911	18796
mmu04911	18797
mmu04911	18798
mmu04911	19339
mmu04911	20191
mmu04911	20525
mmu04911	20526
mmu04911	20614
mmu04911	208647
mmu04911	208677
mmu04911	20907
mmu04911	20927
mmu04911	210044
mmu04911	22318
mmu04911	224129
mmu04911	231991
mmu04911	232975
mmu04911	233081
mmu04911	236781
mmu04911	26427
mmu04911	26875
mmu04911	27222
mmu04911	432530
mmu04911	54652
mmu04911	56508
mmu04911	58802
mmu04911	67821
mmu04911	68667
mmu04911	72413
mmu04911	78284
mmu04911	84036
mmu04911	98660
mmu04920	100705
mmu04920	105787
mmu04920	108079
mmu04920	108097
mmu04920	108099
mmu04920	109648
mmu04920	11450
mmu04920	11604
mmu04920	11651
mmu04920	11652
mmu04920	12491
mmu04920	12675
mmu04920	12702
mmu04920	12894
mmu04920	12895
mmu04920	14081
mmu04920	14377
mmu04920	14378
mmu04920	16150
mmu04920	16151
mmu04920	16367
mmu04920	16369
mmu04920	16370
mmu04920	16452
mmu04920	16846
mmu04920	16847
mmu04920	18033
mmu04920	18035
mmu04920	18036
mmu04920	18037
mmu04920	18534
mmu04920	18761
mmu04920	18976
mmu04920	19013
mmu04920	19017
mmu04920	19079
mmu04920	19082
mmu04920	19247
mmu04920	19697
mmu04920	20181
mmu04920	20182
mmu04920	20183
mmu04920	20525
mmu04920	20528
mmu04920	207565
mmu04920	20848
mmu04920	20869
mmu04920	216739
mmu04920	21926
mmu04920	21937
mmu04920	21938
mmu04920	22030
mmu04920	23797
mmu04920	241113
mmu04920	26414
mmu04920	26419
mmu04920	26420
mmu04920	328845
mmu04920	384783
mmu04920	433256
mmu04920	50790
mmu04920	56717
mmu04920	68401
mmu04920	68465
mmu04920	71609
mmu04920	72674
mmu04920	74205
mmu04920	74551
mmu04920	78070
mmu04920	78625
mmu04920	94180
mmu04922	100705
mmu04922	102093
mmu04922	103988
mmu04922	104570
mmu04922	105787
mmu04922	106557
mmu04922	107476
mmu04922	108058
mmu04922	108079
mmu04922	108097
mmu04922	108099
mmu04922	110078
mmu04922	110094
mmu04922	110095
mmu04922	11651
mmu04922	11652
mmu04922	11909
mmu04922	11911
mmu04922	12313
mmu04922	12314
mmu04922	12315
mmu04922	12322
mmu04922	12323
mmu04922	12325
mmu04922	12894
mmu04922	12895
mmu04922	12912
mmu04922	12913
mmu04922	12914
mmu04922	14120
mmu04922	14121
mmu04922	14377
mmu04922	14378
mmu04922	14526
mmu04922	14527
mmu04922	14682
mmu04922	14683
mmu04922	14936
mmu04922	15469
mmu04922	16438
mmu04922	16439
mmu04922	16440
mmu04922	16828
mmu04922	16832
mmu04922	16833
mmu04922	17691
mmu04922	18534
mmu04922	18576
mmu04922	18597
mmu04922	18598
mmu04922	18639
mmu04922	18641
mmu04922	18642
mmu04922	18648
mmu04922	18679
mmu04922	18682
mmu04922	18746
mmu04922	18747
mmu04922	18749
mmu04922	18795
mmu04922	18796
mmu04922	18797
mmu04922	18798
mmu04922	19013
mmu04922	19017
mmu04922	19055
mmu04922	19056
mmu04922	19057
mmu04922	19058
mmu04922	19059
mmu04922	19079
mmu04922	19082
mmu04922	19309
mmu04922	20525
mmu04922	20526
mmu04922	208647
mmu04922	208677
mmu04922	210044
mmu04922	231991
mmu04922	232493
mmu04922	235344
mmu04922	23797
mmu04922	241113
mmu04922	245509
mmu04922	245511
mmu04922	26427
mmu04922	328572
mmu04922	494124
mmu04922	56012
mmu04922	56420
mmu04922	56421
mmu04922	56458
mmu04922	68263
mmu04922	68401
mmu04922	68734
mmu04922	68961
mmu04922	70405
mmu04922	74343
mmu04922	74551
mmu04922	75600
mmu04922	78070
mmu04922	78284
mmu04922	80796
mmu04922	93759
mmu04923	103968
mmu04923	104110
mmu04923	104111
mmu04923	109648
mmu04923	11512
mmu04923	11513
mmu04923	11514
mmu04923	11515
mmu04923	11539
mmu04923	11554
mmu04923	11555
mmu04923	11556
mmu04923	11651
mmu04923	11652
mmu04923	11770
mmu04923	11832
mmu04923	12640
mmu04923	14311
mmu04923	14677
mmu04923	14678
mmu04923	14679
mmu04923	14683
mmu04923	16333
mmu04923	16334
mmu04923	16337
mmu04923	16367
mmu04923	16369
mmu04923	16370
mmu04923	16890
mmu04923	18160
mmu04923	18166
mmu04923	18576
mmu04923	18706
mmu04923	18707
mmu04923	18708
mmu04923	18709
mmu04923	18710
mmu04923	18747
mmu04923	18749
mmu04923	19091
mmu04923	19092
mmu04923	19218
mmu04923	19224
mmu04923	19225
mmu04923	210044
mmu04923	22094
mmu04923	22095
mmu04923	224129
mmu04923	225845
mmu04923	230899
mmu04923	23797
mmu04923	23945
mmu04923	384783
mmu04923	432530
mmu04923	66853
mmu04923	67469
mmu04923	74769
mmu04927	100043456
mmu04927	100043461
mmu04927	104110
mmu04927	104111
mmu04927	109305
mmu04927	110115
mmu04927	11512
mmu04927	11513
mmu04927	11514
mmu04927	11515
mmu04927	11606
mmu04927	11607
mmu04927	11608
mmu04927	11614
mmu04927	11909
mmu04927	11911
mmu04927	12288
mmu04927	12289
mmu04927	12291
mmu04927	12292
mmu04927	12912
mmu04927	12913
mmu04927	12915
mmu04927	13070
mmu04927	13072
mmu04927	13074
mmu04927	13079
mmu04927	14672
mmu04927	14682
mmu04927	14683
mmu04927	15370
mmu04927	15492
mmu04927	15493
mmu04927	15494
mmu04927	15495
mmu04927	15496
mmu04927	15497
mmu04927	16438
mmu04927	16439
mmu04927	16440
mmu04927	16492
mmu04927	16526
mmu04927	16527
mmu04927	16835
mmu04927	17200
mmu04927	18514
mmu04927	18584
mmu04927	18747
mmu04927	18749
mmu04927	18795
mmu04927	18796
mmu04927	18797
mmu04927	18798
mmu04927	18976
mmu04927	20683
mmu04927	20778
mmu04927	20845
mmu04927	208647
mmu04927	208677
mmu04927	210044
mmu04927	218461
mmu04927	224129
mmu04927	231991
mmu04927	239556
mmu04927	26423
mmu04927	26427
mmu04927	320024
mmu04927	432530
mmu04927	54652
mmu04927	58226
mmu04927	77037
mmu04927	78284
