mmu02010	11303
mmu02010	11304
mmu02010	11305
mmu02010	11306
mmu02010	11307
mmu02010	11666
mmu02010	12638
mmu02010	12780
mmu02010	13214
mmu02010	17250
mmu02010	18669
mmu02010	18670
mmu02010	18671
mmu02010	192663
mmu02010	19299
mmu02010	19300
mmu02010	20927
mmu02010	20928
mmu02010	21354
mmu02010	21355
mmu02010	217258
mmu02010	217262
mmu02010	217265
mmu02010	224814
mmu02010	233810
mmu02010	239273
mmu02010	244562
mmu02010	246081
mmu02010	246085
mmu02010	26357
mmu02010	268379
mmu02010	26874
mmu02010	27403
mmu02010	27404
mmu02010	27405
mmu02010	27409
mmu02010	27410
mmu02010	27413
mmu02010	27416
mmu02010	27421
mmu02010	320631
mmu02010	381072
mmu02010	56199
mmu02010	56325
mmu02010	67470
mmu02010	67928
mmu02010	74104
mmu02010	74591
mmu02010	74610
mmu02010	76184
mmu02010	76408
mmu02010	77706
mmu04010	100503710
mmu04010	102626
mmu04010	109689
mmu04010	109880
mmu04010	109905
mmu04010	110157
mmu04010	110651
mmu04010	114713
mmu04010	11600
mmu04010	11601
mmu04010	11602
mmu04010	11651
mmu04010	11652
mmu04010	11836
mmu04010	11839
mmu04010	11909
mmu04010	11911
mmu04010	12064
mmu04010	12286
mmu04010	12287
mmu04010	12288
mmu04010	12289
mmu04010	12290
mmu04010	12291
mmu04010	12292
mmu04010	12293
mmu04010	12294
mmu04010	12295
mmu04010	12296
mmu04010	12297
mmu04010	12298
mmu04010	12299
mmu04010	12300
mmu04010	12367
mmu04010	12475
mmu04010	12531
mmu04010	12540
mmu04010	12675
mmu04010	12928
mmu04010	12929
mmu04010	12977
mmu04010	12978
mmu04010	13163
mmu04010	13197
mmu04010	13198
mmu04010	13537
mmu04010	13636
mmu04010	13637
mmu04010	13638
mmu04010	13639
mmu04010	13640
mmu04010	13645
mmu04010	13649
mmu04010	13712
mmu04010	13714
mmu04010	13836
mmu04010	13866
mmu04010	13867
mmu04010	13869
mmu04010	13874
mmu04010	14013
mmu04010	140723
mmu04010	14102
mmu04010	14103
mmu04010	14164
mmu04010	14165
mmu04010	14170
mmu04010	14171
mmu04010	14172
mmu04010	14173
mmu04010	14174
mmu04010	14175
mmu04010	14176
mmu04010	14177
mmu04010	14178
mmu04010	14179
mmu04010	14180
mmu04010	14182
mmu04010	14183
mmu04010	14184
mmu04010	14186
mmu04010	14205
mmu04010	14254
mmu04010	14255
mmu04010	14256
mmu04010	14257
mmu04010	14281
mmu04010	14673
mmu04010	14701
mmu04010	14784
mmu04010	15234
mmu04010	15370
mmu04010	15461
mmu04010	15481
mmu04010	15482
mmu04010	15507
mmu04010	15511
mmu04010	15512
mmu04010	16000
mmu04010	16001
mmu04010	16002
mmu04010	16150
mmu04010	16151
mmu04010	16175
mmu04010	16176
mmu04010	16177
mmu04010	16179
mmu04010	16180
mmu04010	16333
mmu04010	16334
mmu04010	16337
mmu04010	16476
mmu04010	16478
mmu04010	16542
mmu04010	16590
mmu04010	16653
mmu04010	16765
mmu04010	170758
mmu04010	17164
mmu04010	17165
mmu04010	17187
mmu04010	17260
mmu04010	17295
mmu04010	17311
mmu04010	17346
mmu04010	17347
mmu04010	17532
mmu04010	17762
mmu04010	17869
mmu04010	17873
mmu04010	17874
mmu04010	18015
mmu04010	18018
mmu04010	18021
mmu04010	18033
mmu04010	18034
mmu04010	18048
mmu04010	18049
mmu04010	18053
mmu04010	18099
mmu04010	18176
mmu04010	18205
mmu04010	18211
mmu04010	18212
mmu04010	18218
mmu04010	18479
mmu04010	18590
mmu04010	18591
mmu04010	18595
mmu04010	18596
mmu04010	18654
mmu04010	18747
mmu04010	18749
mmu04010	18750
mmu04010	18751
mmu04010	18752
mmu04010	18783
mmu04010	19042
mmu04010	19043
mmu04010	19055
mmu04010	19056
mmu04010	19057
mmu04010	19058
mmu04010	19059
mmu04010	19060
mmu04010	19094
mmu04010	19099
mmu04010	192176
mmu04010	19252
mmu04010	19259
mmu04010	19279
mmu04010	19353
mmu04010	19354
mmu04010	193740
mmu04010	19395
mmu04010	19417
mmu04010	19418
mmu04010	19419
mmu04010	19697
mmu04010	19698
mmu04010	20111
mmu04010	20112
mmu04010	20130
mmu04010	20662
mmu04010	20663
mmu04010	20807
mmu04010	211429
mmu04010	215449
mmu04010	216869
mmu04010	21687
mmu04010	216965
mmu04010	21802
mmu04010	21803
mmu04010	21808
mmu04010	21809
mmu04010	21812
mmu04010	21813
mmu04010	218397
mmu04010	21926
mmu04010	21937
mmu04010	22030
mmu04010	22034
mmu04010	22059
mmu04010	22339
mmu04010	22340
mmu04010	22341
mmu04010	224105
mmu04010	225028
mmu04010	232889
mmu04010	233046
mmu04010	235584
mmu04010	23797
mmu04010	23882
mmu04010	23938
mmu04010	23939
mmu04010	239556
mmu04010	240168
mmu04010	240672
mmu04010	26395
mmu04010	26396
mmu04010	26397
mmu04010	26398
mmu04010	26399
mmu04010	26400
mmu04010	26401
mmu04010	26403
mmu04010	26404
mmu04010	26405
mmu04010	26406
mmu04010	26407
mmu04010	26408
mmu04010	26409
mmu04010	26410
mmu04010	26411
mmu04010	26412
mmu04010	26413
mmu04010	26414
mmu04010	26415
mmu04010	26416
mmu04010	26417
mmu04010	26419
mmu04010	26420
mmu04010	266632
mmu04010	26921
mmu04010	26940
mmu04010	271844
mmu04010	286940
mmu04010	29857
mmu04010	30957
mmu04010	319520
mmu04010	319734
mmu04010	320139
mmu04010	329502
mmu04010	330177
mmu04010	381921
mmu04010	53608
mmu04010	53859
mmu04010	54376
mmu04010	54377
mmu04010	54378
mmu04010	54635
mmu04010	54652
mmu04010	56274
mmu04010	56613
mmu04010	56636
mmu04010	56692
mmu04010	56808
mmu04010	58226
mmu04010	58231
mmu04010	60597
mmu04010	63953
mmu04010	64654
mmu04010	65964
mmu04010	66513
mmu04010	66922
mmu04010	67071
mmu04010	67112
mmu04010	67603
mmu04010	68652
mmu04010	68794
mmu04010	70686
mmu04010	71609
mmu04010	71751
mmu04010	71785
mmu04010	72349
mmu04010	73086
mmu04010	75590
mmu04010	76089
mmu04010	78390
mmu04010	78405
mmu04010	80857
mmu04010	80903
mmu04010	81904
mmu04010	81905
mmu04012	100042150
mmu04012	108058
mmu04012	109880
mmu04012	110157
mmu04012	11350
mmu04012	11352
mmu04012	11651
mmu04012	11652
mmu04012	11836
mmu04012	11839
mmu04012	12015
mmu04012	12223
mmu04012	12322
mmu04012	12323
mmu04012	12325
mmu04012	12402
mmu04012	12575
mmu04012	12576
mmu04012	12928
mmu04012	12929
mmu04012	13645
mmu04012	13649
mmu04012	13685
mmu04012	13712
mmu04012	13866
mmu04012	13867
mmu04012	13869
mmu04012	13874
mmu04012	14083
mmu04012	14388
mmu04012	14784
mmu04012	15200
mmu04012	15461
mmu04012	16476
mmu04012	16653
mmu04012	17869
mmu04012	17973
mmu04012	17974
mmu04012	18176
mmu04012	18183
mmu04012	18479
mmu04012	18481
mmu04012	18706
mmu04012	18707
mmu04012	18708
mmu04012	18709
mmu04012	18710
mmu04012	18750
mmu04012	18751
mmu04012	18752
mmu04012	18803
mmu04012	20416
mmu04012	20418
mmu04012	20662
mmu04012	20663
mmu04012	20779
mmu04012	20850
mmu04012	20851
mmu04012	208650
mmu04012	211323
mmu04012	214230
mmu04012	216148
mmu04012	21802
mmu04012	224105
mmu04012	234779
mmu04012	23797
mmu04012	241656
mmu04012	26395
mmu04012	26396
mmu04012	26398
mmu04012	26400
mmu04012	26413
mmu04012	26414
mmu04012	26417
mmu04012	26419
mmu04012	26420
mmu04012	271849
mmu04012	56637
mmu04012	56717
mmu04012	58988
mmu04012	70584
mmu04012	72508
mmu04012	74769
mmu04012	83961
mmu04014	100503710
mmu04014	109905
mmu04014	110157
mmu04014	11350
mmu04014	11352
mmu04014	114713
mmu04014	11600
mmu04014	11601
mmu04014	11602
mmu04014	11651
mmu04014	11652
mmu04014	11845
mmu04014	11848
mmu04014	12015
mmu04014	12048
mmu04014	12064
mmu04014	12313
mmu04014	12314
mmu04014	12315
mmu04014	12540
mmu04014	12675
mmu04014	12977
mmu04014	12978
mmu04014	13636
mmu04014	13637
mmu04014	13638
mmu04014	13639
mmu04014	13640
mmu04014	13645
mmu04014	13649
mmu04014	13712
mmu04014	13836
mmu04014	14103
mmu04014	14164
mmu04014	14165
mmu04014	14170
mmu04014	14171
mmu04014	14172
mmu04014	14173
mmu04014	14174
mmu04014	14175
mmu04014	14176
mmu04014	14177
mmu04014	14178
mmu04014	14179
mmu04014	14180
mmu04014	14182
mmu04014	14183
mmu04014	14184
mmu04014	14186
mmu04014	14205
mmu04014	14254
mmu04014	14255
mmu04014	14256
mmu04014	14257
mmu04014	14388
mmu04014	14389
mmu04014	14688
mmu04014	14693
mmu04014	14695
mmu04014	14696
mmu04014	14697
mmu04014	14699
mmu04014	14700
mmu04014	14701
mmu04014	14702
mmu04014	14704
mmu04014	14706
mmu04014	14707
mmu04014	14708
mmu04014	14709
mmu04014	14710
mmu04014	14784
mmu04014	14810
mmu04014	14811
mmu04014	14812
mmu04014	15234
mmu04014	15461
mmu04014	15566
mmu04014	16000
mmu04014	16001
mmu04014	16002
mmu04014	16150
mmu04014	16151
mmu04014	16333
mmu04014	16334
mmu04014	16337
mmu04014	16542
mmu04014	16590
mmu04014	16653
mmu04014	16706
mmu04014	16797
mmu04014	170758
mmu04014	17295
mmu04014	17311
mmu04014	17356
mmu04014	17532
mmu04014	18015
mmu04014	18033
mmu04014	18048
mmu04014	18049
mmu04014	18053
mmu04014	18176
mmu04014	18205
mmu04014	18211
mmu04014	18212
mmu04014	18479
mmu04014	18481
mmu04014	18590
mmu04014	18591
mmu04014	18595
mmu04014	18596
mmu04014	18654
mmu04014	18706
mmu04014	18707
mmu04014	18708
mmu04014	18709
mmu04014	18710
mmu04014	18747
mmu04014	18749
mmu04014	18750
mmu04014	18751
mmu04014	18752
mmu04014	18778
mmu04014	18780
mmu04014	18781
mmu04014	18782
mmu04014	18783
mmu04014	18784
mmu04014	18803
mmu04014	18805
mmu04014	18806
mmu04014	19247
mmu04014	19344
mmu04014	19345
mmu04014	19353
mmu04014	19354
mmu04014	19395
mmu04014	19414
mmu04014	19415
mmu04014	19417
mmu04014	19418
mmu04014	19419
mmu04014	19696
mmu04014	19697
mmu04014	19730
mmu04014	19731
mmu04014	19732
mmu04014	19765
mmu04014	20130
mmu04014	20416
mmu04014	20418
mmu04014	20662
mmu04014	20663
mmu04014	211429
mmu04014	214230
mmu04014	215449
mmu04014	216148
mmu04014	21687
mmu04014	217944
mmu04014	21802
mmu04014	218397
mmu04014	21844
mmu04014	22339
mmu04014	22340
mmu04014	22341
mmu04014	224105
mmu04014	225845
mmu04014	225870
mmu04014	22637
mmu04014	226525
mmu04014	228850
mmu04014	232889
mmu04014	233046
mmu04014	234779
mmu04014	237625
mmu04014	23797
mmu04014	23871
mmu04014	23872
mmu04014	240057
mmu04014	240168
mmu04014	241656
mmu04014	241694
mmu04014	26395
mmu04014	26396
mmu04014	26413
mmu04014	26414
mmu04014	26417
mmu04014	26419
mmu04014	26420
mmu04014	26565
mmu04014	26970
mmu04014	26971
mmu04014	271457
mmu04014	271844
mmu04014	271849
mmu04014	320484
mmu04014	329502
mmu04014	333050
mmu04014	494124
mmu04014	53357
mmu04014	54153
mmu04014	54354
mmu04014	54601
mmu04014	54635
mmu04014	56044
mmu04014	56289
mmu04014	56392
mmu04014	56480
mmu04014	56636
mmu04014	56784
mmu04014	58231
mmu04014	64143
mmu04014	64337
mmu04014	64654
mmu04014	66066
mmu04014	66350
mmu04014	66482
mmu04014	66922
mmu04014	67112
mmu04014	67653
mmu04014	69836
mmu04014	70405
mmu04014	70584
mmu04014	71785
mmu04014	72399
mmu04014	74055
mmu04014	74769
mmu04014	75600
mmu04014	78390
mmu04014	78405
mmu04014	80796
mmu04014	80857
mmu04014	80903
mmu04014	85031
mmu04015	101540
mmu04015	104110
mmu04015	104111
mmu04015	106952
mmu04015	107746
mmu04015	109880
mmu04015	109905
mmu04015	110157
mmu04015	110351
mmu04015	11461
mmu04015	11465
mmu04015	11512
mmu04015	11513
mmu04015	11514
mmu04015	11515
mmu04015	11540
mmu04015	11541
mmu04015	11600
mmu04015	11601
mmu04015	11602
mmu04015	11651
mmu04015	11652
mmu04015	11848
mmu04015	12313
mmu04015	12314
mmu04015	12315
mmu04015	12387
mmu04015	12388
mmu04015	12540
mmu04015	12550
mmu04015	12801
mmu04015	12927
mmu04015	12928
mmu04015	12929
mmu04015	12977
mmu04015	12978
mmu04015	13489
mmu04015	13636
mmu04015	13637
mmu04015	13638
mmu04015	13639
mmu04015	13640
mmu04015	13645
mmu04015	13649
mmu04015	13800
mmu04015	13836
mmu04015	14026
mmu04015	14062
mmu04015	14065
mmu04015	14164
mmu04015	14165
mmu04015	14170
mmu04015	14171
mmu04015	14172
mmu04015	14173
mmu04015	14174
mmu04015	14175
mmu04015	14176
mmu04015	14177
mmu04015	14178
mmu04015	14179
mmu04015	14180
mmu04015	14182
mmu04015	14183
mmu04015	14184
mmu04015	14186
mmu04015	14205
mmu04015	14254
mmu04015	14257
mmu04015	14293
mmu04015	14677
mmu04015	14678
mmu04015	14679
mmu04015	14681
mmu04015	14682
mmu04015	14683
mmu04015	14745
mmu04015	14810
mmu04015	14811
mmu04015	14812
mmu04015	14924
mmu04015	15234
mmu04015	15461
mmu04015	15901
mmu04015	16000
mmu04015	16001
mmu04015	16333
mmu04015	16334
mmu04015	16337
mmu04015	16399
mmu04015	16408
mmu04015	16409
mmu04015	16412
mmu04015	16414
mmu04015	16415
mmu04015	16416
mmu04015	16542
mmu04015	16590
mmu04015	16653
mmu04015	16797
mmu04015	16822
mmu04015	170758
mmu04015	17295
mmu04015	17311
mmu04015	17356
mmu04015	17532
mmu04015	18048
mmu04015	18049
mmu04015	18053
mmu04015	18176
mmu04015	18441
mmu04015	18590
mmu04015	18591
mmu04015	18595
mmu04015	18596
mmu04015	18643
mmu04015	18645
mmu04015	18654
mmu04015	18706
mmu04015	18707
mmu04015	18708
mmu04015	18709
mmu04015	18710
mmu04015	18750
mmu04015	18751
mmu04015	18752
mmu04015	18759
mmu04015	18760
mmu04015	18762
mmu04015	18795
mmu04015	18796
mmu04015	18797
mmu04015	18798
mmu04015	18803
mmu04015	19094
mmu04015	192786
mmu04015	19353
mmu04015	19354
mmu04015	19395
mmu04015	19730
mmu04015	20130
mmu04015	20469
mmu04015	20779
mmu04015	210044
mmu04015	215449
mmu04015	21687
mmu04015	217692
mmu04015	217944
mmu04015	21825
mmu04015	21844
mmu04015	21894
mmu04015	22323
mmu04015	22324
mmu04015	22325
mmu04015	22339
mmu04015	22340
mmu04015	22341
mmu04015	223864
mmu04015	224129
mmu04015	227377
mmu04015	23797
mmu04015	238130
mmu04015	23880
mmu04015	240168
mmu04015	244668
mmu04015	26395
mmu04015	26396
mmu04015	26397
mmu04015	26399
mmu04015	26413
mmu04015	26415
mmu04015	26416
mmu04015	26417
mmu04015	29857
mmu04015	381810
mmu04015	382562
mmu04015	432530
mmu04015	494124
mmu04015	50791
mmu04015	51791
mmu04015	53978
mmu04015	54354
mmu04015	54519
mmu04015	54635
mmu04015	56044
mmu04015	56508
mmu04015	56513
mmu04015	56636
mmu04015	57257
mmu04015	58220
mmu04015	64143
mmu04015	64654
mmu04015	65086
mmu04015	67112
mmu04015	67653
mmu04015	70405
mmu04015	70549
mmu04015	71785
mmu04015	74055
mmu04015	74206
mmu04015	74769
mmu04015	75292
mmu04015	75477
mmu04015	75600
mmu04015	76089
mmu04015	78134
mmu04015	78473
mmu04015	79264
mmu04015	80796
mmu04015	80857
mmu04015	80903
mmu04015	93737
mmu04015	93742
mmu04015	99470
mmu04020	102093
mmu04020	104110
mmu04020	104111
mmu04020	105675
mmu04020	107589
mmu04020	108058
mmu04020	108071
mmu04020	109305
mmu04020	110094
mmu04020	110891
mmu04020	110893
mmu04020	11441
mmu04020	114875
mmu04020	11513
mmu04020	11514
mmu04020	11515
mmu04020	11540
mmu04020	11541
mmu04020	11548
mmu04020	11549
mmu04020	11550
mmu04020	11554
mmu04020	11555
mmu04020	11556
mmu04020	11607
mmu04020	11608
mmu04020	116873
mmu04020	11739
mmu04020	11740
mmu04020	11937
mmu04020	11938
mmu04020	11941
mmu04020	12061
mmu04020	12062
mmu04020	12286
mmu04020	12287
mmu04020	12288
mmu04020	12289
mmu04020	12290
mmu04020	12291
mmu04020	12292
mmu04020	12313
mmu04020	12314
mmu04020	12315
mmu04020	12322
mmu04020	12323
mmu04020	12325
mmu04020	12326
mmu04020	12372
mmu04020	12373
mmu04020	12425
mmu04020	12426
mmu04020	12494
mmu04020	12669
mmu04020	12671
mmu04020	12767
mmu04020	13488
mmu04020	13492
mmu04020	13617
mmu04020	13618
mmu04020	13645
mmu04020	13649
mmu04020	13866
mmu04020	13867
mmu04020	13869
mmu04020	14062
mmu04020	14164
mmu04020	14165
mmu04020	14170
mmu04020	14171
mmu04020	14172
mmu04020	14173
mmu04020	14174
mmu04020	14175
mmu04020	14176
mmu04020	14177
mmu04020	14178
mmu04020	14179
mmu04020	14180
mmu04020	14182
mmu04020	14183
mmu04020	14184
mmu04020	14186
mmu04020	14205
mmu04020	14254
mmu04020	14257
mmu04020	14573
mmu04020	14672
mmu04020	14675
mmu04020	14676
mmu04020	14680
mmu04020	14682
mmu04020	14683
mmu04020	14810
mmu04020	14811
mmu04020	14813
mmu04020	14814
mmu04020	14816
mmu04020	14829
mmu04020	15234
mmu04020	15235
mmu04020	15464
mmu04020	15465
mmu04020	15466
mmu04020	15558
mmu04020	15559
mmu04020	15560
mmu04020	15562
mmu04020	15563
mmu04020	15564
mmu04020	15565
mmu04020	15566
mmu04020	16438
mmu04020	16439
mmu04020	16440
mmu04020	16542
mmu04020	16867
mmu04020	170732
mmu04020	171166
mmu04020	17295
mmu04020	18048
mmu04020	18049
mmu04020	18125
mmu04020	18126
mmu04020	18127
mmu04020	18211
mmu04020	18212
mmu04020	18213
mmu04020	18216
mmu04020	18430
mmu04020	18436
mmu04020	18438
mmu04020	18439
mmu04020	18440
mmu04020	18573
mmu04020	18574
mmu04020	18575
mmu04020	18590
mmu04020	18591
mmu04020	18595
mmu04020	18596
mmu04020	18679
mmu04020	18682
mmu04020	18747
mmu04020	18749
mmu04020	18750
mmu04020	18751
mmu04020	18752
mmu04020	18795
mmu04020	18796
mmu04020	18797
mmu04020	18798
mmu04020	18799
mmu04020	18802
mmu04020	18803
mmu04020	18821
mmu04020	19055
mmu04020	19056
mmu04020	19057
mmu04020	19058
mmu04020	19059
mmu04020	19204
mmu04020	19216
mmu04020	19218
mmu04020	19220
mmu04020	19229
mmu04020	19713
mmu04020	19882
mmu04020	20190
mmu04020	20191
mmu04020	20192
mmu04020	20541
mmu04020	20698
mmu04020	20866
mmu04020	210044
mmu04020	21336
mmu04020	21337
mmu04020	21338
mmu04020	213435
mmu04020	213788
mmu04020	21390
mmu04020	215303
mmu04020	215999
mmu04020	21924
mmu04020	21925
mmu04020	22045
mmu04020	22333
mmu04020	22334
mmu04020	22335
mmu04020	22339
mmu04020	22340
mmu04020	22341
mmu04020	228139
mmu04020	228550
mmu04020	228785
mmu04020	231602
mmu04020	233011
mmu04020	233979
mmu04020	234779
mmu04020	238564
mmu04020	239556
mmu04020	243764
mmu04020	252972
mmu04020	26361
mmu04020	269717
mmu04020	269999
mmu04020	320404
mmu04020	320707
mmu04020	381290
mmu04020	432530
mmu04020	494124
mmu04020	52163
mmu04020	53313
mmu04020	54140
mmu04020	54635
mmu04020	54652
mmu04020	56632
mmu04020	56636
mmu04020	57260
mmu04020	58226
mmu04020	58861
mmu04020	64654
mmu04020	65973
mmu04020	67112
mmu04020	67972
mmu04020	68279
mmu04020	68961
mmu04020	70086
mmu04020	70405
mmu04020	71785
mmu04020	72469
mmu04020	73333
mmu04020	74055
mmu04020	75600
mmu04020	76757
mmu04020	80796
mmu04020	80857
mmu04020	80903
mmu04020	94045
mmu04020	94178
mmu04022	100502876
mmu04022	104110
mmu04022	104111
mmu04022	104709
mmu04022	105675
mmu04022	105980076
mmu04022	107589
mmu04022	110157
mmu04022	110891
mmu04022	110893
mmu04022	11512
mmu04022	11513
mmu04022	11514
mmu04022	11515
mmu04022	11539
mmu04022	11542
mmu04022	11548
mmu04022	11549
mmu04022	11550
mmu04022	11551
mmu04022	11552
mmu04022	11553
mmu04022	11554
mmu04022	11555
mmu04022	11556
mmu04022	11607
mmu04022	11608
mmu04022	11651
mmu04022	11652
mmu04022	11739
mmu04022	11740
mmu04022	11848
mmu04022	11909
mmu04022	11911
mmu04022	11928
mmu04022	11931
mmu04022	11932
mmu04022	11933
mmu04022	11936
mmu04022	11937
mmu04022	11938
mmu04022	11941
mmu04022	12015
mmu04022	12062
mmu04022	12288
mmu04022	12289
mmu04022	12292
mmu04022	12313
mmu04022	12314
mmu04022	12315
mmu04022	12788
mmu04022	12912
mmu04022	12913
mmu04022	12915
mmu04022	13617
mmu04022	13618
mmu04022	140781
mmu04022	14463
mmu04022	14672
mmu04022	14673
mmu04022	14674
mmu04022	14677
mmu04022	14678
mmu04022	14679
mmu04022	14682
mmu04022	14886
mmu04022	16333
mmu04022	16334
mmu04022	16337
mmu04022	16367
mmu04022	16369
mmu04022	16370
mmu04022	16438
mmu04022	16439
mmu04022	16440
mmu04022	16523
mmu04022	16531
mmu04022	16532
mmu04022	16533
mmu04022	16644
mmu04022	17258
mmu04022	17259
mmu04022	17260
mmu04022	17261
mmu04022	17540
mmu04022	17888
mmu04022	17931
mmu04022	18018
mmu04022	18019
mmu04022	18021
mmu04022	18127
mmu04022	18158
mmu04022	18159
mmu04022	18160
mmu04022	18386
mmu04022	18576
mmu04022	18754
mmu04022	18795
mmu04022	18796
mmu04022	18797
mmu04022	18798
mmu04022	18821
mmu04022	19045
mmu04022	19046
mmu04022	19047
mmu04022	19055
mmu04022	19056
mmu04022	19057
mmu04022	19058
mmu04022	19059
mmu04022	19091
mmu04022	19092
mmu04022	19735
mmu04022	19877
mmu04022	19878
mmu04022	20541
mmu04022	207728
mmu04022	20807
mmu04022	208647
mmu04022	208677
mmu04022	210044
mmu04022	213435
mmu04022	22068
mmu04022	22323
mmu04022	22333
mmu04022	22334
mmu04022	22335
mmu04022	224129
mmu04022	228785
mmu04022	230103
mmu04022	230899
mmu04022	231991
mmu04022	232975
mmu04022	234889
mmu04022	23797
mmu04022	238564
mmu04022	239134
mmu04022	242202
mmu04022	26395
mmu04022	26396
mmu04022	26413
mmu04022	26417
mmu04022	26427
mmu04022	27222
mmu04022	30955
mmu04022	320207
mmu04022	320707
mmu04022	333329
mmu04022	381290
mmu04022	384783
mmu04022	385643
mmu04022	432530
mmu04022	434233
mmu04022	494124
mmu04022	53313
mmu04022	54195
mmu04022	54611
mmu04022	54652
mmu04022	57080
mmu04022	58802
mmu04022	60596
mmu04022	67653
mmu04022	67821
mmu04022	67972
mmu04022	70405
mmu04022	72413
mmu04022	73181
mmu04022	73333
mmu04022	75600
mmu04022	78284
mmu04022	80796
mmu04022	98660
mmu04022	98932
mmu04024	104110
mmu04024	104111
mmu04024	106952
mmu04024	108058
mmu04024	109305
mmu04024	109648
mmu04024	109880
mmu04024	109905
mmu04024	110157
mmu04024	110385
mmu04024	11430
mmu04024	11512
mmu04024	11513
mmu04024	11514
mmu04024	11515
mmu04024	11516
mmu04024	11517
mmu04024	11539
mmu04024	11540
mmu04024	11554
mmu04024	11555
mmu04024	11651
mmu04024	11652
mmu04024	11705
mmu04024	11848
mmu04024	11928
mmu04024	11931
mmu04024	11932
mmu04024	11933
mmu04024	11936
mmu04024	11937
mmu04024	11938
mmu04024	11941
mmu04024	12015
mmu04024	12064
mmu04024	12288
mmu04024	12289
mmu04024	12292
mmu04024	12313
mmu04024	12314
mmu04024	12315
mmu04024	12322
mmu04024	12323
mmu04024	12325
mmu04024	12326
mmu04024	12638
mmu04024	12640
mmu04024	12669
mmu04024	12788
mmu04024	12789
mmu04024	12790
mmu04024	12912
mmu04024	12913
mmu04024	12914
mmu04024	12918
mmu04024	12921
mmu04024	12922
mmu04024	13488
mmu04024	13489
mmu04024	13492
mmu04024	13614
mmu04024	13615
mmu04024	13616
mmu04024	13617
mmu04024	14062
mmu04024	14281
mmu04024	14308
mmu04024	14309
mmu04024	14526
mmu04024	14607
mmu04024	14632
mmu04024	14634
mmu04024	14652
mmu04024	14677
mmu04024	14678
mmu04024	14679
mmu04024	14683
mmu04024	14799
mmu04024	14800
mmu04024	14802
mmu04024	14810
mmu04024	14811
mmu04024	14812
mmu04024	14813
mmu04024	14814
mmu04024	15166
mmu04024	15245
mmu04024	15550
mmu04024	15551
mmu04024	15552
mmu04024	15557
mmu04024	15562
mmu04024	15565
mmu04024	16476
mmu04024	16526
mmu04024	16866
mmu04024	16867
mmu04024	16890
mmu04024	170458
mmu04024	170483
mmu04024	170758
mmu04024	17200
mmu04024	17356
mmu04024	17931
mmu04024	18018
mmu04024	18033
mmu04024	18035
mmu04024	18160
mmu04024	18166
mmu04024	18429
mmu04024	18430
mmu04024	18479
mmu04024	18576
mmu04024	18577
mmu04024	18578
mmu04024	18706
mmu04024	18707
mmu04024	18708
mmu04024	18709
mmu04024	18710
mmu04024	18747
mmu04024	18749
mmu04024	18805
mmu04024	18806
mmu04024	18821
mmu04024	18976
mmu04024	19013
mmu04024	19045
mmu04024	19046
mmu04024	19047
mmu04024	19049
mmu04024	19206
mmu04024	19217
mmu04024	19218
mmu04024	19353
mmu04024	19354
mmu04024	19697
mmu04024	19877
mmu04024	19878
mmu04024	20130
mmu04024	20191
mmu04024	20544
mmu04024	20604
mmu04024	20605
mmu04024	20606
mmu04024	20609
mmu04024	20682
mmu04024	208188
mmu04024	208647
mmu04024	208677
mmu04024	210044
mmu04024	215449
mmu04024	217674
mmu04024	21844
mmu04024	21954
mmu04024	22094
mmu04024	22095
mmu04024	22324
mmu04024	22325
mmu04024	22353
mmu04024	22355
mmu04024	223864
mmu04024	224129
mmu04024	230899
mmu04024	231991
mmu04024	232975
mmu04024	233079
mmu04024	233649
mmu04024	236781
mmu04024	23797
mmu04024	23828
mmu04024	238871
mmu04024	239273
mmu04024	23984
mmu04024	242425
mmu04024	242443
mmu04024	243270
mmu04024	243764
mmu04024	26395
mmu04024	26396
mmu04024	26413
mmu04024	26414
mmu04024	26417
mmu04024	26419
mmu04024	26420
mmu04024	26427
mmu04024	271639
mmu04024	27222
mmu04024	30952
mmu04024	320707
mmu04024	328572
mmu04024	330953
mmu04024	333329
mmu04024	381290
mmu04024	381853
mmu04024	432530
mmu04024	434233
mmu04024	494124
mmu04024	53313
mmu04024	53623
mmu04024	54393
mmu04024	54611
mmu04024	54652
mmu04024	56188
mmu04024	56508
mmu04024	57257
mmu04024	58991
mmu04024	64082
mmu04024	66922
mmu04024	67653
mmu04024	67821
mmu04024	67972
mmu04024	70405
mmu04024	74055
mmu04024	74769
mmu04024	75600
mmu04024	78284
mmu04024	78977
mmu04024	80796
mmu04024	80885
mmu04024	80911
mmu04024	84112
mmu04024	98660
mmu04024	98932
mmu04060	100039863
mmu04060	100040048
mmu04060	100041579
mmu04060	100042493
mmu04060	100042555
mmu04060	100504239
mmu04060	100504346
mmu04060	100862177
mmu04060	100862247
mmu04060	107527
mmu04060	110075
mmu04060	110542
mmu04060	11477
mmu04060	11479
mmu04060	11480
mmu04060	11481
mmu04060	11482
mmu04060	116849
mmu04060	11705
mmu04060	12145
mmu04060	12154
mmu04060	12155
mmu04060	12156
mmu04060	12159
mmu04060	12160
mmu04060	12161
mmu04060	12162
mmu04060	12163
mmu04060	12164
mmu04060	12165
mmu04060	12166
mmu04060	12167
mmu04060	12168
mmu04060	12458
mmu04060	12504
mmu04060	12765
mmu04060	12766
mmu04060	12767
mmu04060	12768
mmu04060	12769
mmu04060	12770
mmu04060	12771
mmu04060	12772
mmu04060	12773
mmu04060	12774
mmu04060	12775
mmu04060	12776
mmu04060	12777
mmu04060	12778
mmu04060	12803
mmu04060	12804
mmu04060	12977
mmu04060	12978
mmu04060	12981
mmu04060	12982
mmu04060	12983
mmu04060	12984
mmu04060	12985
mmu04060	12986
mmu04060	13019
mmu04060	13051
mmu04060	13607
mmu04060	13608
mmu04060	13856
mmu04060	13857
mmu04060	140806
mmu04060	14102
mmu04060	14103
mmu04060	14559
mmu04060	14560
mmu04060	14561
mmu04060	14562
mmu04060	14563
mmu04060	14566
mmu04060	14599
mmu04060	14600
mmu04060	14825
mmu04060	15945
mmu04060	15962
mmu04060	15964
mmu04060	15965
mmu04060	15967
mmu04060	15968
mmu04060	15969
mmu04060	15970
mmu04060	15972
mmu04060	15974
mmu04060	15975
mmu04060	15976
mmu04060	15977
mmu04060	15978
mmu04060	15979
mmu04060	15980
mmu04060	16153
mmu04060	16154
mmu04060	16155
mmu04060	16156
mmu04060	16157
mmu04060	16158
mmu04060	16159
mmu04060	16160
mmu04060	16161
mmu04060	16162
mmu04060	16163
mmu04060	16164
mmu04060	16165
mmu04060	16168
mmu04060	16169
mmu04060	16170
mmu04060	16171
mmu04060	16172
mmu04060	16173
mmu04060	16174
mmu04060	16175
mmu04060	16176
mmu04060	16177
mmu04060	16178
mmu04060	16180
mmu04060	16181
mmu04060	16182
mmu04060	16183
mmu04060	16184
mmu04060	16185
mmu04060	16186
mmu04060	16187
mmu04060	16188
mmu04060	16189
mmu04060	16190
mmu04060	16191
mmu04060	16192
mmu04060	16193
mmu04060	16194
mmu04060	16195
mmu04060	16196
mmu04060	16197
mmu04060	16198
mmu04060	16199
mmu04060	16322
mmu04060	16323
mmu04060	16324
mmu04060	16325
mmu04060	16326
mmu04060	16846
mmu04060	16847
mmu04060	16878
mmu04060	16880
mmu04060	16963
mmu04060	16992
mmu04060	16994
mmu04060	17000
mmu04060	17082
mmu04060	171095
mmu04060	17329
mmu04060	17480
mmu04060	17700
mmu04060	18048
mmu04060	18049
mmu04060	18053
mmu04060	18119
mmu04060	18383
mmu04060	18413
mmu04060	18414
mmu04060	18829
mmu04060	19109
mmu04060	19111
mmu04060	19116
mmu04060	20290
mmu04060	20292
mmu04060	20293
mmu04060	20295
mmu04060	20296
mmu04060	20297
mmu04060	20299
mmu04060	20300
mmu04060	20301
mmu04060	20302
mmu04060	20303
mmu04060	20304
mmu04060	20305
mmu04060	20306
mmu04060	20307
mmu04060	20308
mmu04060	20309
mmu04060	20310
mmu04060	20311
mmu04060	20312
mmu04060	20315
mmu04060	209590
mmu04060	213208
mmu04060	215257
mmu04060	215274
mmu04060	21803
mmu04060	21808
mmu04060	21809
mmu04060	21812
mmu04060	21813
mmu04060	21832
mmu04060	218624
mmu04060	21926
mmu04060	21933
mmu04060	21934
mmu04060	21935
mmu04060	21936
mmu04060	21937
mmu04060	21938
mmu04060	21939
mmu04060	21940
mmu04060	21941
mmu04060	21942
mmu04060	21943
mmu04060	21944
mmu04060	21947
mmu04060	21948
mmu04060	21949
mmu04060	21950
mmu04060	22035
mmu04060	22163
mmu04060	22164
mmu04060	227288
mmu04060	230396
mmu04060	230398
mmu04060	230405
mmu04060	230828
mmu04060	230979
mmu04060	232983
mmu04060	234836
mmu04060	237313
mmu04060	238057
mmu04060	23832
mmu04060	23886
mmu04060	239114
mmu04060	24047
mmu04060	240873
mmu04060	24099
mmu04060	242316
mmu04060	242517
mmu04060	242519
mmu04060	242700
mmu04060	244218
mmu04060	245527
mmu04060	246779
mmu04060	252837
mmu04060	257630
mmu04060	269275
mmu04060	27279
mmu04060	28078
mmu04060	29820
mmu04060	320100
mmu04060	326623
mmu04060	329244
mmu04060	330122
mmu04060	330496
mmu04060	338374
mmu04060	387510
mmu04060	404549
mmu04060	50498
mmu04060	50905
mmu04060	50929
mmu04060	50930
mmu04060	50931
mmu04060	53603
mmu04060	541307
mmu04060	54448
mmu04060	54450
mmu04060	55985
mmu04060	56066
mmu04060	56069
mmu04060	56221
mmu04060	56708
mmu04060	56744
mmu04060	56838
mmu04060	57266
mmu04060	57349
mmu04060	57890
mmu04060	57914
mmu04060	57916
mmu04060	58181
mmu04060	60504
mmu04060	60505
mmu04060	621580
mmu04060	66102
mmu04060	69583
mmu04060	69677
mmu04060	72049
mmu04060	76399
mmu04060	76527
mmu04060	77125
mmu04060	80901
mmu04060	83430
mmu04060	85030
mmu04060	93672
mmu04060	94185
mmu04061	100039863
mmu04061	100040048
mmu04061	100041579
mmu04061	100042493
mmu04061	100504239
mmu04061	100504346
mmu04061	100862177
mmu04061	100862247
mmu04061	12145
mmu04061	12458
mmu04061	12765
mmu04061	12766
mmu04061	12767
mmu04061	12768
mmu04061	12769
mmu04061	12770
mmu04061	12771
mmu04061	12772
mmu04061	12773
mmu04061	12774
mmu04061	12775
mmu04061	12776
mmu04061	12777
mmu04061	12778
mmu04061	12977
mmu04061	12978
mmu04061	13051
mmu04061	14825
mmu04061	15945
mmu04061	16153
mmu04061	16154
mmu04061	16155
mmu04061	16173
mmu04061	16174
mmu04061	16182
mmu04061	16183
mmu04061	16184
mmu04061	16185
mmu04061	16186
mmu04061	16193
mmu04061	16194
mmu04061	16195
mmu04061	16963
mmu04061	16992
mmu04061	17000
mmu04061	17329
mmu04061	18829
mmu04061	20290
mmu04061	20292
mmu04061	20293
mmu04061	20295
mmu04061	20296
mmu04061	20297
mmu04061	20299
mmu04061	20300
mmu04061	20301
mmu04061	20302
mmu04061	20303
mmu04061	20304
mmu04061	20305
mmu04061	20306
mmu04061	20307
mmu04061	20308
mmu04061	20310
mmu04061	20311
mmu04061	20312
mmu04061	20315
mmu04061	213208
mmu04061	21926
mmu04061	21933
mmu04061	21937
mmu04061	21938
mmu04061	22035
mmu04061	227288
mmu04061	230828
mmu04061	230979
mmu04061	237313
mmu04061	23832
mmu04061	24047
mmu04061	252837
mmu04061	329244
mmu04061	330122
mmu04061	50930
mmu04061	541307
mmu04061	55985
mmu04061	56066
mmu04061	56221
mmu04061	56744
mmu04061	56838
mmu04061	57266
mmu04061	57349
mmu04061	58181
mmu04061	621580
mmu04061	76527
mmu04061	93672
mmu04064	100042493
mmu04064	100504239
mmu04064	100504346
mmu04064	100862177
mmu04064	105844
mmu04064	106759
mmu04064	108723
mmu04064	111173
mmu04064	11545
mmu04064	117149
mmu04064	11796
mmu04064	11797
mmu04064	11798
mmu04064	11920
mmu04064	12042
mmu04064	12043
mmu04064	12044
mmu04064	12045
mmu04064	12046
mmu04064	12047
mmu04064	12048
mmu04064	12229
mmu04064	12475
mmu04064	12633
mmu04064	12675
mmu04064	12995
mmu04064	13000
mmu04064	13001
mmu04064	13197
mmu04064	13607
mmu04064	13608
mmu04064	14825
mmu04064	15894
mmu04064	16150
mmu04064	16151
mmu04064	16176
mmu04064	16177
mmu04064	16179
mmu04064	16797
mmu04064	16803
mmu04064	16818
mmu04064	16992
mmu04064	16994
mmu04064	17000
mmu04064	17060
mmu04064	170720
mmu04064	17087
mmu04064	17096
mmu04064	171211
mmu04064	17873
mmu04064	17874
mmu04064	18033
mmu04064	18034
mmu04064	18035
mmu04064	18751
mmu04064	18761
mmu04064	18792
mmu04064	18803
mmu04064	18829
mmu04064	19225
mmu04064	19697
mmu04064	19698
mmu04064	19766
mmu04064	20303
mmu04064	20310
mmu04064	20315
mmu04064	20963
mmu04064	217069
mmu04064	21898
mmu04064	21926
mmu04064	21929
mmu04064	21934
mmu04064	21937
mmu04064	21939
mmu04064	21943
mmu04064	21947
mmu04064	22029
mmu04064	22030
mmu04064	22031
mmu04064	22033
mmu04064	22034
mmu04064	22196
mmu04064	22329
mmu04064	225471
mmu04064	22637
mmu04064	230073
mmu04064	234779
mmu04064	23882
mmu04064	240354
mmu04064	24047
mmu04064	24099
mmu04064	245527
mmu04064	26409
mmu04064	266632
mmu04064	330122
mmu04064	50930
mmu04064	53859
mmu04064	57913
mmu04064	59004
mmu04064	66513
mmu04064	66724
mmu04064	68652
mmu04064	71609
mmu04064	72049
mmu04064	74256
mmu04066	106557
mmu04066	108058
mmu04066	112405
mmu04066	112406
mmu04066	112407
mmu04066	115487111
mmu04066	11600
mmu04066	11601
mmu04066	11602
mmu04066	11651
mmu04066	11652
mmu04066	11674
mmu04066	11676
mmu04066	11863
mmu04066	12043
mmu04066	12322
mmu04066	12323
mmu04066	12325
mmu04066	12575
mmu04066	12576
mmu04066	12914
mmu04066	13058
mmu04066	13614
mmu04066	13645
mmu04066	13649
mmu04066	13684
mmu04066	13685
mmu04066	13806
mmu04066	13807
mmu04066	13808
mmu04066	13856
mmu04066	13866
mmu04066	14254
mmu04066	14433
mmu04066	15251
mmu04066	15275
mmu04066	15277
mmu04066	15368
mmu04066	15978
mmu04066	15979
mmu04066	15980
mmu04066	16000
mmu04066	16001
mmu04066	16193
mmu04066	16194
mmu04066	16333
mmu04066	16334
mmu04066	16337
mmu04066	16828
mmu04066	16832
mmu04066	16833
mmu04066	17000
mmu04066	170768
mmu04066	17346
mmu04066	17347
mmu04066	18033
mmu04066	18126
mmu04066	18127
mmu04066	18597
mmu04066	18598
mmu04066	18641
mmu04066	18642
mmu04066	18655
mmu04066	18663
mmu04066	18706
mmu04066	18707
mmu04066	18708
mmu04066	18709
mmu04066	18710
mmu04066	18750
mmu04066	18751
mmu04066	18752
mmu04066	18787
mmu04066	18803
mmu04066	19697
mmu04066	20104
mmu04066	20525
mmu04066	20848
mmu04066	212032
mmu04066	216019
mmu04066	21687
mmu04066	218268
mmu04066	21857
mmu04066	21898
mmu04066	22041
mmu04066	22042
mmu04066	22339
mmu04066	22346
mmu04066	226265
mmu04066	228026
mmu04066	230163
mmu04066	230899
mmu04066	234779
mmu04066	23797
mmu04066	26395
mmu04066	26396
mmu04066	26413
mmu04066	26417
mmu04066	26987
mmu04066	328572
mmu04066	353204
mmu04066	433182
mmu04066	56421
mmu04066	56438
mmu04066	56717
mmu04066	58988
mmu04066	67673
mmu04066	67923
mmu04066	68263
mmu04066	71745
mmu04066	71775
mmu04066	72508
mmu04066	74769
mmu04066	79459
mmu04068	105787
mmu04068	108079
mmu04068	108097
mmu04068	108099
mmu04068	109880
mmu04068	110157
mmu04068	11651
mmu04068	11652
mmu04068	11836
mmu04068	11920
mmu04068	12053
mmu04068	12125
mmu04068	12176
mmu04068	12359
mmu04068	12442
mmu04068	12443
mmu04068	12444
mmu04068	12452
mmu04068	12566
mmu04068	12575
mmu04068	12576
mmu04068	12579
mmu04068	12581
mmu04068	12675
mmu04068	12795
mmu04068	12914
mmu04068	13197
mmu04068	13609
mmu04068	13611
mmu04068	13645
mmu04068	13649
mmu04068	14103
mmu04068	14377
mmu04068	14378
mmu04068	14784
mmu04068	14816
mmu04068	15228
mmu04068	15461
mmu04068	15469
mmu04068	16000
mmu04068	16001
mmu04068	16150
mmu04068	16153
mmu04068	16193
mmu04068	16197
mmu04068	16333
mmu04068	16334
mmu04068	16337
mmu04068	16367
mmu04068	16369
mmu04068	16370
mmu04068	16598
mmu04068	16653
mmu04068	170755
mmu04068	17127
mmu04068	17128
mmu04068	17246
mmu04068	17873
mmu04068	18099
mmu04068	18176
mmu04068	18534
mmu04068	18607
mmu04068	18706
mmu04068	18707
mmu04068	18708
mmu04068	18709
mmu04068	18710
mmu04068	18817
mmu04068	19079
mmu04068	19082
mmu04068	19094
mmu04068	19211
mmu04068	19373
mmu04068	19374
mmu04068	19651
mmu04068	20393
mmu04068	20528
mmu04068	20620
mmu04068	20656
mmu04068	20662
mmu04068	20663
mmu04068	20848
mmu04068	20869
mmu04068	20873
mmu04068	209091
mmu04068	216439
mmu04068	21803
mmu04068	21808
mmu04068	21809
mmu04068	21812
mmu04068	21813
mmu04068	22035
mmu04068	23797
mmu04068	23882
mmu04068	241113
mmu04068	252870
mmu04068	26395
mmu04068	26396
mmu04068	26413
mmu04068	26414
mmu04068	26415
mmu04068	26416
mmu04068	26417
mmu04068	26419
mmu04068	26420
mmu04068	26556
mmu04068	26557
mmu04068	26558
mmu04068	268697
mmu04068	27219
mmu04068	27373
mmu04068	27401
mmu04068	29857
mmu04068	328572
mmu04068	329934
mmu04068	384783
mmu04068	54601
mmu04068	56458
mmu04068	56484
mmu04068	56486
mmu04068	57436
mmu04068	58231
mmu04068	66822
mmu04068	67526
mmu04068	67731
mmu04068	68401
mmu04068	73251
mmu04068	74551
mmu04068	74769
mmu04068	93739
mmu04068	93759
mmu04070	101490
mmu04070	104015
mmu04070	104418
mmu04070	107650
mmu04070	108083
mmu04070	110197
mmu04070	110524
mmu04070	110911
mmu04070	114663
mmu04070	114875
mmu04070	117150
mmu04070	12313
mmu04070	12314
mmu04070	12315
mmu04070	13139
mmu04070	16329
mmu04070	16330
mmu04070	16331
mmu04070	16332
mmu04070	16438
mmu04070	16439
mmu04070	16440
mmu04070	170749
mmu04070	17772
mmu04070	18704
mmu04070	18705
mmu04070	18706
mmu04070	18707
mmu04070	18708
mmu04070	18709
mmu04070	18710
mmu04070	18711
mmu04070	18717
mmu04070	18718
mmu04070	18719
mmu04070	18720
mmu04070	18750
mmu04070	18751
mmu04070	18752
mmu04070	18795
mmu04070	18796
mmu04070	18797
mmu04070	18798
mmu04070	18799
mmu04070	18802
mmu04070	18803
mmu04070	19211
mmu04070	20975
mmu04070	212111
mmu04070	217480
mmu04070	217837
mmu04070	219024
mmu04070	219135
mmu04070	224020
mmu04070	225326
mmu04070	227333
mmu04070	227399
mmu04070	228550
mmu04070	233011
mmu04070	234515
mmu04070	234779
mmu04070	240752
mmu04070	242291
mmu04070	269180
mmu04070	271424
mmu04070	27399
mmu04070	320127
mmu04070	320404
mmu04070	320634
mmu04070	327655
mmu04070	331374
mmu04070	380921
mmu04070	494124
mmu04070	52858
mmu04070	53332
mmu04070	54384
mmu04070	55980
mmu04070	56077
mmu04070	64436
mmu04070	67073
mmu04070	69718
mmu04070	70405
mmu04070	72469
mmu04070	72519
mmu04070	74055
mmu04070	74302
mmu04070	74596
mmu04070	74769
mmu04070	75600
mmu04070	75678
mmu04070	76500
mmu04070	77116
mmu04070	80796
mmu04070	83493
mmu04070	84095
mmu04070	97287
mmu04071	100039815
mmu04071	100039830
mmu04071	110157
mmu04071	11539
mmu04071	11542
mmu04071	11651
mmu04071	11652
mmu04071	11848
mmu04071	11886
mmu04071	12028
mmu04071	12043
mmu04071	12062
mmu04071	12122
mmu04071	13033
mmu04071	13244
mmu04071	13609
mmu04071	13610
mmu04071	13611
mmu04071	14125
mmu04071	14126
mmu04071	14127
mmu04071	14360
mmu04071	14389
mmu04071	14673
mmu04071	14674
mmu04071	14677
mmu04071	14678
mmu04071	14679
mmu04071	14682
mmu04071	14739
mmu04071	15461
mmu04071	16644
mmu04071	16653
mmu04071	170758
mmu04071	171168
mmu04071	17250
mmu04071	18033
mmu04071	18127
mmu04071	18176
mmu04071	18201
mmu04071	18386
mmu04071	18607
mmu04071	18706
mmu04071	18707
mmu04071	18708
mmu04071	18709
mmu04071	18710
mmu04071	18750
mmu04071	18751
mmu04071	18752
mmu04071	18754
mmu04071	18762
mmu04071	18795
mmu04071	18796
mmu04071	18797
mmu04071	18798
mmu04071	18805
mmu04071	18806
mmu04071	19052
mmu04071	19053
mmu04071	19054
mmu04071	19094
mmu04071	19211
mmu04071	19353
mmu04071	19354
mmu04071	19697
mmu04071	19877
mmu04071	19878
mmu04071	20397
mmu04071	20597
mmu04071	20598
mmu04071	20698
mmu04071	20773
mmu04071	208449
mmu04071	21770
mmu04071	21926
mmu04071	21937
mmu04071	22030
mmu04071	22059
mmu04071	225849
mmu04071	226849
mmu04071	228677
mmu04071	230379
mmu04071	235542
mmu04071	23797
mmu04071	241447
mmu04071	26395
mmu04071	26396
mmu04071	26408
mmu04071	26413
mmu04071	26414
mmu04071	26415
mmu04071	26416
mmu04071	26417
mmu04071	26419
mmu04071	26420
mmu04071	268656
mmu04071	26931
mmu04071	26932
mmu04071	269643
mmu04071	29857
mmu04071	385643
mmu04071	433323
mmu04071	51792
mmu04071	52432
mmu04071	54447
mmu04071	545975
mmu04071	56632
mmu04071	59032
mmu04071	619326
mmu04071	67260
mmu04071	67653
mmu04071	70059
mmu04071	71609
mmu04071	71949
mmu04071	71978
mmu04071	72930
mmu04071	73699
mmu04071	74442
mmu04071	74769
mmu04071	76893
mmu04071	81535
mmu04071	93898
mmu04071	94226
mmu04072	103967
mmu04072	104110
mmu04072	104111
mmu04072	104418
mmu04072	104709
mmu04072	108068
mmu04072	108069
mmu04072	108071
mmu04072	108072
mmu04072	108073
mmu04072	110157
mmu04072	110197
mmu04072	110524
mmu04072	11512
mmu04072	11513
mmu04072	11514
mmu04072	11515
mmu04072	11606
mmu04072	11607
mmu04072	11608
mmu04072	11651
mmu04072	11652
mmu04072	11840
mmu04072	11841
mmu04072	11845
mmu04072	11848
mmu04072	11998
mmu04072	12000
mmu04072	12765
mmu04072	13139
mmu04072	13429
mmu04072	13430
mmu04072	13645
mmu04072	13649
mmu04072	14061
mmu04072	14062
mmu04072	14125
mmu04072	14126
mmu04072	14127
mmu04072	14360
mmu04072	14388
mmu04072	14389
mmu04072	14673
mmu04072	14674
mmu04072	14683
mmu04072	14745
mmu04072	14784
mmu04072	14816
mmu04072	14823
mmu04072	15461
mmu04072	16333
mmu04072	16334
mmu04072	16337
mmu04072	16590
mmu04072	16653
mmu04072	17311
mmu04072	17532
mmu04072	18176
mmu04072	18590
mmu04072	18591
mmu04072	18595
mmu04072	18596
mmu04072	18706
mmu04072	18707
mmu04072	18708
mmu04072	18709
mmu04072	18710
mmu04072	18717
mmu04072	18719
mmu04072	18720
mmu04072	18750
mmu04072	18783
mmu04072	18795
mmu04072	18796
mmu04072	18797
mmu04072	18798
mmu04072	18803
mmu04072	18805
mmu04072	18806
mmu04072	19012
mmu04072	19157
mmu04072	19158
mmu04072	19159
mmu04072	19220
mmu04072	19229
mmu04072	19247
mmu04072	19730
mmu04072	19744
mmu04072	20130
mmu04072	20416
mmu04072	20418
mmu04072	20662
mmu04072	20663
mmu04072	20698
mmu04072	20963
mmu04072	210044
mmu04072	211429
mmu04072	216148
mmu04072	217480
mmu04072	22084
mmu04072	223864
mmu04072	224129
mmu04072	227288
mmu04072	227333
mmu04072	232889
mmu04072	234779
mmu04072	23797
mmu04072	26361
mmu04072	26395
mmu04072	26396
mmu04072	26413
mmu04072	26417
mmu04072	268934
mmu04072	271844
mmu04072	271849
mmu04072	28169
mmu04072	30955
mmu04072	320127
mmu04072	320207
mmu04072	329502
mmu04072	331374
mmu04072	380921
mmu04072	381810
mmu04072	432530
mmu04072	50784
mmu04072	52123
mmu04072	53978
mmu04072	54140
mmu04072	54635
mmu04072	55979
mmu04072	56044
mmu04072	56077
mmu04072	56508
mmu04072	56632
mmu04072	56717
mmu04072	64143
mmu04072	64930
mmu04072	65086
mmu04072	66922
mmu04072	67168
mmu04072	67512
mmu04072	67653
mmu04072	67916
mmu04072	68262
mmu04072	71785
mmu04072	72318
mmu04072	74769
mmu04072	78134
mmu04072	78390
mmu04080	100038489
mmu04080	100040208
mmu04080	100040233
mmu04080	100043254
mmu04080	100312949
mmu04080	100312956
mmu04080	100312986
mmu04080	100312987
mmu04080	103964
mmu04080	104443
mmu04080	105244994
mmu04080	108015
mmu04080	108043
mmu04080	108068
mmu04080	108069
mmu04080	108071
mmu04080	108072
mmu04080	108073
mmu04080	109648
mmu04080	110304
mmu04080	110312
mmu04080	110637
mmu04080	110834
mmu04080	110835
mmu04080	110886
mmu04080	110902
mmu04080	111174
mmu04080	114228
mmu04080	114229
mmu04080	11435
mmu04080	11438
mmu04080	11440
mmu04080	11441
mmu04080	11443
mmu04080	11444
mmu04080	11447
mmu04080	11448
mmu04080	11449
mmu04080	114640
mmu04080	11516
mmu04080	11517
mmu04080	11535
mmu04080	11539
mmu04080	11540
mmu04080	11541
mmu04080	11542
mmu04080	11548
mmu04080	11549
mmu04080	11550
mmu04080	11551
mmu04080	11552
mmu04080	11553
mmu04080	11554
mmu04080	11555
mmu04080	11556
mmu04080	11606
mmu04080	11607
mmu04080	11608
mmu04080	11609
mmu04080	116903
mmu04080	11998
mmu04080	12000
mmu04080	12061
mmu04080	12062
mmu04080	12209
mmu04080	12257
mmu04080	12266
mmu04080	12267
mmu04080	12273
mmu04080	12310
mmu04080	12311
mmu04080	12424
mmu04080	12425
mmu04080	12426
mmu04080	12640
mmu04080	12669
mmu04080	12671
mmu04080	12672
mmu04080	12801
mmu04080	12802
mmu04080	12854
mmu04080	12918
mmu04080	12921
mmu04080	12922
mmu04080	13035
mmu04080	13488
mmu04080	13489
mmu04080	13490
mmu04080	13491
mmu04080	13492
mmu04080	13609
mmu04080	13610
mmu04080	13611
mmu04080	13614
mmu04080	13615
mmu04080	13616
mmu04080	13617
mmu04080	13618
mmu04080	140498
mmu04080	14061
mmu04080	14062
mmu04080	14063
mmu04080	14064
mmu04080	14065
mmu04080	140795
mmu04080	14289
mmu04080	14290
mmu04080	14291
mmu04080	14293
mmu04080	14294
mmu04080	14308
mmu04080	14309
mmu04080	14394
mmu04080	14395
mmu04080	14396
mmu04080	14397
mmu04080	14399
mmu04080	14400
mmu04080	14401
mmu04080	14402
mmu04080	14403
mmu04080	14404
mmu04080	14405
mmu04080	14406
mmu04080	14407
mmu04080	14408
mmu04080	14409
mmu04080	14419
mmu04080	14427
mmu04080	14428
mmu04080	14429
mmu04080	14526
mmu04080	14527
mmu04080	14599
mmu04080	14600
mmu04080	14601
mmu04080	14602
mmu04080	14607
mmu04080	14608
mmu04080	14652
mmu04080	14654
mmu04080	14658
mmu04080	14714
mmu04080	14715
mmu04080	14739
mmu04080	14745
mmu04080	14765
mmu04080	14767
mmu04080	14799
mmu04080	14800
mmu04080	14802
mmu04080	14803
mmu04080	14804
mmu04080	14805
mmu04080	14806
mmu04080	14807
mmu04080	14809
mmu04080	14810
mmu04080	14811
mmu04080	14812
mmu04080	14813
mmu04080	14814
mmu04080	14815
mmu04080	14816
mmu04080	14823
mmu04080	14829
mmu04080	14938
mmu04080	15139
mmu04080	15171
mmu04080	15465
mmu04080	15466
mmu04080	15550
mmu04080	15551
mmu04080	15552
mmu04080	15557
mmu04080	15558
mmu04080	15559
mmu04080	15560
mmu04080	15562
mmu04080	15563
mmu04080	15564
mmu04080	15565
mmu04080	15566
mmu04080	15874
mmu04080	16336
mmu04080	16644
mmu04080	16846
mmu04080	16847
mmu04080	16866
mmu04080	16867
mmu04080	16995
mmu04080	170458
mmu04080	170483
mmu04080	170732
mmu04080	171530
mmu04080	17171
mmu04080	17199
mmu04080	17200
mmu04080	17201
mmu04080	17202
mmu04080	17203
mmu04080	17773
mmu04080	18101
mmu04080	18155
mmu04080	18166
mmu04080	18167
mmu04080	18168
mmu04080	18169
mmu04080	18216
mmu04080	18217
mmu04080	18386
mmu04080	18387
mmu04080	18389
mmu04080	18390
mmu04080	18429
mmu04080	18430
mmu04080	18436
mmu04080	18438
mmu04080	18439
mmu04080	18440
mmu04080	18441
mmu04080	18442
mmu04080	18610
mmu04080	18619
mmu04080	18815
mmu04080	18976
mmu04080	19064
mmu04080	19065
mmu04080	19109
mmu04080	19111
mmu04080	19116
mmu04080	19204
mmu04080	19214
mmu04080	19216
mmu04080	19217
mmu04080	19218
mmu04080	19219
mmu04080	19220
mmu04080	19222
mmu04080	19226
mmu04080	19228
mmu04080	193034
mmu04080	19773
mmu04080	20287
mmu04080	20604
mmu04080	20605
mmu04080	20606
mmu04080	20607
mmu04080	20608
mmu04080	20609
mmu04080	207911
mmu04080	208188
mmu04080	208990
mmu04080	209512
mmu04080	209513
mmu04080	209517
mmu04080	212108
mmu04080	21333
mmu04080	21334
mmu04080	21336
mmu04080	21337
mmu04080	21338
mmu04080	213438
mmu04080	213527
mmu04080	213788
mmu04080	21390
mmu04080	215854
mmu04080	215855
mmu04080	215856
mmu04080	215859
mmu04080	216643
mmu04080	216749
mmu04080	217212
mmu04080	217369
mmu04080	217674
mmu04080	21833
mmu04080	21834
mmu04080	22044
mmu04080	22045
mmu04080	22072
mmu04080	22073
mmu04080	22074
mmu04080	22094
mmu04080	22095
mmu04080	22226
mmu04080	22353
mmu04080	22354
mmu04080	22355
mmu04080	223780
mmu04080	224065
mmu04080	225192
mmu04080	225642
mmu04080	226278
mmu04080	226304
mmu04080	227717
mmu04080	228139
mmu04080	229214
mmu04080	230777
mmu04080	231252
mmu04080	231602
mmu04080	232836
mmu04080	233571
mmu04080	237213
mmu04080	237362
mmu04080	23796
mmu04080	23919
mmu04080	239336
mmu04080	23936
mmu04080	239845
mmu04080	24111
mmu04080	242093
mmu04080	242425
mmu04080	242443
mmu04080	243407
mmu04080	243764
mmu04080	244701
mmu04080	245526
mmu04080	26361
mmu04080	268934
mmu04080	276742
mmu04080	280287
mmu04080	28078
mmu04080	30878
mmu04080	319229
mmu04080	319239
mmu04080	319552
mmu04080	320343
mmu04080	321020
mmu04080	321021
mmu04080	328699
mmu04080	330921
mmu04080	381073
mmu04080	381489
mmu04080	381677
mmu04080	381853
mmu04080	382348
mmu04080	385643
mmu04080	387285
mmu04080	433292
mmu04080	435206
mmu04080	435207
mmu04080	436522
mmu04080	436523
mmu04080	493809
mmu04080	494546
mmu04080	503558
mmu04080	504186
mmu04080	53328
mmu04080	53623
mmu04080	53978
mmu04080	54140
mmu04080	54393
mmu04080	54598
mmu04080	54615
mmu04080	56183
mmu04080	56872
mmu04080	57249
mmu04080	57260
mmu04080	57277
mmu04080	57385
mmu04080	58861
mmu04080	58991
mmu04080	60531
mmu04080	623503
mmu04080	64095
mmu04080	65086
mmu04080	67168
mmu04080	67373
mmu04080	67405
mmu04080	68039
mmu04080	68171
mmu04080	68957
mmu04080	69071
mmu04080	69462
mmu04080	70086
mmu04080	70804
mmu04080	71897
mmu04080	73626
mmu04080	74191
mmu04080	75552
mmu04080	77080
mmu04080	77908
mmu04080	78134
mmu04080	78826
mmu04080	83428
mmu04080	93670
mmu04080	93742
mmu04080	93896
mmu04080	94045
mmu04080	94226
mmu04080	99296
mmu04150	105787
mmu04150	108079
mmu04150	108664
mmu04150	109270
mmu04150	109880
mmu04150	110157
mmu04150	110379
mmu04150	110651
mmu04150	110935
mmu04150	11651
mmu04150	11652
mmu04150	11848
mmu04150	11964
mmu04150	11966
mmu04150	11973
mmu04150	12283
mmu04150	12675
mmu04150	13542
mmu04150	13543
mmu04150	13544
mmu04150	13684
mmu04150	13685
mmu04150	14245
mmu04150	14362
mmu04150	14365
mmu04150	14366
mmu04150	14367
mmu04150	14368
mmu04150	14369
mmu04150	14370
mmu04150	14371
mmu04150	14783
mmu04150	14784
mmu04150	15461
mmu04150	16000
mmu04150	16001
mmu04150	16150
mmu04150	16333
mmu04150	16334
mmu04150	16337
mmu04150	16367
mmu04150	16653
mmu04150	16973
mmu04150	16974
mmu04150	17168
mmu04150	17254
mmu04150	18176
mmu04150	18607
mmu04150	18706
mmu04150	18707
mmu04150	18708
mmu04150	18709
mmu04150	18710
mmu04150	18750
mmu04150	18751
mmu04150	18752
mmu04150	19211
mmu04150	19744
mmu04150	20104
mmu04150	20111
mmu04150	20112
mmu04150	20393
mmu04150	20539
mmu04150	20662
mmu04150	20663
mmu04150	20869
mmu04150	20890
mmu04150	216742
mmu04150	216795
mmu04150	216805
mmu04150	218268
mmu04150	21926
mmu04150	21937
mmu04150	22084
mmu04150	22241
mmu04150	22408
mmu04150	22409
mmu04150	22410
mmu04150	22411
mmu04150	22412
mmu04150	22413
mmu04150	22414
mmu04150	22415
mmu04150	22416
mmu04150	22417
mmu04150	22418
mmu04150	22419
mmu04150	22420
mmu04150	22421
mmu04150	22422
mmu04150	22423
mmu04150	227154
mmu04150	227743
mmu04150	230784
mmu04150	23797
mmu04150	245670
mmu04150	252875
mmu04150	26395
mmu04150	26396
mmu04150	26413
mmu04150	26417
mmu04150	268706
mmu04150	268933
mmu04150	26987
mmu04150	27401
mmu04150	277854
mmu04150	29869
mmu04150	319481
mmu04150	320311
mmu04150	329679
mmu04150	338375
mmu04150	52187
mmu04150	54170
mmu04150	56032
mmu04150	56430
mmu04150	56637
mmu04150	56692
mmu04150	56716
mmu04150	56717
mmu04150	57265
mmu04150	58988
mmu04150	64898
mmu04150	64899
mmu04150	64930
mmu04150	66096
mmu04150	66144
mmu04150	66237
mmu04150	66290
mmu04150	66335
mmu04150	66508
mmu04150	67046
mmu04150	67071
mmu04150	67605
mmu04150	67653
mmu04150	68441
mmu04150	68576
mmu04150	68775
mmu04150	69008
mmu04150	71718
mmu04150	71962
mmu04150	72124
mmu04150	72149
mmu04150	72446
mmu04150	72508
mmu04150	73834
mmu04150	74370
mmu04150	74747
mmu04150	74769
mmu04150	74915
mmu04150	75425
mmu04150	75705
mmu04150	78757
mmu04150	80909
mmu04150	83409
mmu04150	93735
mmu04150	93897
mmu04150	97998
mmu04151	100039815
mmu04151	100039830
mmu04151	100503710
mmu04151	104099
mmu04151	104709
mmu04151	105787
mmu04151	108079
mmu04151	109333
mmu04151	109700
mmu04151	110157
mmu04151	11600
mmu04151	11601
mmu04151	11602
mmu04151	11651
mmu04151	11652
mmu04151	11839
mmu04151	11909
mmu04151	11911
mmu04151	12015
mmu04151	12043
mmu04151	12048
mmu04151	12064
mmu04151	12125
mmu04151	12189
mmu04151	12371
mmu04151	12443
mmu04151	12444
mmu04151	12445
mmu04151	12447
mmu04151	12448
mmu04151	12478
mmu04151	12539
mmu04151	12566
mmu04151	12567
mmu04151	12571
mmu04151	12575
mmu04151	12576
mmu04151	12643
mmu04151	12669
mmu04151	12675
mmu04151	12824
mmu04151	12826
mmu04151	12827
mmu04151	12828
mmu04151	12829
mmu04151	12830
mmu04151	12833
mmu04151	12834
mmu04151	12835
mmu04151	12839
mmu04151	12840
mmu04151	12841
mmu04151	12842
mmu04151	12843
mmu04151	12845
mmu04151	12912
mmu04151	12913
mmu04151	12915
mmu04151	12977
mmu04151	12978
mmu04151	12985
mmu04151	12986
mmu04151	13636
mmu04151	13637
mmu04151	13638
mmu04151	13639
mmu04151	13640
mmu04151	13645
mmu04151	13649
mmu04151	13684
mmu04151	13685
mmu04151	13836
mmu04151	13856
mmu04151	13857
mmu04151	13866
mmu04151	13867
mmu04151	13869
mmu04151	13874
mmu04151	14062
mmu04151	14083
mmu04151	14103
mmu04151	14164
mmu04151	14165
mmu04151	14170
mmu04151	14171
mmu04151	14172
mmu04151	14173
mmu04151	14174
mmu04151	14175
mmu04151	14176
mmu04151	14177
mmu04151	14178
mmu04151	14179
mmu04151	14180
mmu04151	14182
mmu04151	14183
mmu04151	14184
mmu04151	14186
mmu04151	14205
mmu04151	14254
mmu04151	14255
mmu04151	14256
mmu04151	14257
mmu04151	14268
mmu04151	14377
mmu04151	14378
mmu04151	14599
mmu04151	14600
mmu04151	14688
mmu04151	14693
mmu04151	14695
mmu04151	14696
mmu04151	14697
mmu04151	14699
mmu04151	14700
mmu04151	14701
mmu04151	14702
mmu04151	14704
mmu04151	14706
mmu04151	14707
mmu04151	14708
mmu04151	14709
mmu04151	14710
mmu04151	14745
mmu04151	14784
mmu04151	14924
mmu04151	14936
mmu04151	15234
mmu04151	15370
mmu04151	15461
mmu04151	15516
mmu04151	15519
mmu04151	15891
mmu04151	15962
mmu04151	15964
mmu04151	15965
mmu04151	15967
mmu04151	15968
mmu04151	15969
mmu04151	15970
mmu04151	15972
mmu04151	15974
mmu04151	15975
mmu04151	15976
mmu04151	15977
mmu04151	16000
mmu04151	16001
mmu04151	16002
mmu04151	16150
mmu04151	16151
mmu04151	16183
mmu04151	16184
mmu04151	16185
mmu04151	16186
mmu04151	16187
mmu04151	16188
mmu04151	16189
mmu04151	16190
mmu04151	16193
mmu04151	16194
mmu04151	16196
mmu04151	16197
mmu04151	16333
mmu04151	16334
mmu04151	16337
mmu04151	16367
mmu04151	16398
mmu04151	16399
mmu04151	16400
mmu04151	16401
mmu04151	16402
mmu04151	16403
mmu04151	16404
mmu04151	16410
mmu04151	16412
mmu04151	16416
mmu04151	16419
mmu04151	16420
mmu04151	16421
mmu04151	16451
mmu04151	16452
mmu04151	16453
mmu04151	16542
mmu04151	16590
mmu04151	16653
mmu04151	16772
mmu04151	16773
mmu04151	16774
mmu04151	16775
mmu04151	16776
mmu04151	16777
mmu04151	16779
mmu04151	16780
mmu04151	16782
mmu04151	170755
mmu04151	17210
mmu04151	17246
mmu04151	17295
mmu04151	17311
mmu04151	17763
mmu04151	17863
mmu04151	17869
mmu04151	18033
mmu04151	18048
mmu04151	18049
mmu04151	18053
mmu04151	18127
mmu04151	18176
mmu04151	18205
mmu04151	18211
mmu04151	18212
mmu04151	18413
mmu04151	18414
mmu04151	18534
mmu04151	18590
mmu04151	18591
mmu04151	18595
mmu04151	18596
mmu04151	18607
mmu04151	18654
mmu04151	18706
mmu04151	18707
mmu04151	18708
mmu04151	18709
mmu04151	18710
mmu04151	18750
mmu04151	19052
mmu04151	19053
mmu04151	19054
mmu04151	19109
mmu04151	19111
mmu04151	19116
mmu04151	19211
mmu04151	192897
mmu04151	19353
mmu04151	19651
mmu04151	19697
mmu04151	19699
mmu04151	19744
mmu04151	20104
mmu04151	20181
mmu04151	20393
mmu04151	20662
mmu04151	20663
mmu04151	20750
mmu04151	208647
mmu04151	208677
mmu04151	20869
mmu04151	20963
mmu04151	213119
mmu04151	21432
mmu04151	21687
mmu04151	21770
mmu04151	21802
mmu04151	21825
mmu04151	21826
mmu04151	218268
mmu04151	21827
mmu04151	21828
mmu04151	21898
mmu04151	21923
mmu04151	21960
mmu04151	22027
mmu04151	22059
mmu04151	22084
mmu04151	22339
mmu04151	22340
mmu04151	22341
mmu04151	22370
mmu04151	22371
mmu04151	225849
mmu04151	22627
mmu04151	22628
mmu04151	22629
mmu04151	22630
mmu04151	22631
mmu04151	226519
mmu04151	226849
mmu04151	230396
mmu04151	230398
mmu04151	231991
mmu04151	232493
mmu04151	235542
mmu04151	23797
mmu04151	23928
mmu04151	24088
mmu04151	241226
mmu04151	242517
mmu04151	242519
mmu04151	243764
mmu04151	244650
mmu04151	245026
mmu04151	263803
mmu04151	26395
mmu04151	26396
mmu04151	26413
mmu04151	26417
mmu04151	26427
mmu04151	26931
mmu04151	26932
mmu04151	269643
mmu04151	26987
mmu04151	27219
mmu04151	27379
mmu04151	27380
mmu04151	27381
mmu04151	28078
mmu04151	30955
mmu04151	319480
mmu04151	320207
mmu04151	320795
mmu04151	320910
mmu04151	329278
mmu04151	381810
mmu04151	404549
mmu04151	50791
mmu04151	51792
mmu04151	52432
mmu04151	53978
mmu04151	54401
mmu04151	54635
mmu04151	56484
mmu04151	56636
mmu04151	56637
mmu04151	56716
mmu04151	56717
mmu04151	58988
mmu04151	59032
mmu04151	64337
mmu04151	64654
mmu04151	64930
mmu04151	65086
mmu04151	66066
mmu04151	665033
mmu04151	67112
mmu04151	67168
mmu04151	68401
mmu04151	68553
mmu04151	71785
mmu04151	71978
mmu04151	72508
mmu04151	72930
mmu04151	73699
mmu04151	74343
mmu04151	74370
mmu04151	74551
mmu04151	74747
mmu04151	74769
mmu04151	75705
mmu04151	75778
mmu04151	78134
mmu04151	78284
mmu04151	78405
mmu04151	80857
mmu04151	80903
mmu04151	81877
mmu04151	83490
mmu04151	94216
mmu04151	98432
mmu04152	100039815
mmu04152	100039830
mmu04152	100705
mmu04152	105787
mmu04152	107476
mmu04152	108079
mmu04152	108097
mmu04152	108099
mmu04152	11450
mmu04152	11549
mmu04152	11651
mmu04152	11652
mmu04152	12283
mmu04152	12427
mmu04152	12428
mmu04152	12443
mmu04152	12491
mmu04152	12638
mmu04152	12683
mmu04152	12894
mmu04152	12895
mmu04152	12912
mmu04152	12913
mmu04152	13629
mmu04152	13631
mmu04152	13685
mmu04152	14104
mmu04152	14120
mmu04152	14121
mmu04152	14377
mmu04152	14378
mmu04152	14936
mmu04152	15357
mmu04152	15378
mmu04152	15568
mmu04152	16000
mmu04152	16001
mmu04152	16333
mmu04152	16334
mmu04152	16337
mmu04152	16367
mmu04152	16369
mmu04152	16370
mmu04152	16846
mmu04152	16847
mmu04152	16890
mmu04152	170768
mmu04152	17274
mmu04152	18534
mmu04152	18607
mmu04152	18639
mmu04152	18640
mmu04152	18641
mmu04152	18642
mmu04152	18706
mmu04152	18707
mmu04152	18708
mmu04152	18709
mmu04152	18710
mmu04152	19016
mmu04152	19017
mmu04152	19052
mmu04152	19053
mmu04152	19054
mmu04152	19079
mmu04152	19082
mmu04152	19325
mmu04152	19326
mmu04152	19744
mmu04152	20249
mmu04152	20250
mmu04152	20528
mmu04152	207565
mmu04152	20787
mmu04152	208647
mmu04152	208677
mmu04152	20869
mmu04152	21770
mmu04152	22084
mmu04152	22241
mmu04152	225849
mmu04152	226849
mmu04152	227154
mmu04152	231991
mmu04152	232493
mmu04152	235542
mmu04152	23797
mmu04152	241113
mmu04152	26409
mmu04152	26427
mmu04152	26931
mmu04152	26932
mmu04152	269643
mmu04152	270198
mmu04152	30049
mmu04152	329065
mmu04152	384783
mmu04152	51792
mmu04152	52432
mmu04152	56421
mmu04152	56458
mmu04152	56484
mmu04152	56690
mmu04152	56717
mmu04152	57915
mmu04152	58988
mmu04152	59021
mmu04152	59032
mmu04152	64930
mmu04152	67605
mmu04152	68365
mmu04152	68401
mmu04152	68465
mmu04152	69008
mmu04152	71978
mmu04152	72149
mmu04152	72508
mmu04152	72674
mmu04152	72930
mmu04152	73699
mmu04152	74343
mmu04152	74370
mmu04152	74551
mmu04152	74769
mmu04152	78070
mmu04152	78284
mmu04152	93759
mmu04310	102638837
mmu04310	103583
mmu04310	106042
mmu04310	107515
mmu04310	108058
mmu04310	114606
mmu04310	114671
mmu04310	11789
mmu04310	11848
mmu04310	12005
mmu04310	12006
mmu04310	12234
mmu04310	12301
mmu04310	12322
mmu04310	12323
mmu04310	12325
mmu04310	12387
mmu04310	12443
mmu04310	12444
mmu04310	12445
mmu04310	12622
mmu04310	12914
mmu04310	12995
mmu04310	13000
mmu04310	13001
mmu04310	13016
mmu04310	13017
mmu04310	13380
mmu04310	13542
mmu04310	13543
mmu04310	13544
mmu04310	14160
mmu04310	14283
mmu04310	14296
mmu04310	14362
mmu04310	14365
mmu04310	14366
mmu04310	14367
mmu04310	14368
mmu04310	14369
mmu04310	14370
mmu04310	14371
mmu04310	14735
mmu04310	16348
mmu04310	16476
mmu04310	16842
mmu04310	16973
mmu04310	16974
mmu04310	170758
mmu04310	17127
mmu04310	17128
mmu04310	17393
mmu04310	17869
mmu04310	18018
mmu04310	18019
mmu04310	18021
mmu04310	18099
mmu04310	18163
mmu04310	18747
mmu04310	18749
mmu04310	18750
mmu04310	18751
mmu04310	18752
mmu04310	18795
mmu04310	18796
mmu04310	18797
mmu04310	18798
mmu04310	19015
mmu04310	19055
mmu04310	19056
mmu04310	19057
mmu04310	19058
mmu04310	19059
mmu04310	19164
mmu04310	192199
mmu04310	19353
mmu04310	19354
mmu04310	19878
mmu04310	20187
mmu04310	20317
mmu04310	20319
mmu04310	20377
mmu04310	20378
mmu04310	20379
mmu04310	20437
mmu04310	20438
mmu04310	20671
mmu04310	207742
mmu04310	208846
mmu04310	20890
mmu04310	212398
mmu04310	21372
mmu04310	21402
mmu04310	21414
mmu04310	21415
mmu04310	21416
mmu04310	216795
mmu04310	21885
mmu04310	21886
mmu04310	21887
mmu04310	21888
mmu04310	22059
mmu04310	22402
mmu04310	22408
mmu04310	22409
mmu04310	22410
mmu04310	22411
mmu04310	22412
mmu04310	22413
mmu04310	22414
mmu04310	22415
mmu04310	22416
mmu04310	22417
mmu04310	22418
mmu04310	22419
mmu04310	22420
mmu04310	22421
mmu04310	22422
mmu04310	22423
mmu04310	228770
mmu04310	229658
mmu04310	231201
mmu04310	234130
mmu04310	23805
mmu04310	239405
mmu04310	24117
mmu04310	243548
mmu04310	26409
mmu04310	26414
mmu04310	26419
mmu04310	26420
mmu04310	26563
mmu04310	26564
mmu04310	26965
mmu04310	27373
mmu04310	27412
mmu04310	319478
mmu04310	328572
mmu04310	329252
mmu04310	381104
mmu04310	407821
mmu04310	408191
mmu04310	408192
mmu04310	494504
mmu04310	53627
mmu04310	54612
mmu04310	54630
mmu04310	56438
mmu04310	56505
mmu04310	56637
mmu04310	56811
mmu04310	57265
mmu04310	67087
mmu04310	67653
mmu04310	67772
mmu04310	68010
mmu04310	68339
mmu04310	72293
mmu04310	72780
mmu04310	73181
mmu04310	73739
mmu04310	74499
mmu04310	75826
mmu04310	76441
mmu04310	77583
mmu04310	81004
mmu04310	93687
mmu04310	93735
mmu04310	93840
mmu04310	93897
mmu04310	93960
mmu04330	102638837
mmu04330	103806
mmu04330	114606
mmu04330	11491
mmu04330	12914
mmu04330	13016
mmu04330	13017
mmu04330	13388
mmu04330	13389
mmu04330	13542
mmu04330	13543
mmu04330	13544
mmu04330	14357
mmu04330	14534
mmu04330	15182
mmu04330	15205
mmu04330	15208
mmu04330	15213
mmu04330	15214
mmu04330	16449
mmu04330	16450
mmu04330	16848
mmu04330	17305
mmu04330	18128
mmu04330	18129
mmu04330	18131
mmu04330	18132
mmu04330	18222
mmu04330	18223
mmu04330	18519
mmu04330	19164
mmu04330	19165
mmu04330	19208
mmu04330	19664
mmu04330	19668
mmu04330	19719
mmu04330	20238
mmu04330	20602
mmu04330	207521
mmu04330	208117
mmu04330	209200
mmu04330	21885
mmu04330	21886
mmu04330	21887
mmu04330	21888
mmu04330	226548
mmu04330	270118
mmu04330	328572
mmu04330	433586
mmu04330	433759
mmu04330	52335
mmu04330	54485
mmu04330	56198
mmu04330	59287
mmu04330	66340
mmu04330	66354
mmu04330	66935
mmu04330	68318
mmu04330	74198
mmu04330	80904
mmu04340	100042761
mmu04340	100043188
mmu04340	103236
mmu04340	103583
mmu04340	104318
mmu04340	109689
mmu04340	110355
mmu04340	117606
mmu04340	12043
mmu04340	12234
mmu04340	12443
mmu04340	12444
mmu04340	13363
mmu04340	14451
mmu04340	14632
mmu04340	14633
mmu04340	14634
mmu04340	14725
mmu04340	15245
mmu04340	16147
mmu04340	16568
mmu04340	16576
mmu04340	17237
mmu04340	18747
mmu04340	18749
mmu04340	19206
mmu04340	19207
mmu04340	20423
mmu04340	20747
mmu04340	214897
mmu04340	216869
mmu04340	226861
mmu04340	230500
mmu04340	233812
mmu04340	24069
mmu04340	240888
mmu04340	26554
mmu04340	26965
mmu04340	269878
mmu04340	27373
mmu04340	319757
mmu04340	320129
mmu04340	399674
mmu04340	399675
mmu04340	399676
mmu04340	56637
mmu04340	56788
mmu04340	57810
mmu04340	59056
mmu04340	66313
mmu04340	68525
mmu04340	68897
mmu04340	70425
mmu04340	74239
mmu04340	74770
mmu04340	75788
mmu04340	76857
mmu04340	93687
mmu04350	104394
mmu04350	110542
mmu04350	11477
mmu04350	11479
mmu04350	11480
mmu04350	11481
mmu04350	11705
mmu04350	11848
mmu04350	12156
mmu04350	12159
mmu04350	12160
mmu04350	12161
mmu04350	12162
mmu04350	12163
mmu04350	12164
mmu04350	12166
mmu04350	12167
mmu04350	12168
mmu04350	12579
mmu04350	12667
mmu04350	12914
mmu04350	13179
mmu04350	13559
mmu04350	13590
mmu04350	13732
mmu04350	14118
mmu04350	14264
mmu04350	14313
mmu04350	14563
mmu04350	15901
mmu04350	15902
mmu04350	15903
mmu04350	15904
mmu04350	15978
mmu04350	16323
mmu04350	16324
mmu04350	16325
mmu04350	16326
mmu04350	17125
mmu04350	17126
mmu04350	17127
mmu04350	17128
mmu04350	17129
mmu04350	17130
mmu04350	17131
mmu04350	17869
mmu04350	17965
mmu04350	18007
mmu04350	18119
mmu04350	18121
mmu04350	18741
mmu04350	19052
mmu04350	19053
mmu04350	19650
mmu04350	19877
mmu04350	20683
mmu04350	207596
mmu04350	209268
mmu04350	21402
mmu04350	21781
mmu04350	21803
mmu04350	21808
mmu04350	21809
mmu04350	21812
mmu04350	21813
mmu04350	21815
mmu04350	21825
mmu04350	218441
mmu04350	21926
mmu04350	228839
mmu04350	230597
mmu04350	238057
mmu04350	23892
mmu04350	23893
mmu04350	242316
mmu04350	244058
mmu04350	26413
mmu04350	26417
mmu04350	268977
mmu04350	269275
mmu04350	26965
mmu04350	320202
mmu04350	328572
mmu04350	51792
mmu04350	55994
mmu04350	56438
mmu04350	58988
mmu04350	66313
mmu04350	66438
mmu04350	67653
mmu04350	68010
mmu04350	68799
mmu04350	69585
mmu04350	72508
mmu04350	73699
mmu04350	75788
mmu04350	84506
mmu04370	102626
mmu04370	110157
mmu04370	11651
mmu04370	11652
mmu04370	12015
mmu04370	12371
mmu04370	12540
mmu04370	14083
mmu04370	15461
mmu04370	15507
mmu04370	16542
mmu04370	16653
mmu04370	170758
mmu04370	17164
mmu04370	18019
mmu04370	18127
mmu04370	18176
mmu04370	18706
mmu04370	18707
mmu04370	18708
mmu04370	18709
mmu04370	18710
mmu04370	18750
mmu04370	18751
mmu04370	18752
mmu04370	18783
mmu04370	18803
mmu04370	19055
mmu04370	19056
mmu04370	19057
mmu04370	19058
mmu04370	19059
mmu04370	19094
mmu04370	19225
mmu04370	19303
mmu04370	19353
mmu04370	19354
mmu04370	20698
mmu04370	20779
mmu04370	211429
mmu04370	216148
mmu04370	22339
mmu04370	232889
mmu04370	234779
mmu04370	23797
mmu04370	26395
mmu04370	26396
mmu04370	26413
mmu04370	26415
mmu04370	26416
mmu04370	26417
mmu04370	271844
mmu04370	27371
mmu04370	29857
mmu04370	329502
mmu04370	56632
mmu04370	74769
mmu04370	78390
mmu04371	100038489
mmu04371	100503710
mmu04371	103968
mmu04371	104110
mmu04371	104111
mmu04371	104709
mmu04371	105787
mmu04371	105980076
mmu04371	107589
mmu04371	108079
mmu04371	108097
mmu04371	108099
mmu04371	110157
mmu04371	110891
mmu04371	110893
mmu04371	11475
mmu04371	11512
mmu04371	11513
mmu04371	11514
mmu04371	11515
mmu04371	11607
mmu04371	11608
mmu04371	11651
mmu04371	11652
mmu04371	12313
mmu04371	12314
mmu04371	12315
mmu04371	12326
mmu04371	12443
mmu04371	12550
mmu04371	13653
mmu04371	14219
mmu04371	14674
mmu04371	14677
mmu04371	14678
mmu04371	14679
mmu04371	14682
mmu04371	14688
mmu04371	14693
mmu04371	14695
mmu04371	14696
mmu04371	14697
mmu04371	14699
mmu04371	14700
mmu04371	14701
mmu04371	14702
mmu04371	14704
mmu04371	14706
mmu04371	14707
mmu04371	14708
mmu04371	14709
mmu04371	14710
mmu04371	15184
mmu04371	15461
mmu04371	16438
mmu04371	16439
mmu04371	16440
mmu04371	16449
mmu04371	16598
mmu04371	16653
mmu04371	16890
mmu04371	17126
mmu04371	17127
mmu04371	17128
mmu04371	17258
mmu04371	17259
mmu04371	17260
mmu04371	17261
mmu04371	17532
mmu04371	17896
mmu04371	17897
mmu04371	17906
mmu04371	18125
mmu04371	18126
mmu04371	18127
mmu04371	18131
mmu04371	18176
mmu04371	18181
mmu04371	18576
mmu04371	18747
mmu04371	18749
mmu04371	18754
mmu04371	18787
mmu04371	18791
mmu04371	18795
mmu04371	18796
mmu04371	18797
mmu04371	18798
mmu04371	19017
mmu04371	19079
mmu04371	19082
mmu04371	20104
mmu04371	20130
mmu04371	20190
mmu04371	20191
mmu04371	20192
mmu04371	20541
mmu04371	20544
mmu04371	20698
mmu04371	20750
mmu04371	208727
mmu04371	210044
mmu04371	213435
mmu04371	21780
mmu04371	21812
mmu04371	22227
mmu04371	224129
mmu04371	225326
mmu04371	228785
mmu04371	23796
mmu04371	23797
mmu04371	238564
mmu04371	241113
mmu04371	26395
mmu04371	26396
mmu04371	26413
mmu04371	26417
mmu04371	271639
mmu04371	30878
mmu04371	30955
mmu04371	320207
mmu04371	432530
mmu04371	494124
mmu04371	56208
mmu04371	56632
mmu04371	56717
mmu04371	58988
mmu04371	64337
mmu04371	66066
mmu04371	66734
mmu04371	66922
mmu04371	67443
mmu04371	70405
mmu04371	72508
mmu04371	75600
mmu04371	75669
mmu04371	80796
mmu04390	101543
mmu04390	103583
mmu04390	104318
mmu04390	105782
mmu04390	11461
mmu04390	11465
mmu04390	11576
mmu04390	11705
mmu04390	11789
mmu04390	11796
mmu04390	11797
mmu04390	11799
mmu04390	11839
mmu04390	12005
mmu04390	12006
mmu04390	12156
mmu04390	12159
mmu04390	12160
mmu04390	12161
mmu04390	12162
mmu04390	12163
mmu04390	12164
mmu04390	12166
mmu04390	12167
mmu04390	12168
mmu04390	12234
mmu04390	12385
mmu04390	12386
mmu04390	12387
mmu04390	12443
mmu04390	12444
mmu04390	12445
mmu04390	12550
mmu04390	12695
mmu04390	13383
mmu04390	13385
mmu04390	13542
mmu04390	13543
mmu04390	13544
mmu04390	14164
mmu04390	14219
mmu04390	14362
mmu04390	14365
mmu04390	14366
mmu04390	14367
mmu04390	14368
mmu04390	14369
mmu04390	14370
mmu04390	14371
mmu04390	14563
mmu04390	14633
mmu04390	15901
mmu04390	15902
mmu04390	16414
mmu04390	16415
mmu04390	16475
mmu04390	16798
mmu04390	16842
mmu04390	16897
mmu04390	170770
mmu04390	170788
mmu04390	17125
mmu04390	17126
mmu04390	17127
mmu04390	17128
mmu04390	17131
mmu04390	17869
mmu04390	18016
mmu04390	18759
mmu04390	18762
mmu04390	18787
mmu04390	19045
mmu04390	19046
mmu04390	19047
mmu04390	19052
mmu04390	19053
mmu04390	20583
mmu04390	20674
mmu04390	20890
mmu04390	209456
mmu04390	211652
mmu04390	21414
mmu04390	21415
mmu04390	21416
mmu04390	216033
mmu04390	21676
mmu04390	21677
mmu04390	21678
mmu04390	21679
mmu04390	216795
mmu04390	217325
mmu04390	21803
mmu04390	21808
mmu04390	21809
mmu04390	21812
mmu04390	21813
mmu04390	22062
mmu04390	22408
mmu04390	22409
mmu04390	22410
mmu04390	22411
mmu04390	22412
mmu04390	22413
mmu04390	22414
mmu04390	22415
mmu04390	22416
mmu04390	22417
mmu04390	22418
mmu04390	22419
mmu04390	22420
mmu04390	22421
mmu04390	22422
mmu04390	22423
mmu04390	22601
mmu04390	22627
mmu04390	22628
mmu04390	22629
mmu04390	22630
mmu04390	22631
mmu04390	232157
mmu04390	23805
mmu04390	238057
mmu04390	23859
mmu04390	241324
mmu04390	242316
mmu04390	269643
mmu04390	27373
mmu04390	27494
mmu04390	29806
mmu04390	319710
mmu04390	434233
mmu04390	50523
mmu04390	51792
mmu04390	52432
mmu04390	53310
mmu04390	54401
mmu04390	56217
mmu04390	56274
mmu04390	56289
mmu04390	56513
mmu04390	56637
mmu04390	57265
mmu04390	58220
mmu04390	64010
mmu04390	68473
mmu04390	71228
mmu04390	71978
mmu04390	72293
mmu04390	72930
mmu04390	73246
mmu04390	73699
mmu04390	93735
mmu04390	93737
mmu04390	93742
mmu04390	93897
mmu04390	93960
mmu04390	97064
mmu04392	100534287
mmu04392	101543
mmu04392	16475
mmu04392	16798
mmu04392	18016
mmu04392	18479
mmu04392	211652
mmu04392	213391
mmu04392	215653
mmu04392	21676
mmu04392	21677
mmu04392	21678
mmu04392	21679
mmu04392	22601
mmu04392	232157
mmu04392	233651
mmu04392	27373
mmu04392	29806
mmu04392	319710
mmu04392	329628
mmu04392	50523
mmu04392	56274
mmu04392	56289
mmu04392	64010
mmu04392	68473
mmu04392	73246
mmu04392	97064
mmu04512	104099
mmu04512	109700
mmu04512	114249
mmu04512	11603
mmu04512	12491
mmu04512	12505
mmu04512	12643
mmu04512	12824
mmu04512	12826
mmu04512	12827
mmu04512	12828
mmu04512	12829
mmu04512	12830
mmu04512	12833
mmu04512	12834
mmu04512	12835
mmu04512	12839
mmu04512	12840
mmu04512	12841
mmu04512	12842
mmu04512	12843
mmu04512	12845
mmu04512	13138
mmu04512	13406
mmu04512	14268
mmu04512	14723
mmu04512	14724
mmu04512	14729
mmu04512	15366
mmu04512	15530
mmu04512	15891
mmu04512	16398
mmu04512	16399
mmu04512	16400
mmu04512	16401
mmu04512	16402
mmu04512	16403
mmu04512	16404
mmu04512	16410
mmu04512	16412
mmu04512	16416
mmu04512	16419
mmu04512	16420
mmu04512	16421
mmu04512	16423
mmu04512	16772
mmu04512	16773
mmu04512	16774
mmu04512	16775
mmu04512	16776
mmu04512	16777
mmu04512	16779
mmu04512	16780
mmu04512	16782
mmu04512	192897
mmu04512	19699
mmu04512	20750
mmu04512	20969
mmu04512	20971
mmu04512	213119
mmu04512	21825
mmu04512	21826
mmu04512	21827
mmu04512	21828
mmu04512	21923
mmu04512	21960
mmu04512	22370
mmu04512	22371
mmu04512	226519
mmu04512	231470
mmu04512	23928
mmu04512	241226
mmu04512	242022
mmu04512	243816
mmu04512	245026
mmu04512	319480
mmu04512	320910
mmu04512	329278
mmu04512	329872
mmu04512	54368
mmu04512	64051
mmu04512	64176
mmu04512	665033
mmu04512	666279
mmu04512	68553
mmu04512	75209
mmu04512	81877
mmu04512	94216
mmu04514	100039801
mmu04514	100042785
mmu04514	100043314
mmu04514	100504404
mmu04514	100529082
mmu04514	102657
mmu04514	104099
mmu04514	110557
mmu04514	110558
mmu04514	110696
mmu04514	114141
mmu04514	11658
mmu04514	12477
mmu04514	12481
mmu04514	12483
mmu04514	12487
mmu04514	12490
mmu04514	12504
mmu04514	12511
mmu04514	12519
mmu04514	12524
mmu04514	12525
mmu04514	12526
mmu04514	12550
mmu04514	12555
mmu04514	12558
mmu04514	12560
mmu04514	12561
mmu04514	12562
mmu04514	12737
mmu04514	12738
mmu04514	12739
mmu04514	12740
mmu04514	12741
mmu04514	12805
mmu04514	13003
mmu04514	14663
mmu04514	14960
mmu04514	14961
mmu04514	14963
mmu04514	14964
mmu04514	14969
mmu04514	14972
mmu04514	14980
mmu04514	14985
mmu04514	14990
mmu04514	14991
mmu04514	14997
mmu04514	14998
mmu04514	14999
mmu04514	15000
mmu04514	15001
mmu04514	15002
mmu04514	15006
mmu04514	15007
mmu04514	15013
mmu04514	15015
mmu04514	15018
mmu04514	15019
mmu04514	15024
mmu04514	15039
mmu04514	15040
mmu04514	15042
mmu04514	15043
mmu04514	15051
mmu04514	15529
mmu04514	15894
mmu04514	15896
mmu04514	16401
mmu04514	16403
mmu04514	16408
mmu04514	16409
mmu04514	16410
mmu04514	16412
mmu04514	16414
mmu04514	16415
mmu04514	16421
mmu04514	16456
mmu04514	16728
mmu04514	171171
mmu04514	17123
mmu04514	17136
mmu04514	171486
mmu04514	17528
mmu04514	17967
mmu04514	17968
mmu04514	18007
mmu04514	18189
mmu04514	18190
mmu04514	18191
mmu04514	18260
mmu04514	18417
mmu04514	18566
mmu04514	18613
mmu04514	192167
mmu04514	192198
mmu04514	19264
mmu04514	19266
mmu04514	19268
mmu04514	19274
mmu04514	19280
mmu04514	19294
mmu04514	20339
mmu04514	20340
mmu04514	20343
mmu04514	20344
mmu04514	20345
mmu04514	20612
mmu04514	20737
mmu04514	207683
mmu04514	20969
mmu04514	20970
mmu04514	20971
mmu04514	21367
mmu04514	216856
mmu04514	21939
mmu04514	21947
mmu04514	22329
mmu04514	224753
mmu04514	224754
mmu04514	224756
mmu04514	224761
mmu04514	225825
mmu04514	239250
mmu04514	239931
mmu04514	240095
mmu04514	241226
mmu04514	241568
mmu04514	242122
mmu04514	242653
mmu04514	245446
mmu04514	245450
mmu04514	245537
mmu04514	269116
mmu04514	272381
mmu04514	319504
mmu04514	320840
mmu04514	320910
mmu04514	333715
mmu04514	381091
mmu04514	386750
mmu04514	399549
mmu04514	50723
mmu04514	52118
mmu04514	53321
mmu04514	53624
mmu04514	54167
mmu04514	54419
mmu04514	54420
mmu04514	54725
mmu04514	547349
mmu04514	56173
mmu04514	56492
mmu04514	56863
mmu04514	57255
mmu04514	58187
mmu04514	58205
mmu04514	58235
mmu04514	58998
mmu04514	60363
mmu04514	60533
mmu04514	621628
mmu04514	628893
mmu04514	630294
mmu04514	667803
mmu04514	66797
mmu04514	667977
mmu04514	673094
mmu04514	67374
mmu04514	68481
mmu04514	69524
mmu04514	69717
mmu04514	71908
mmu04514	73934
mmu04514	74048
mmu04514	74987
mmu04514	75409
mmu04514	75677
mmu04514	76965
mmu04514	80883
mmu04514	83964
mmu04514	94332
mmu04630	100042555
mmu04630	110157
mmu04630	11651
mmu04630	11652
mmu04630	116849
mmu04630	11761
mmu04630	12043
mmu04630	12048
mmu04630	12443
mmu04630	12444
mmu04630	12445
mmu04630	12575
mmu04630	12700
mmu04630	12702
mmu04630	12703
mmu04630	12803
mmu04630	12804
mmu04630	12914
mmu04630	12981
mmu04630	12982
mmu04630	12983
mmu04630	12984
mmu04630	12985
mmu04630	12986
mmu04630	13019
mmu04630	13645
mmu04630	13649
mmu04630	13856
mmu04630	13857
mmu04630	14199
mmu04630	14580
mmu04630	14599
mmu04630	14600
mmu04630	14784
mmu04630	15170
mmu04630	15461
mmu04630	15962
mmu04630	15964
mmu04630	15965
mmu04630	15967
mmu04630	15968
mmu04630	15969
mmu04630	15970
mmu04630	15972
mmu04630	15974
mmu04630	15975
mmu04630	15976
mmu04630	15977
mmu04630	15978
mmu04630	15979
mmu04630	15980
mmu04630	16153
mmu04630	16154
mmu04630	16155
mmu04630	16156
mmu04630	16157
mmu04630	16158
mmu04630	16159
mmu04630	16160
mmu04630	16161
mmu04630	16162
mmu04630	16163
mmu04630	16164
mmu04630	16165
mmu04630	16168
mmu04630	16169
mmu04630	16183
mmu04630	16184
mmu04630	16185
mmu04630	16186
mmu04630	16187
mmu04630	16188
mmu04630	16189
mmu04630	16190
mmu04630	16191
mmu04630	16192
mmu04630	16193
mmu04630	16194
mmu04630	16195
mmu04630	16196
mmu04630	16197
mmu04630	16198
mmu04630	16199
mmu04630	16391
mmu04630	16451
mmu04630	16452
mmu04630	16453
mmu04630	16846
mmu04630	16847
mmu04630	16878
mmu04630	16880
mmu04630	17210
mmu04630	17344
mmu04630	17480
mmu04630	17869
mmu04630	18413
mmu04630	18414
mmu04630	18590
mmu04630	18591
mmu04630	18595
mmu04630	18596
mmu04630	18706
mmu04630	18707
mmu04630	18708
mmu04630	18709
mmu04630	18710
mmu04630	18712
mmu04630	19109
mmu04630	19111
mmu04630	19116
mmu04630	192157
mmu04630	19247
mmu04630	19255
mmu04630	20662
mmu04630	20663
mmu04630	20844
mmu04630	20846
mmu04630	20847
mmu04630	20848
mmu04630	20849
mmu04630	20850
mmu04630	20851
mmu04630	20852
mmu04630	209590
mmu04630	213043
mmu04630	213208
mmu04630	216233
mmu04630	21832
mmu04630	218624
mmu04630	229615
mmu04630	230396
mmu04630	230398
mmu04630	230405
mmu04630	230828
mmu04630	237310
mmu04630	237313
mmu04630	23797
mmu04630	242517
mmu04630	242519
mmu04630	242700
mmu04630	244218
mmu04630	246779
mmu04630	28078
mmu04630	328572
mmu04630	329244
mmu04630	330496
mmu04630	338374
mmu04630	387510
mmu04630	404549
mmu04630	50929
mmu04630	50931
mmu04630	53603
mmu04630	54607
mmu04630	54721
mmu04630	56324
mmu04630	56468
mmu04630	56469
mmu04630	56708
mmu04630	56717
mmu04630	57914
mmu04630	58181
mmu04630	59004
mmu04630	60504
mmu04630	60505
mmu04630	67296
mmu04630	71724
mmu04630	71872
mmu04630	74769
mmu04630	76399
mmu04630	83430
mmu04630	93672
mmu04668	11651
mmu04668	11652
mmu04668	11796
mmu04668	11797
mmu04668	11798
mmu04668	11909
mmu04668	11911
mmu04668	12051
mmu04668	12367
mmu04668	12369
mmu04668	12370
mmu04668	12608
mmu04668	12633
mmu04668	12675
mmu04668	12702
mmu04668	12912
mmu04668	12913
mmu04668	12915
mmu04668	12977
mmu04668	12981
mmu04668	13614
mmu04668	14082
mmu04668	14102
mmu04668	14205
mmu04668	14281
mmu04668	14825
mmu04668	15894
mmu04668	15945
mmu04668	15953
mmu04668	15977
mmu04668	16150
mmu04668	16151
mmu04668	16168
mmu04668	16176
mmu04668	16182
mmu04668	16193
mmu04668	16362
mmu04668	16396
mmu04668	16449
mmu04668	16476
mmu04668	16477
mmu04668	16878
mmu04668	16992
mmu04668	17387
mmu04668	17392
mmu04668	17395
mmu04668	18033
mmu04668	18035
mmu04668	18706
mmu04668	18707
mmu04668	18708
mmu04668	18709
mmu04668	18710
mmu04668	19094
mmu04668	19225
mmu04668	19697
mmu04668	19766
mmu04668	20293
mmu04668	20296
mmu04668	20297
mmu04668	20304
mmu04668	20310
mmu04668	20311
mmu04668	20312
mmu04668	20339
mmu04668	208647
mmu04668	208677
mmu04668	21926
mmu04668	21929
mmu04668	21937
mmu04668	21938
mmu04668	22029
mmu04668	22030
mmu04668	22031
mmu04668	22033
mmu04668	22329
mmu04668	22341
mmu04668	231991
mmu04668	23797
mmu04668	257632
mmu04668	26395
mmu04668	26397
mmu04668	26398
mmu04668	26399
mmu04668	26400
mmu04668	26408
mmu04668	26409
mmu04668	26410
mmu04668	26413
mmu04668	26414
mmu04668	26415
mmu04668	26416
mmu04668	26417
mmu04668	26419
mmu04668	26420
mmu04668	26427
mmu04668	29857
mmu04668	330122
mmu04668	432555
mmu04668	53859
mmu04668	56532
mmu04668	56613
mmu04668	66513
mmu04668	66724
mmu04668	67384
mmu04668	68652
mmu04668	69601
mmu04668	71609
mmu04668	72542
mmu04668	73086
mmu04668	74006
mmu04668	74256
mmu04668	74568
mmu04668	74769
mmu04668	78284
