mmu04115	107831
mmu04115	107986
mmu04115	11783
mmu04115	11920
mmu04115	12028
mmu04115	12043
mmu04115	12048
mmu04115	12122
mmu04115	12367
mmu04115	12370
mmu04115	12371
mmu04115	12442
mmu04115	12443
mmu04115	12444
mmu04115	12445
mmu04115	12447
mmu04115	12448
mmu04115	12450
mmu04115	12452
mmu04115	12521
mmu04115	12534
mmu04115	12566
mmu04115	12567
mmu04115	12571
mmu04115	12575
mmu04115	12578
mmu04115	12649
mmu04115	13063
mmu04115	13067
mmu04115	13197
mmu04115	13663
mmu04115	140742
mmu04115	14102
mmu04115	16000
mmu04115	16009
mmu04115	170770
mmu04115	17246
mmu04115	17248
mmu04115	17873
mmu04115	18787
mmu04115	19211
mmu04115	20135
mmu04115	20437
mmu04115	20438
mmu04115	20724
mmu04115	21825
mmu04115	21933
mmu04115	22059
mmu04115	22062
mmu04115	22084
mmu04115	22401
mmu04115	230784
mmu04115	23882
mmu04115	245000
mmu04115	26374
mmu04115	268697
mmu04115	29870
mmu04115	30954
mmu04115	382985
mmu04115	50883
mmu04115	53892
mmu04115	55948
mmu04115	57913
mmu04115	58801
mmu04115	64058
mmu04115	66940
mmu04115	67874
mmu04115	68098
mmu04115	68428
mmu04115	71361
mmu04115	75747
mmu04115	98376
mmu04210	110157
mmu04210	11461
mmu04210	11465
mmu04210	11545
mmu04210	11546
mmu04210	11651
mmu04210	11652
mmu04210	11783
mmu04210	11796
mmu04210	11797
mmu04210	11798
mmu04210	11799
mmu04210	11911
mmu04210	11920
mmu04210	12015
mmu04210	12018
mmu04210	12028
mmu04210	12043
mmu04210	12044
mmu04210	12045
mmu04210	12046
mmu04210	12047
mmu04210	12048
mmu04210	12122
mmu04210	12123
mmu04210	12125
mmu04210	12333
mmu04210	12334
mmu04210	12364
mmu04210	12366
mmu04210	12367
mmu04210	12368
mmu04210	12369
mmu04210	12370
mmu04210	12371
mmu04210	12633
mmu04210	12675
mmu04210	12983
mmu04210	12984
mmu04210	13030
mmu04210	13032
mmu04210	13033
mmu04210	13036
mmu04210	13038
mmu04210	13039
mmu04210	13040
mmu04210	13041
mmu04210	13063
mmu04210	13067
mmu04210	13163
mmu04210	13197
mmu04210	13198
mmu04210	13347
mmu04210	13368
mmu04210	13665
mmu04210	13666
mmu04210	13804
mmu04210	14082
mmu04210	14102
mmu04210	14103
mmu04210	14281
mmu04210	14939
mmu04210	15461
mmu04210	16150
mmu04210	16151
mmu04210	16187
mmu04210	16188
mmu04210	16438
mmu04210	16439
mmu04210	16440
mmu04210	16476
mmu04210	16653
mmu04210	16905
mmu04210	16906
mmu04210	16907
mmu04210	170770
mmu04210	17210
mmu04210	17873
mmu04210	18033
mmu04210	18035
mmu04210	18049
mmu04210	18176
mmu04210	18211
mmu04210	18607
mmu04210	18646
mmu04210	18706
mmu04210	18707
mmu04210	18708
mmu04210	18709
mmu04210	18710
mmu04210	18952
mmu04210	19249
mmu04210	19697
mmu04210	19766
mmu04210	20739
mmu04210	20740
mmu04210	21926
mmu04210	21933
mmu04210	21937
mmu04210	22029
mmu04210	22030
mmu04210	22035
mmu04210	22059
mmu04210	22142
mmu04210	22143
mmu04210	22144
mmu04210	22145
mmu04210	22146
mmu04210	22147
mmu04210	229445
mmu04210	235587
mmu04210	23797
mmu04210	238463
mmu04210	23882
mmu04210	26395
mmu04210	26396
mmu04210	26408
mmu04210	26413
mmu04210	26414
mmu04210	26417
mmu04210	26419
mmu04210	26420
mmu04210	26926
mmu04210	328417
mmu04210	53857
mmu04210	53859
mmu04210	56464
mmu04210	57913
mmu04210	58801
mmu04210	64138
mmu04210	64704
mmu04210	66593
mmu04210	69601
mmu04210	71609
mmu04210	74769
mmu04210	78943
mmu04211	104110
mmu04211	104111
mmu04211	105787
mmu04211	108079
mmu04211	108097
mmu04211	108099
mmu04211	110147
mmu04211	11450
mmu04211	11512
mmu04211	11513
mmu04211	11514
mmu04211	11515
mmu04211	11651
mmu04211	11652
mmu04211	11793
mmu04211	11909
mmu04211	11911
mmu04211	12028
mmu04211	12326
mmu04211	12359
mmu04211	12421
mmu04211	12912
mmu04211	12913
mmu04211	12915
mmu04211	13684
mmu04211	13685
mmu04211	140742
mmu04211	15461
mmu04211	16000
mmu04211	16001
mmu04211	16333
mmu04211	16334
mmu04211	16337
mmu04211	16367
mmu04211	16369
mmu04211	16370
mmu04211	16591
mmu04211	16653
mmu04211	18033
mmu04211	18176
mmu04211	18706
mmu04211	18707
mmu04211	18708
mmu04211	18709
mmu04211	18710
mmu04211	18747
mmu04211	18749
mmu04211	19016
mmu04211	19017
mmu04211	19079
mmu04211	19082
mmu04211	19697
mmu04211	19744
mmu04211	20656
mmu04211	207565
mmu04211	208647
mmu04211	208677
mmu04211	20869
mmu04211	210044
mmu04211	218268
mmu04211	22059
mmu04211	22084
mmu04211	22241
mmu04211	224129
mmu04211	230784
mmu04211	231991
mmu04211	23797
mmu04211	241113
mmu04211	26427
mmu04211	26987
mmu04211	384783
mmu04211	432530
mmu04211	51897
mmu04211	56458
mmu04211	56484
mmu04211	56717
mmu04211	58988
mmu04211	64930
mmu04211	67605
mmu04211	68118
mmu04211	68465
mmu04211	72508
mmu04211	72674
mmu04211	72993
mmu04211	74370
mmu04211	74769
mmu04211	75747
mmu04211	77683
mmu04211	78284
mmu04211	93759
mmu04213	104110
mmu04213	104111
mmu04213	105787
mmu04213	108079
mmu04213	108097
mmu04213	108099
mmu04213	11512
mmu04213	11513
mmu04213	11514
mmu04213	11515
mmu04213	11651
mmu04213	11652
mmu04213	11793
mmu04213	12359
mmu04213	12955
mmu04213	13688
mmu04213	15182
mmu04213	15376
mmu04213	15461
mmu04213	15481
mmu04213	15482
mmu04213	15511
mmu04213	15512
mmu04213	16000
mmu04213	16001
mmu04213	16333
mmu04213	16334
mmu04213	16337
mmu04213	16367
mmu04213	16369
mmu04213	16370
mmu04213	16653
mmu04213	18176
mmu04213	18706
mmu04213	18707
mmu04213	18708
mmu04213	18709
mmu04213	18710
mmu04213	18747
mmu04213	18749
mmu04213	19079
mmu04213	19082
mmu04213	193740
mmu04213	20480
mmu04213	20655
mmu04213	20656
mmu04213	210044
mmu04213	224129
mmu04213	23797
mmu04213	241113
mmu04213	384783
mmu04213	432530
mmu04213	433759
mmu04213	56458
mmu04213	56484
mmu04213	56717
mmu04213	58988
mmu04213	67605
mmu04213	72508
mmu04213	74370
mmu04213	74769
mmu04213	93759
mmu04215	11783
mmu04215	11796
mmu04215	11797
mmu04215	11798
mmu04215	11799
mmu04215	12018
mmu04215	12028
mmu04215	12043
mmu04215	12048
mmu04215	12122
mmu04215	12125
mmu04215	12211
mmu04215	12367
mmu04215	12369
mmu04215	12370
mmu04215	12371
mmu04215	13063
mmu04215	13067
mmu04215	14082
mmu04215	170770
mmu04215	18053
mmu04215	18952
mmu04215	21937
mmu04215	26414
mmu04215	26419
mmu04215	26420
mmu04215	329581
mmu04215	51800
mmu04215	56208
mmu04215	58801
mmu04215	64704
mmu04215	66593
mmu04218	100529082
mmu04218	103213
mmu04218	103583
mmu04218	104394
mmu04218	110157
mmu04218	110557
mmu04218	110558
mmu04218	110696
mmu04218	11651
mmu04218	11652
mmu04218	11739
mmu04218	11740
mmu04218	11920
mmu04218	12192
mmu04218	12193
mmu04218	12234
mmu04218	12289
mmu04218	12313
mmu04218	12314
mmu04218	12315
mmu04218	12333
mmu04218	12334
mmu04218	12427
mmu04218	12428
mmu04218	12442
mmu04218	12443
mmu04218	12444
mmu04218	12445
mmu04218	12447
mmu04218	12448
mmu04218	12530
mmu04218	12534
mmu04218	12566
mmu04218	12567
mmu04218	12571
mmu04218	12575
mmu04218	12578
mmu04218	12579
mmu04218	12649
mmu04218	13197
mmu04218	13555
mmu04218	13557
mmu04218	13559
mmu04218	13685
mmu04218	14235
mmu04218	14463
mmu04218	14963
mmu04218	14964
mmu04218	14972
mmu04218	14980
mmu04218	14985
mmu04218	14990
mmu04218	14991
mmu04218	14997
mmu04218	15006
mmu04218	15007
mmu04218	15013
mmu04218	15015
mmu04218	15018
mmu04218	15019
mmu04218	15024
mmu04218	15039
mmu04218	15040
mmu04218	15042
mmu04218	15043
mmu04218	15051
mmu04218	15257
mmu04218	15258
mmu04218	15259
mmu04218	15461
mmu04218	15574
mmu04218	16009
mmu04218	16175
mmu04218	16193
mmu04218	16438
mmu04218	16439
mmu04218	16440
mmu04218	16653
mmu04218	17126
mmu04218	17127
mmu04218	17164
mmu04218	17246
mmu04218	17532
mmu04218	17535
mmu04218	17865
mmu04218	17869
mmu04218	17873
mmu04218	18018
mmu04218	18019
mmu04218	18021
mmu04218	18033
mmu04218	18176
mmu04218	18412
mmu04218	18706
mmu04218	18707
mmu04218	18708
mmu04218	18709
mmu04218	18710
mmu04218	18787
mmu04218	19045
mmu04218	19046
mmu04218	19047
mmu04218	19055
mmu04218	19056
mmu04218	19057
mmu04218	19058
mmu04218	19059
mmu04218	19094
mmu04218	19211
mmu04218	19355
mmu04218	19360
mmu04218	19367
mmu04218	19645
mmu04218	19646
mmu04218	19650
mmu04218	19651
mmu04218	19697
mmu04218	19744
mmu04218	20130
mmu04218	209091
mmu04218	215999
mmu04218	217708
mmu04218	21803
mmu04218	21808
mmu04218	21809
mmu04218	21812
mmu04218	21813
mmu04218	22059
mmu04218	22084
mmu04218	22333
mmu04218	22334
mmu04218	22335
mmu04218	224753
mmu04218	224754
mmu04218	224756
mmu04218	224761
mmu04218	231506
mmu04218	231724
mmu04218	233020
mmu04218	23797
mmu04218	23871
mmu04218	23882
mmu04218	240095
mmu04218	242705
mmu04218	245000
mmu04218	26395
mmu04218	26396
mmu04218	26397
mmu04218	26399
mmu04218	26413
mmu04218	26415
mmu04218	26416
mmu04218	26417
mmu04218	268697
mmu04218	27354
mmu04218	29857
mmu04218	333715
mmu04218	399549
mmu04218	434233
mmu04218	494124
mmu04218	50883
mmu04218	54354
mmu04218	547349
mmu04218	56458
mmu04218	56484
mmu04218	56717
mmu04218	58800
mmu04218	630294
mmu04218	63873
mmu04218	64930
mmu04218	667803
mmu04218	667977
mmu04218	66922
mmu04218	67738
mmu04218	69717
mmu04218	70405
mmu04218	72568
mmu04218	73181
mmu04218	73333
mmu04218	74769
mmu04218	75600
mmu04218	75660
mmu04218	80796
mmu04218	93759
