GO:0001501	2610005L07Rik
GO:0001501	Acd
GO:0001501	Acp2
GO:0001501	Acvr2a
GO:0001501	Acvr2b
GO:0001501	Akap13
GO:0001501	Alx1
GO:0001501	Alx3
GO:0001501	Alx4
GO:0001501	Amer1
GO:0001501	Ankrd11
GO:0001501	Arid5b
GO:0001501	Ash1l
GO:0001501	Asxl1
GO:0001501	Asxl2
GO:0001501	Axin1
GO:0001501	Bbx
GO:0001501	Bglap
GO:0001501	Bglap2
GO:0001501	Bglap3
GO:0001501	Bgn
GO:0001501	Bmi1
GO:0001501	Bmncr
GO:0001501	Bmp2
GO:0001501	Bmp4
GO:0001501	Bmp5
GO:0001501	Bmp6
GO:0001501	Bmp7
GO:0001501	Bmpr1b
GO:0001501	Bpnt2
GO:0001501	Cacna1s
GO:0001501	Cadm1
GO:0001501	Ccn4
GO:0001501	Cdk20
GO:0001501	Cdkn1c
GO:0001501	Cfh
GO:0001501	Chad
GO:0001501	Chaserr
GO:0001501	Chd7
GO:0001501	Chrd
GO:0001501	Chst11
GO:0001501	Clec3b
GO:0001501	Col11a1
GO:0001501	Col11a2
GO:0001501	Col13a1
GO:0001501	Col18a1
GO:0001501	Col1a1
GO:0001501	Col1a2
GO:0001501	Col27a1
GO:0001501	Col2a1
GO:0001501	Col5a2
GO:0001501	Col9a1
GO:0001501	Comp
GO:0001501	Cr2
GO:0001501	Csrnp1
GO:0001501	Ctc1
GO:0001501	Ctnnb1
GO:0001501	Deaf1
GO:0001501	Dlg1
GO:0001501	Dlk1
GO:0001501	Dll3
GO:0001501	Dlx1
GO:0001501	Dlx1as
GO:0001501	Dlx2
GO:0001501	Dmrt2
GO:0001501	Dnm3os
GO:0001501	Dscaml1
GO:0001501	Dspp
GO:0001501	Dym
GO:0001501	Dync2i1
GO:0001501	Edn1
GO:0001501	Ednra
GO:0001501	Eif2ak3
GO:0001501	Eif4a3
GO:0001501	Eif4a3l1
GO:0001501	Eif4a3l2
GO:0001501	Enpp1
GO:0001501	Epha2
GO:0001501	Epyc
GO:0001501	Etl4
GO:0001501	Ext1
GO:0001501	Eya1
GO:0001501	Fam20c
GO:0001501	Fbn1
GO:0001501	Fgf4
GO:0001501	Fgf8
GO:0001501	Fgf9
GO:0001501	Fgfr2
GO:0001501	Fgfr3
GO:0001501	Fgfrl1
GO:0001501	Fgr
GO:0001501	Flvcr1
GO:0001501	Fmn1
GO:0001501	Foxc1
GO:0001501	Foxc2
GO:0001501	Foxn3
GO:0001501	Frem1
GO:0001501	Fst
GO:0001501	Fuz
GO:0001501	Gas1
GO:0001501	Gdf11
GO:0001501	Gdf3
GO:0001501	Ghrl
GO:0001501	Gja1
GO:0001501	Gja5
GO:0001501	Gli2
GO:0001501	Gli3
GO:0001501	Gna11
GO:0001501	Gnaq
GO:0001501	Gnas
GO:0001501	Grhl2
GO:0001501	Gsc
GO:0001501	Hand2
GO:0001501	Hdac4
GO:0001501	Hes7
GO:0001501	Hexa
GO:0001501	Hexb
GO:0001501	Hhip
GO:0001501	Hotair
GO:0001501	Hoxa10
GO:0001501	Hoxa11
GO:0001501	Hoxa2
GO:0001501	Hoxa3
GO:0001501	Hoxa4
GO:0001501	Hoxa5
GO:0001501	Hoxa6
GO:0001501	Hoxa7
GO:0001501	Hoxa9
GO:0001501	Hoxb1
GO:0001501	Hoxb2
GO:0001501	Hoxb3
GO:0001501	Hoxb4
GO:0001501	Hoxb5
GO:0001501	Hoxb6
GO:0001501	Hoxb7
GO:0001501	Hoxb8
GO:0001501	Hoxb9
GO:0001501	Hoxc10
GO:0001501	Hoxc11
GO:0001501	Hoxc4
GO:0001501	Hoxc5
GO:0001501	Hoxc6
GO:0001501	Hoxc8
GO:0001501	Hoxc9
GO:0001501	Hoxd1
GO:0001501	Hoxd10
GO:0001501	Hoxd11
GO:0001501	Hoxd12
GO:0001501	Hoxd13
GO:0001501	Hoxd3
GO:0001501	Hoxd4
GO:0001501	Hoxd8
GO:0001501	Hoxd9
GO:0001501	Hsd17b7
GO:0001501	Hspb11
GO:0001501	Hspg2
GO:0001501	Hyal1
GO:0001501	Hyal2
GO:0001501	Idua
GO:0001501	Ift140
GO:0001501	Ift172
GO:0001501	Ift80
GO:0001501	Ihh
GO:0001501	Insig1
GO:0001501	Insig2
GO:0001501	Irx5
GO:0001501	Itgb6
GO:0001501	Jag2
GO:0001501	Kat2a
GO:0001501	Kdr
GO:0001501	Lgals3
GO:0001501	Lhx1
GO:0001501	Lncpint
GO:0001501	Lox
GO:0001501	Lrp5
GO:0001501	Lrp6
GO:0001501	Lrrc17
GO:0001501	Ltbp3
GO:0001501	Map2k6
GO:0001501	Map3k7
GO:0001501	Mapk11
GO:0001501	Mapk14
GO:0001501	Mbtd1
GO:0001501	Mcph1
GO:0001501	Mdfi
GO:0001501	Mef2c
GO:0001501	Megf8
GO:0001501	Men1
GO:0001501	Mepe
GO:0001501	Miga2
GO:0001501	Mir140
GO:0001501	Mir188
GO:0001501	Mir2861
GO:0001501	Mks1
GO:0001501	Mmp14
GO:0001501	Mmp16
GO:0001501	Mmp2
GO:0001501	Mmp9
GO:0001501	Mthfd1l
GO:0001501	Myc
GO:0001501	Mycn
GO:0001501	Myf5
GO:0001501	Myoc
GO:0001501	Ndst1
GO:0001501	Neurog1
GO:0001501	Nfix
GO:0001501	Nipbl
GO:0001501	Nkx3-2
GO:0001501	Nle1
GO:0001501	Nodal
GO:0001501	Nog
GO:0001501	Norad
GO:0001501	Notum
GO:0001501	Npr2
GO:0001501	Npr3
GO:0001501	Nsd2
GO:0001501	Ogn
GO:0001501	Opa3
GO:0001501	Optc
GO:0001501	Osr1
GO:0001501	Osr2
GO:0001501	P2rx7
GO:0001501	P3h1
GO:0001501	Papss2
GO:0001501	Pax1
GO:0001501	Pax5
GO:0001501	Pax7
GO:0001501	Pbx1
GO:0001501	Pcgf2
GO:0001501	Pcsk5
GO:0001501	Pdgfa
GO:0001501	Pdgfc
GO:0001501	Pdgfra
GO:0001501	Pdgfrb
GO:0001501	Pitx1
GO:0001501	Pkdcc
GO:0001501	Plekha1
GO:0001501	Pls3
GO:0001501	Poc1a
GO:0001501	Ppib
GO:0001501	Prkra
GO:0001501	Prpsap2
GO:0001501	Prrx1
GO:0001501	Prrx2
GO:0001501	Psen1
GO:0001501	Ptger4
GO:0001501	Pth1r
GO:0001501	Pthlh
GO:0001501	Ptprc
GO:0001501	Pum2
GO:0001501	Rab23
GO:0001501	Rab33b
GO:0001501	Rai1
GO:0001501	Ranbp3l
GO:0001501	Rara
GO:0001501	Rarb
GO:0001501	Rarg
GO:0001501	Rassf2
GO:0001501	Rbp4
GO:0001501	Rdh10
GO:0001501	Recql4
GO:0001501	Rflna
GO:0001501	Rflnb
GO:0001501	Rgn
GO:0001501	Ror2
GO:0001501	Rpl13
GO:0001501	Rpl38
GO:0001501	Runx1
GO:0001501	Runx2
GO:0001501	Ryk
GO:0001501	Satb2
GO:0001501	Sbds
GO:0001501	Schip1
GO:0001501	Scx
GO:0001501	Serp1
GO:0001501	Setd2
GO:0001501	Setdb1
GO:0001501	Sgpl1
GO:0001501	Sh3pxd2b
GO:0001501	Shh
GO:0001501	Shox2
GO:0001501	Sik3
GO:0001501	Six1
GO:0001501	Six2
GO:0001501	Six4
GO:0001501	Slc10a7
GO:0001501	Slc2a10
GO:0001501	Slc35d1
GO:0001501	Slc38a10
GO:0001501	Slc39a1
GO:0001501	Slc39a3
GO:0001501	Smad1
GO:0001501	Smad2
GO:0001501	Smad3
GO:0001501	Smad5
GO:0001501	Smad9
GO:0001501	Smpd3
GO:0001501	Sox11
GO:0001501	Sox4
GO:0001501	Sox9
GO:0001501	Sp1
GO:0001501	Sp3
GO:0001501	Sparc
GO:0001501	Spef2
GO:0001501	Spns2
GO:0001501	Stc1
GO:0001501	Sulf1
GO:0001501	Sulf2
GO:0001501	T
GO:0001501	Tapt1
GO:0001501	Tbx1
GO:0001501	Tbx15
GO:0001501	Tbx3
GO:0001501	Tbx4
GO:0001501	Tcf15
GO:0001501	Tfap2a
GO:0001501	Tgfb1
GO:0001501	Tgfb2
GO:0001501	Tgfbr1
GO:0001501	Tgfbr2
GO:0001501	Tifab
GO:0001501	Timp3
GO:0001501	Tiparp
GO:0001501	Tle5
GO:0001501	Tmem107
GO:0001501	Tmem119
GO:0001501	Tmem38b
GO:0001501	Tnfsf11
GO:0001501	Tnn
GO:0001501	Trim45
GO:0001501	Trip11
GO:0001501	Trp53
GO:0001501	Trp63
GO:0001501	Trps1
GO:0001501	Ttc9
GO:0001501	Tulp3
GO:0001501	Twist1
GO:0001501	Twist2
GO:0001501	Ucma
GO:0001501	Usp1
GO:0001501	Vdr
GO:0001501	Vkorc1
GO:0001501	Wdr19
GO:0001501	Wdr48
GO:0001501	Wdr5
GO:0001501	Wfikkn1
GO:0001501	Wfikkn2
GO:0001501	Wnt1
GO:0001501	Wnt5a
GO:0001501	Wnt7a
GO:0001501	Wnt9a
GO:0001501	Wnt9b
GO:0001501	Wwox
GO:0001501	Xylt1
GO:0001501	Zbtb16
GO:0001501	Zeb1
GO:0001501	Zfand5
GO:0001501	Zfp640
GO:0001501	Zfp950
GO:0001501	Zic1
GO:0001501	Zic3
GO:0001502	Acan
GO:0001502	Barx2
GO:0001502	Bmpr1b
GO:0001502	Ccn2
GO:0001502	Col11a1
GO:0001502	Col2a1
GO:0001502	Fgf4
GO:0001502	Fgf6
GO:0001502	Mapk14
GO:0001502	Mycn
GO:0001502	Myf5
GO:0001502	Otor
GO:0001502	Pkd1
GO:0001502	Ror2
GO:0001502	Sox5
GO:0001502	Sox6
GO:0001502	Sox9
GO:0001502	Tgfb2
GO:0001502	Thra
GO:0001502	Uncx
GO:0001502	Wnt7a
GO:0001503	Actn3
GO:0001503	Acvr1
GO:0001503	Acvr2a
GO:0001503	Acvr2b
GO:0001503	Adamts12
GO:0001503	Adamts7
GO:0001503	Adgrv1
GO:0001503	Adrb2
GO:0001503	Ahsg
GO:0001503	Alox15
GO:0001503	Alox5
GO:0001503	Alpl
GO:0001503	Ank
GO:0001503	Ano6
GO:0001503	Aspn
GO:0001503	Asxl2
GO:0001503	Atf4
GO:0001503	Atp2b1
GO:0001503	Atp6v0a4
GO:0001503	Atp6v1b1
GO:0001503	Atraid
GO:0001503	Axin2
GO:0001503	Bcl2
GO:0001503	Bglap
GO:0001503	Bglap2
GO:0001503	Bglap3
GO:0001503	Bmncr
GO:0001503	Bmp1
GO:0001503	Bmp2
GO:0001503	Bmp2k
GO:0001503	Bmp3
GO:0001503	Bmp4
GO:0001503	Bmp5
GO:0001503	Bmp6
GO:0001503	Bmp7
GO:0001503	Bmp8a
GO:0001503	Bmp8b
GO:0001503	Bmpr1a
GO:0001503	Bmpr1b
GO:0001503	Bmpr2
GO:0001503	Bpnt2
GO:0001503	Calca
GO:0001503	Calcr
GO:0001503	Casr
GO:0001503	Cbfb
GO:0001503	Cbs
GO:0001503	Ccdc134
GO:0001503	Ccdc154
GO:0001503	Ccn1
GO:0001503	Ccn2
GO:0001503	Ccr1
GO:0001503	Ccr1l1
GO:0001503	Cd276
GO:0001503	Cer1
GO:0001503	Chrdl1
GO:0001503	Chrdl2
GO:0001503	Chsy1
GO:0001503	Clec11a
GO:0001503	Clec3a
GO:0001503	Clec3b
GO:0001503	Cnmd
GO:0001503	Col10a1
GO:0001503	Col13a1
GO:0001503	Col1a1
GO:0001503	Col1a2
GO:0001503	Col2a1
GO:0001503	Comp
GO:0001503	Creb3l1
GO:0001503	Csf1
GO:0001503	Csf1r
GO:0001503	Csgalnact1
GO:0001503	Cst10
GO:0001503	Cthrc1
GO:0001503	Cyp27b1
GO:0001503	Dchs1
GO:0001503	Ddr2
GO:0001503	Dhrs3
GO:0001503	Dhx36
GO:0001503	Dkk1
GO:0001503	Dlk1
GO:0001503	Dlx5
GO:0001503	Dmp1
GO:0001503	Dnm3os
GO:0001503	Duox2
GO:0001503	Ebp
GO:0001503	Ecm1
GO:0001503	Egr2
GO:0001503	Eif2ak3
GO:0001503	Enpp1
GO:0001503	Ercc2
GO:0001503	Esrra
GO:0001503	Ext1
GO:0001503	Ext2
GO:0001503	Fam20c
GO:0001503	Fat4
GO:0001503	Fbn2
GO:0001503	Fbxl15
GO:0001503	Fgf18
GO:0001503	Fgf23
GO:0001503	Fgfr2
GO:0001503	Fgfr3
GO:0001503	Fgr
GO:0001503	Foxc1
GO:0001503	Foxc2
GO:0001503	Fstl3
GO:0001503	Fzd9
GO:0001503	Gata1
GO:0001503	Gdf10
GO:0001503	Gfra4
GO:0001503	Git1
GO:0001503	Gja1
GO:0001503	Gla
GO:0001503	Gnas
GO:0001503	Gpc3
GO:0001503	Gpld1
GO:0001503	Gpm6b
GO:0001503	Grem1
GO:0001503	Hif1a
GO:0001503	Hspg2
GO:0001503	Ibsp
GO:0001503	Icmt
GO:0001503	Ifitm1
GO:0001503	Ifitm5
GO:0001503	Ift80
GO:0001503	Igf1
GO:0001503	Igf2
GO:0001503	Igsf10
GO:0001503	Ihh
GO:0001503	Inppl1
GO:0001503	Intu
GO:0001503	Isg15
GO:0001503	Kazald1
GO:0001503	Kl
GO:0001503	Klf10
GO:0001503	Kremen1
GO:0001503	Kremen2
GO:0001503	Lep
GO:0001503	Lgr4
GO:0001503	Lncpint
GO:0001503	Lox
GO:0001503	Lrp4
GO:0001503	Lrp6
GO:0001503	Lrrc17
GO:0001503	Ltbp3
GO:0001503	Ltf
GO:0001503	Mapk1
GO:0001503	Mapk14
GO:0001503	Mapk3
GO:0001503	Mapk8
GO:0001503	Matn1
GO:0001503	Mdk
GO:0001503	Mef2c
GO:0001503	Mef2d
GO:0001503	Men1
GO:0001503	Mepe
GO:0001503	Mesd
GO:0001503	Mgp
GO:0001503	Mia3
GO:0001503	Mir2861
GO:0001503	Mir3065
GO:0001503	Mir338
GO:0001503	Mkx
GO:0001503	Mmp13
GO:0001503	Mmp14
GO:0001503	Mmp16
GO:0001503	Mmp2
GO:0001503	Mmp9
GO:0001503	Mn1
GO:0001503	Msx2
GO:0001503	Mtss1
GO:0001503	Myf5
GO:0001503	Myog
GO:0001503	Nab1
GO:0001503	Nab2
GO:0001503	Nbr1
GO:0001503	Nell1
GO:0001503	Nfe2
GO:0001503	Nfix
GO:0001503	Nipbl
GO:0001503	Notch1
GO:0001503	Notum
GO:0001503	Nppc
GO:0001503	Npr2
GO:0001503	Omd
GO:0001503	Osr1
GO:0001503	Osr2
GO:0001503	Ostn
GO:0001503	Oxt
GO:0001503	P2rx7
GO:0001503	P2ry2
GO:0001503	P3h1
GO:0001503	Pam16
GO:0001503	Pam16l
GO:0001503	Pbx1
GO:0001503	Pdlim7
GO:0001503	Pex7
GO:0001503	Phex
GO:0001503	Phospho1
GO:0001503	Pkdcc
GO:0001503	Plxnb1
GO:0001503	Ppargc1b
GO:0001503	Prickle1
GO:0001503	Prl
GO:0001503	Ptger4
GO:0001503	Ptgs2
GO:0001503	Pth
GO:0001503	Pth1r
GO:0001503	Pthlh
GO:0001503	Ptk2b
GO:0001503	Ptn
GO:0001503	Ptpn11
GO:0001503	Rassf2
GO:0001503	Rbpj
GO:0001503	Rflna
GO:0001503	Rflnb
GO:0001503	Rhoa
GO:0001503	Ripply2
GO:0001503	Rpl38
GO:0001503	Rsad2
GO:0001503	Rspo2
GO:0001503	Runx2
GO:0001503	Rxra
GO:0001503	Rxrb
GO:0001503	Ryr1
GO:0001503	S1pr1
GO:0001503	Sbds
GO:0001503	Sbno2
GO:0001503	Scube2
GO:0001503	Scx
GO:0001503	Sema4d
GO:0001503	Setd2
GO:0001503	Sfrp1
GO:0001503	Sgms2
GO:0001503	Sik3
GO:0001503	Six2
GO:0001503	Slc24a3
GO:0001503	Slc26a2
GO:0001503	Slc8a1
GO:0001503	Smad3
GO:0001503	Smad6
GO:0001503	Smad7
GO:0001503	Smo
GO:0001503	Smpd3
GO:0001503	Smurf1
GO:0001503	Snx10
GO:0001503	Sort1
GO:0001503	Sost
GO:0001503	Sox11
GO:0001503	Sox9
GO:0001503	Sp1
GO:0001503	Sp3
GO:0001503	Spp1
GO:0001503	Srgn
GO:0001503	Stc1
GO:0001503	Suco
GO:0001503	Suv39h1
GO:0001503	Tac1
GO:0001503	Tacr1
GO:0001503	Tapt1
GO:0001503	Tcf7l2
GO:0001503	Tcirg1
GO:0001503	Tcrb
GO:0001503	Tent5a
GO:0001503	Tfap2a
GO:0001503	Tgfb1
GO:0001503	Thbs3
GO:0001503	Thra
GO:0001503	Thrb
GO:0001503	Tmem119
GO:0001503	Tmem38b
GO:0001503	Tmem53
GO:0001503	Tnfrsf11a
GO:0001503	Tnfsf11
GO:0001503	Tob2
GO:0001503	Tph1
GO:0001503	Traf6
GO:0001503	Trpm4
GO:0001503	Twist1
GO:0001503	Twsg1
GO:0001503	Txlng
GO:0001503	Vdr
GO:0001503	Wnt10b
GO:0001503	Wnt11
GO:0001503	Wnt4
GO:0001503	Wnt5a
GO:0001503	Xylt1
GO:0001503	Zbtb16
GO:0001503	Zmpste24
GO:0001649	A430033K04Rik
GO:0001649	Actn3
GO:0001649	Acvr1
GO:0001649	Acvr2a
GO:0001649	Acvr2b
GO:0001649	Adar
GO:0001649	Ahr
GO:0001649	Akt1
GO:0001649	Apc
GO:0001649	Areg
GO:0001649	Asf1a
GO:0001649	Atf4
GO:0001649	Atraid
GO:0001649	Axin2
GO:0001649	Bambi
GO:0001649	Bglap
GO:0001649	Bglap2
GO:0001649	Bglap3
GO:0001649	Bmp2
GO:0001649	Bmp3
GO:0001649	Bmp4
GO:0001649	Bmp6
GO:0001649	Bmp7
GO:0001649	Bmp8a
GO:0001649	Bmpr1a
GO:0001649	Bmpr1b
GO:0001649	Bmpr2
GO:0001649	Cbfb
GO:0001649	Ccn1
GO:0001649	Ccn4
GO:0001649	Cd276
GO:0001649	Cdk6
GO:0001649	Cebpa
GO:0001649	Cebpb
GO:0001649	Cebpd
GO:0001649	Chrd
GO:0001649	Cited1
GO:0001649	Clec5a
GO:0001649	Clic1
GO:0001649	Col1a1
GO:0001649	Creb3l1
GO:0001649	Crim1
GO:0001649	Cthrc1
GO:0001649	Ctnnb1
GO:0001649	Ctnnbip1
GO:0001649	Ddr2
GO:0001649	Ddx5
GO:0001649	Dhh
GO:0001649	Dlk1
GO:0001649	Dlx5
GO:0001649	Dnai3
GO:0001649	Enpp1
GO:0001649	Epha2
GO:0001649	Erh
GO:0001649	Esrra
GO:0001649	Fam20c
GO:0001649	Fbn2
GO:0001649	Fbxo5
GO:0001649	Fermt2
GO:0001649	Ffar4
GO:0001649	Fgf2
GO:0001649	Fgf23
GO:0001649	Fgf9
GO:0001649	Fgfr1
GO:0001649	Fhl2
GO:0001649	Fignl1
GO:0001649	Fndc3b
GO:0001649	Fzd1
GO:0001649	Gabbr1
GO:0001649	Gdf10
GO:0001649	Gdf2
GO:0001649	Gdpd2
GO:0001649	Gja1
GO:0001649	Gli1
GO:0001649	Gli2
GO:0001649	Gli3
GO:0001649	Glis1
GO:0001649	Gnas
GO:0001649	Grem1
GO:0001649	Gsk3b
GO:0001649	H3f3a
GO:0001649	H3f3b
GO:0001649	Hand2
GO:0001649	Hdac4
GO:0001649	Hdac5
GO:0001649	Hdac7
GO:0001649	Hdac8
GO:0001649	Hemgn
GO:0001649	Hey1
GO:0001649	Hira
GO:0001649	Hoxa2
GO:0001649	Id1
GO:0001649	Id2
GO:0001649	Id3
GO:0001649	Id4
GO:0001649	Ifi204
GO:0001649	Ifitm1
GO:0001649	Ift80
GO:0001649	Igf1
GO:0001649	Igf2
GO:0001649	Igfbp3
GO:0001649	Igfbp5
GO:0001649	Ihh
GO:0001649	Il6
GO:0001649	Il6st
GO:0001649	Ilk
GO:0001649	Jag1
GO:0001649	Junb
GO:0001649	Jund
GO:0001649	Lgr4
GO:0001649	Limd1
GO:0001649	Lmna
GO:0001649	Lox
GO:0001649	Lrp3
GO:0001649	Lrp5
GO:0001649	Lrrc17
GO:0001649	Ltf
GO:0001649	Map2k6
GO:0001649	Map3k7
GO:0001649	Mapk11
GO:0001649	Mapk14
GO:0001649	Mef2c
GO:0001649	Mef2d
GO:0001649	Men1
GO:0001649	Mir133a-1
GO:0001649	Mir133a-2
GO:0001649	Mir135a-1
GO:0001649	Mir137
GO:0001649	Mir188
GO:0001649	Mir204
GO:0001649	Mir205
GO:0001649	Mir210
GO:0001649	Mir214
GO:0001649	Mir217
GO:0001649	Mir23a
GO:0001649	Mir2861
GO:0001649	Mir3065
GO:0001649	Mir30c-1
GO:0001649	Mir30c-2
GO:0001649	Mir338
GO:0001649	Mir3960
GO:0001649	Msx2
GO:0001649	Myoc
GO:0001649	Nbr1
GO:0001649	Nell1
GO:0001649	Nf1
GO:0001649	Nfatc1
GO:0001649	Noct
GO:0001649	Nog
GO:0001649	Notch1
GO:0001649	Npnt
GO:0001649	Nppc
GO:0001649	Ostn
GO:0001649	Pdlim7
GO:0001649	Pparg
GO:0001649	Ppp3ca
GO:0001649	Prkaca
GO:0001649	Prkd1
GO:0001649	Ptch1
GO:0001649	Ptger4
GO:0001649	Pth1r
GO:0001649	Pthlh
GO:0001649	Ptk2
GO:0001649	Ranbp3l
GO:0001649	Rassf2
GO:0001649	Rest
GO:0001649	Riox1
GO:0001649	Rorb
GO:0001649	Rspo2
GO:0001649	Runx2
GO:0001649	Satb2
GO:0001649	Scube2
GO:0001649	Scube3
GO:0001649	Sema4d
GO:0001649	Sfrp1
GO:0001649	Sfrp2
GO:0001649	Sh3pxd2b
GO:0001649	Shh
GO:0001649	Shox2
GO:0001649	Sirt7
GO:0001649	Ski
GO:0001649	Smad1
GO:0001649	Smad3
GO:0001649	Smad4
GO:0001649	Smad5
GO:0001649	Smad6
GO:0001649	Smo
GO:0001649	Smoc1
GO:0001649	Snai2
GO:0001649	Sox11
GO:0001649	Sox2
GO:0001649	Sox8
GO:0001649	Sox9
GO:0001649	Sp7
GO:0001649	Spp1
GO:0001649	Suco
GO:0001649	Tcirg1
GO:0001649	Tent5a
GO:0001649	Tgfbr3
GO:0001649	Tmem119
GO:0001649	Tmem53
GO:0001649	Tmem64
GO:0001649	Tnf
GO:0001649	Tnfaip6
GO:0001649	Tnn
GO:0001649	Tob1
GO:0001649	Trp53inp2
GO:0001649	Trp63
GO:0001649	Trpm4
GO:0001649	Twist1
GO:0001649	Twist2
GO:0001649	Twsg1
GO:0001649	Ucma
GO:0001649	Vegfa
GO:0001649	Vegfc
GO:0001649	Wnt10b
GO:0001649	Wnt11
GO:0001649	Wnt3
GO:0001649	Wnt3a
GO:0001649	Wnt4
GO:0001649	Wnt7b
GO:0001649	Wwox
GO:0001649	Wwtr1
GO:0001649	Yap1
GO:0001649	Zfp932
GO:0001649	Zhx3
GO:0001957	Axin2
GO:0001957	Col1a1
GO:0001957	Fgf18
GO:0001957	Git1
GO:0001957	Mmp2
GO:0001957	Mn1
GO:0001958	Alpl
GO:0001958	Bmp4
GO:0001958	Bmp6
GO:0001958	Bpnt2
GO:0001958	Cbs
GO:0001958	Col10a1
GO:0001958	Col13a1
GO:0001958	Col1a1
GO:0001958	Col2a1
GO:0001958	Csgalnact1
GO:0001958	Cst10
GO:0001958	Dlx5
GO:0001958	Enpp1
GO:0001958	Ext1
GO:0001958	Fgf18
GO:0001958	Foxc1
GO:0001958	Gnas
GO:0001958	Hspg2
GO:0001958	Ift80
GO:0001958	Inppl1
GO:0001958	Mef2c
GO:0001958	Mef2d
GO:0001958	Mmp13
GO:0001958	Mmp14
GO:0001958	Mmp16
GO:0001958	Nab1
GO:0001958	Nab2
GO:0001958	Nfix
GO:0001958	Npr2
GO:0001958	Pex7
GO:0001958	Phospho1
GO:0001958	Pthlh
GO:0001958	Runx2
GO:0001958	Scx
GO:0001958	Sik3
GO:0001958	Smpd3
GO:0001958	Tmem119
GO:0002051	Men1
GO:0002051	Notch1
GO:0002051	Runx2
GO:0002051	Sh3pxd2b
GO:0002051	Smad1
GO:0002051	Smad5
GO:0002062	Adamts12
GO:0002062	Adamts7
GO:0002062	Anxa6
GO:0002062	Arid5a
GO:0002062	Atf2
GO:0002062	Axin2
GO:0002062	Bmp2
GO:0002062	Bmp4
GO:0002062	Bmpr1a
GO:0002062	Bmpr1b
GO:0002062	Ccn2
GO:0002062	Ccn3
GO:0002062	Chrdl2
GO:0002062	Col11a2
GO:0002062	Col27a1
GO:0002062	Col2a1
GO:0002062	Col3a1
GO:0002062	Creb3l2
GO:0002062	Cst10
GO:0002062	Ctnnb1
GO:0002062	Cytl1
GO:0002062	Ext1
GO:0002062	Ext2
GO:0002062	Fgf18
GO:0002062	Fgf9
GO:0002062	Fgfr1
GO:0002062	Gdf5
GO:0002062	Gli2
GO:0002062	Gli3
GO:0002062	Gpld1
GO:0002062	Hes5
GO:0002062	Hif1a
GO:0002062	Hmga2
GO:0002062	Hoxa11
GO:0002062	Hoxd11
GO:0002062	Hspg2
GO:0002062	Ift80
GO:0002062	Ihh
GO:0002062	Ltbp3
GO:0002062	Mapk14
GO:0002062	Matn1
GO:0002062	Mef2c
GO:0002062	Mef2d
GO:0002062	Mustn1
GO:0002062	Nfib
GO:0002062	Nppc
GO:0002062	Npr2
GO:0002062	Osr1
GO:0002062	Osr2
GO:0002062	Poc1a
GO:0002062	Prkca
GO:0002062	Pth1r
GO:0002062	Pthlh
GO:0002062	Rarg
GO:0002062	Rb1
GO:0002062	Ror2
GO:0002062	Runx2
GO:0002062	Runx3
GO:0002062	Scube2
GO:0002062	Scx
GO:0002062	Serpinh1
GO:0002062	Shox2
GO:0002062	Six2
GO:0002062	Slc39a14
GO:0002062	Smpd3
GO:0002062	Snx19
GO:0002062	Sox5
GO:0002062	Sox6
GO:0002062	Sox9
GO:0002062	Tgfb1
GO:0002062	Tgfbr2
GO:0002062	Trip11
GO:0002062	Trps1
GO:0002062	Twsg1
GO:0002062	Wnt7a
GO:0002062	Wnt9a
GO:0002076	Clec5a
GO:0002076	Gli2
GO:0002076	Hdac4
GO:0002076	Hdac5
GO:0002076	Hey1
GO:0002076	Hoxa2
GO:0002076	Jund
GO:0002076	Limd1
GO:0002076	Lrp5
GO:0002076	Men1
GO:0002076	Msx2
GO:0002076	Pth1r
GO:0002076	Pthlh
GO:0002076	Runx2
GO:0002076	Satb2
GO:0002076	Shh
GO:0002076	Smad3
GO:0002076	Tnn
GO:0002158	Csf1
GO:0002158	Flt3l
GO:0002158	Grem1
GO:0002158	Gsk3b
GO:0002158	Junb
GO:0002158	Nfix
GO:0002158	Nmb
GO:0002158	Nmbr
GO:0002158	Npr3
GO:0002158	Ocstamp
GO:0002158	Pth
GO:0002158	Tcirg1
GO:0002158	Tnfsf11
GO:0003413	Anxa6
GO:0003413	Atf2
GO:0003413	Axin2
GO:0003413	Col27a1
GO:0003413	Cst10
GO:0003413	Ift80
GO:0003413	Ihh
GO:0003413	Matn1
GO:0003413	Nppc
GO:0003413	Poc1a
GO:0003413	Rarg
GO:0003413	Scube2
GO:0003413	Serpinh1
GO:0003413	Smpd3
GO:0003413	Sox9
GO:0003413	Tgfbr2
GO:0003413	Trip11
GO:0003416	Bnc2
GO:0003416	Comp
GO:0003416	Ddr2
GO:0003416	Ecm1
GO:0003416	Evc
GO:0003416	Ext1
GO:0003416	Kdr
GO:0003416	Msx2
GO:0003416	Ostn
GO:0003417	Anxa6
GO:0003417	Atf2
GO:0003417	Carm1
GO:0003417	Cer1
GO:0003417	Col27a1
GO:0003417	Col9a1
GO:0003417	Comp
GO:0003417	Cst10
GO:0003417	Dspp
GO:0003417	Ift80
GO:0003417	Matn1
GO:0003417	Mmp13
GO:0003417	Nppc
GO:0003417	Npr2
GO:0003417	Poc1a
GO:0003417	Por
GO:0003417	Rara
GO:0003417	Rarb
GO:0003417	Rarg
GO:0003417	Sox9
GO:0003417	Stc1
GO:0003417	Tgfbr2
GO:0003417	Thbs1
GO:0003417	Thbs3
GO:0003417	Zmpste24
GO:0003418	Anxa6
GO:0003418	Atf2
GO:0003418	Col27a1
GO:0003418	Cst10
GO:0003418	Ift80
GO:0003418	Matn1
GO:0003418	Nppc
GO:0003418	Poc1a
GO:0003418	Rarg
GO:0003418	Sox9
GO:0003418	Tgfbr2
GO:0003419	Atf2
GO:0003419	Carm1
GO:0003419	Cer1
GO:0003419	Dspp
GO:0003419	Nppc
GO:0003419	Por
GO:0003420	Carm1
GO:0003420	Dspp
GO:0003420	Por
GO:0003421	Stc1
GO:0003429	Matn1
GO:0003430	Cst10
GO:0003430	Rarg
GO:0003430	Sox9
GO:0003430	Tgfbr2
GO:0003431	Col27a1
GO:0003431	Cst10
GO:0003431	Poc1a
GO:0003431	Rarg
GO:0003431	Sox9
GO:0003431	Tgfbr2
GO:0003433	Col27a1
GO:0003433	Cst10
GO:0003433	Matn1
GO:0003433	Poc1a
GO:0003433	Rarg
GO:0003433	Serpinh1
GO:0003433	Smpd3
GO:0003433	Sox9
GO:0003433	Tgfbr2
GO:0005499	Bspry
GO:0005499	Calb1
GO:0005499	Comp
GO:0005499	Gc
GO:0005499	S100g
GO:0005499	Vdr
GO:0005584	Col1a1
GO:0005584	Col1a2
GO:0005585	Col2a1
GO:0005594	Col16a1
GO:0005594	Col9a1
GO:0005594	Col9a2
GO:0005594	Col9a3
GO:0006874	1600014C10Rik
GO:0006874	Adcy8
GO:0006874	Afg3l2
GO:0006874	Ank2
GO:0006874	Anxa6
GO:0006874	Anxa7
GO:0006874	Apoe
GO:0006874	App
GO:0006874	Asph
GO:0006874	Atf4
GO:0006874	Atp13a1
GO:0006874	Atp13a2
GO:0006874	Atp13a3
GO:0006874	Atp13a4
GO:0006874	Atp13a5
GO:0006874	Atp1b1
GO:0006874	Atp2a1
GO:0006874	Atp2a2
GO:0006874	Atp2a3
GO:0006874	Atp2b1
GO:0006874	Atp2b2
GO:0006874	Atp2b3
GO:0006874	Atp2b4
GO:0006874	Atp2c1
GO:0006874	Atp2c2
GO:0006874	Bcl2
GO:0006874	Bok
GO:0006874	Cacna1c
GO:0006874	Cacna1f
GO:0006874	Cacnb4
GO:0006874	Calca
GO:0006874	Calcb
GO:0006874	Camk2d
GO:0006874	Casq2
GO:0006874	Casr
GO:0006874	Cav1
GO:0006874	Cav2
GO:0006874	Cav3
GO:0006874	Ccdc47
GO:0006874	Ccl2
GO:0006874	Ccl5
GO:0006874	Ccl8
GO:0006874	Ccr1
GO:0006874	Ccr1l1
GO:0006874	Ccr2
GO:0006874	Cd40
GO:0006874	Cdh23
GO:0006874	Cdh5
GO:0006874	Cherp
GO:0006874	Chga
GO:0006874	Cln3
GO:0006874	Clstn1
GO:0006874	Cnga1
GO:0006874	Cngb1
GO:0006874	Csrp3
GO:0006874	Ctrc
GO:0006874	Cul5
GO:0006874	Dhrs7c
GO:0006874	Disc1
GO:0006874	Dmpk
GO:0006874	Drd3
GO:0006874	Edn1
GO:0006874	Edn2
GO:0006874	Edn3
GO:0006874	Ednra
GO:0006874	Efhc1
GO:0006874	Eif3e
GO:0006874	F2
GO:0006874	Fkbp1b
GO:0006874	Fxyd1
GO:0006874	Gcm2
GO:0006874	Gpr12
GO:0006874	Gpr3
GO:0006874	Grik2
GO:0006874	Grin1
GO:0006874	Grina
GO:0006874	Hcrtr1
GO:0006874	Hcrtr2
GO:0006874	Herpud1
GO:0006874	Hexb
GO:0006874	Hrc
GO:0006874	Htr2a
GO:0006874	Htr2b
GO:0006874	Htr2c
GO:0006874	Immt
GO:0006874	Inpp4b
GO:0006874	Itpr1
GO:0006874	Kctd17
GO:0006874	Kel
GO:0006874	Letm1
GO:0006874	Maip1
GO:0006874	Mcu
GO:0006874	Mcub
GO:0006874	Mfn2
GO:0006874	Micu1
GO:0006874	Micu2
GO:0006874	Micu3
GO:0006874	Myh7b
GO:0006874	Nppc
GO:0006874	Nptn
GO:0006874	Nucb2
GO:0006874	Pacs2
GO:0006874	Pdzd8
GO:0006874	Pik3cb
GO:0006874	Pkd2
GO:0006874	Pkhd1
GO:0006874	Plcd1
GO:0006874	Pln
GO:0006874	Pml
GO:0006874	Prkca
GO:0006874	Prkcb
GO:0006874	Psen1
GO:0006874	Psen2
GO:0006874	Pth
GO:0006874	Pth1r
GO:0006874	Pygm
GO:0006874	Rgn
GO:0006874	Rmdn3
GO:0006874	Ryr1
GO:0006874	Ryr2
GO:0006874	Ryr3
GO:0006874	S100b
GO:0006874	Selenok
GO:0006874	Slc10a7
GO:0006874	Slc24a1
GO:0006874	Slc24a2
GO:0006874	Slc24a3
GO:0006874	Slc24a4
GO:0006874	Slc24a5
GO:0006874	Slc30a1
GO:0006874	Slc35g1
GO:0006874	Slc37a4
GO:0006874	Slc8a1
GO:0006874	Slc8a2
GO:0006874	Slc8a3
GO:0006874	Slc8b1
GO:0006874	Smdt1
GO:0006874	Spp1
GO:0006874	Sppl2c
GO:0006874	Stc1
GO:0006874	Stc2
GO:0006874	Stim1
GO:0006874	Stim2
GO:0006874	Stoml2
GO:0006874	Sv2a
GO:0006874	Sypl2
GO:0006874	Tcirg1
GO:0006874	Tgfb1
GO:0006874	Tmbim6
GO:0006874	Tmco1
GO:0006874	Tmem165
GO:0006874	Tmem178
GO:0006874	Tmem203
GO:0006874	Tmem64
GO:0006874	Tnni3
GO:0006874	Tpcn2
GO:0006874	Trdn
GO:0006874	Trpa1
GO:0006874	Trpc1
GO:0006874	Trpc2
GO:0006874	Trpc3
GO:0006874	Trpc4
GO:0006874	Trpc5
GO:0006874	Trpc6
GO:0006874	Trpc7
GO:0006874	Trpm8
GO:0006874	Trpv4
GO:0006874	Trpv5
GO:0006874	Tunar
GO:0006874	Umod
GO:0006874	Vapb
GO:0006874	Vdr
GO:0006874	Vps54
GO:0006874	Wfs1
GO:0006874	Xk
GO:0006874	Ywhae
GO:0008147	Bglap
GO:0008147	Bglap2
GO:0008147	Bglap3
GO:0010957	Snai1
GO:0010957	Snai2
GO:0010980	Cyp27b1
GO:0010980	Fgf23
GO:0010980	Vdr
GO:0021919	Chrd
GO:0030278	Actn3
GO:0030278	Acvr1
GO:0030278	Acvr2a
GO:0030278	Acvr2b
GO:0030278	Adgrv1
GO:0030278	Adrb2
GO:0030278	Ahsg
GO:0030278	Alox5
GO:0030278	Ank
GO:0030278	Ano6
GO:0030278	Asxl2
GO:0030278	Atp2b1
GO:0030278	Atraid
GO:0030278	Bcl2
GO:0030278	Bglap
GO:0030278	Bglap2
GO:0030278	Bglap3
GO:0030278	Bmp2
GO:0030278	Bmp2k
GO:0030278	Bmp4
GO:0030278	Bmp6
GO:0030278	Bmp7
GO:0030278	Bmpr1a
GO:0030278	Bmpr1b
GO:0030278	Bmpr2
GO:0030278	Calca
GO:0030278	Calcr
GO:0030278	Ccdc134
GO:0030278	Ccn1
GO:0030278	Ccr1
GO:0030278	Ccr1l1
GO:0030278	Cd276
GO:0030278	Chsy1
GO:0030278	Cnmd
GO:0030278	Comp
GO:0030278	Creb3l1
GO:0030278	Csf1
GO:0030278	Csf1r
GO:0030278	Cyp27b1
GO:0030278	Ddr2
GO:0030278	Dhrs3
GO:0030278	Dkk1
GO:0030278	Dlk1
GO:0030278	Ecm1
GO:0030278	Egr2
GO:0030278	Enpp1
GO:0030278	Esrra
GO:0030278	Fam20c
GO:0030278	Fbn2
GO:0030278	Fgf23
GO:0030278	Fgfr3
GO:0030278	Fzd9
GO:0030278	Gata1
GO:0030278	Gfra4
GO:0030278	Gja1
GO:0030278	Gpm6b
GO:0030278	Grem1
GO:0030278	Hif1a
GO:0030278	Ifitm5
GO:0030278	Intu
GO:0030278	Isg15
GO:0030278	Kl
GO:0030278	Kremen1
GO:0030278	Kremen2
GO:0030278	Lrp4
GO:0030278	Lrp6
GO:0030278	Ltbp3
GO:0030278	Mapk1
GO:0030278	Mapk14
GO:0030278	Mapk3
GO:0030278	Matn1
GO:0030278	Mdk
GO:0030278	Mef2c
GO:0030278	Mepe
GO:0030278	Mgp
GO:0030278	Mia3
GO:0030278	Mkx
GO:0030278	Nbr1
GO:0030278	Nell1
GO:0030278	Nfe2
GO:0030278	Nipbl
GO:0030278	Notch1
GO:0030278	Notum
GO:0030278	Omd
GO:0030278	Osr1
GO:0030278	Osr2
GO:0030278	Ostn
GO:0030278	Oxt
GO:0030278	P2rx7
GO:0030278	P2ry2
GO:0030278	P3h1
GO:0030278	Pbx1
GO:0030278	Phospho1
GO:0030278	Pkdcc
GO:0030278	Prl
GO:0030278	Ptger4
GO:0030278	Pth
GO:0030278	Ptk2b
GO:0030278	Ptn
GO:0030278	Ptpn11
GO:0030278	Rbpj
GO:0030278	Rflna
GO:0030278	Rflnb
GO:0030278	Rsad2
GO:0030278	Runx2
GO:0030278	Rxra
GO:0030278	Rxrb
GO:0030278	S1pr1
GO:0030278	Scube2
GO:0030278	Setd2
GO:0030278	Sfrp1
GO:0030278	Sgms2
GO:0030278	Six2
GO:0030278	Slc8a1
GO:0030278	Smad3
GO:0030278	Smad6
GO:0030278	Smad7
GO:0030278	Smurf1
GO:0030278	Sost
GO:0030278	Sox11
GO:0030278	Sox9
GO:0030278	Srgn
GO:0030278	Suv39h1
GO:0030278	Tac1
GO:0030278	Tacr1
GO:0030278	Tcrb
GO:0030278	Tent5a
GO:0030278	Tfap2a
GO:0030278	Tgfb1
GO:0030278	Thrb
GO:0030278	Tmem119
GO:0030278	Tmem53
GO:0030278	Tob2
GO:0030278	Tph1
GO:0030278	Trpm4
GO:0030278	Twist1
GO:0030278	Txlng
GO:0030278	Vdr
GO:0030278	Wnt10b
GO:0030278	Wnt4
GO:0030278	Wnt5a
GO:0030278	Zbtb16
GO:0030278	Zmpste24
GO:0030279	Adrb2
GO:0030279	Ahsg
GO:0030279	Bcl2
GO:0030279	Calca
GO:0030279	Calcr
GO:0030279	Ccr1
GO:0030279	Ccr1l1
GO:0030279	Chsy1
GO:0030279	Cyp27b1
GO:0030279	Dkk1
GO:0030279	Dlk1
GO:0030279	Ecm1
GO:0030279	Enpp1
GO:0030279	Fgf23
GO:0030279	Gata1
GO:0030279	Gfra4
GO:0030279	Grem1
GO:0030279	Hif1a
GO:0030279	Kremen1
GO:0030279	Kremen2
GO:0030279	Lrp4
GO:0030279	Ltbp3
GO:0030279	Mdk
GO:0030279	Mef2c
GO:0030279	Mepe
GO:0030279	Mkx
GO:0030279	Nfe2
GO:0030279	Notch1
GO:0030279	P2ry2
GO:0030279	Pth
GO:0030279	Ptk2b
GO:0030279	Rbpj
GO:0030279	Rflna
GO:0030279	Rflnb
GO:0030279	Sfrp1
GO:0030279	Smad6
GO:0030279	Smad7
GO:0030279	Smurf1
GO:0030279	Sost
GO:0030279	Sox9
GO:0030279	Srgn
GO:0030279	Tgfb1
GO:0030279	Tmem53
GO:0030279	Tph1
GO:0030279	Trpm4
GO:0030279	Vdr
GO:0030282	Actn3
GO:0030282	Acvr1
GO:0030282	Acvr2a
GO:0030282	Acvr2b
GO:0030282	Adgrv1
GO:0030282	Adrb2
GO:0030282	Ahsg
GO:0030282	Alox15
GO:0030282	Alox5
GO:0030282	Alpl
GO:0030282	Ank
GO:0030282	Ano6
GO:0030282	Aspn
GO:0030282	Asxl2
GO:0030282	Atf4
GO:0030282	Atp2b1
GO:0030282	Atraid
GO:0030282	Axin2
GO:0030282	Bglap
GO:0030282	Bglap2
GO:0030282	Bglap3
GO:0030282	Bmp2
GO:0030282	Bmp2k
GO:0030282	Bmp4
GO:0030282	Bmp6
GO:0030282	Bmp7
GO:0030282	Bmpr1a
GO:0030282	Bmpr1b
GO:0030282	Bmpr2
GO:0030282	Ccdc154
GO:0030282	Ccn1
GO:0030282	Ccr1
GO:0030282	Ccr1l1
GO:0030282	Cd276
GO:0030282	Cer1
GO:0030282	Clec3b
GO:0030282	Col1a2
GO:0030282	Comp
GO:0030282	Csf1r
GO:0030282	Cst10
GO:0030282	Cyp27b1
GO:0030282	Ddr2
GO:0030282	Dlk1
GO:0030282	Dnm3os
GO:0030282	Duox2
GO:0030282	Ecm1
GO:0030282	Eif2ak3
GO:0030282	Enpp1
GO:0030282	Ercc2
GO:0030282	Fam20c
GO:0030282	Fbn2
GO:0030282	Fbxl15
GO:0030282	Fgf23
GO:0030282	Fgfr2
GO:0030282	Fgfr3
GO:0030282	Fgr
GO:0030282	Fzd9
GO:0030282	Gata1
GO:0030282	Gja1
GO:0030282	Gla
GO:0030282	Gpc3
GO:0030282	Gpm6b
GO:0030282	Grem1
GO:0030282	Hif1a
GO:0030282	Ibsp
GO:0030282	Icmt
GO:0030282	Ifitm5
GO:0030282	Ift80
GO:0030282	Igf1
GO:0030282	Isg15
GO:0030282	Kl
GO:0030282	Klf10
GO:0030282	Lep
GO:0030282	Lgr4
GO:0030282	Lncpint
GO:0030282	Lox
GO:0030282	Ltbp3
GO:0030282	Matn1
GO:0030282	Mef2c
GO:0030282	Mepe
GO:0030282	Mgp
GO:0030282	Mia3
GO:0030282	Mmp13
GO:0030282	Mtss1
GO:0030282	Nbr1
GO:0030282	Nell1
GO:0030282	Nfe2
GO:0030282	Nfix
GO:0030282	Notum
GO:0030282	Omd
GO:0030282	Osr1
GO:0030282	Osr2
GO:0030282	Ostn
GO:0030282	P2rx7
GO:0030282	Phex
GO:0030282	Phospho1
GO:0030282	Pkdcc
GO:0030282	Prickle1
GO:0030282	Ptgs2
GO:0030282	Pth
GO:0030282	Pth1r
GO:0030282	Pthlh
GO:0030282	Ptk2b
GO:0030282	Ptn
GO:0030282	Rflna
GO:0030282	Rflnb
GO:0030282	Rspo2
GO:0030282	Rxra
GO:0030282	Rxrb
GO:0030282	S1pr1
GO:0030282	Sbds
GO:0030282	Sbno2
GO:0030282	Sgms2
GO:0030282	Slc24a3
GO:0030282	Slc8a1
GO:0030282	Smad3
GO:0030282	Smpd3
GO:0030282	Snx10
GO:0030282	Sox9
GO:0030282	Spp1
GO:0030282	Srgn
GO:0030282	Suv39h1
GO:0030282	Tcf7l2
GO:0030282	Tent5a
GO:0030282	Tfap2a
GO:0030282	Tmem119
GO:0030282	Tmem38b
GO:0030282	Trpm4
GO:0030282	Twist1
GO:0030282	Txlng
GO:0030282	Vdr
GO:0030282	Wnt10b
GO:0030282	Wnt11
GO:0030282	Wnt4
GO:0030282	Zmpste24
GO:0030316	Adam8
GO:0030316	Apc
GO:0030316	Asxl2
GO:0030316	Atp6ap1
GO:0030316	Bmp2
GO:0030316	Calcr
GO:0030316	Car2
GO:0030316	Cartpt
GO:0030316	Ccl3
GO:0030316	Ccl5
GO:0030316	Ccl9
GO:0030316	Ccn4
GO:0030316	Ccr1
GO:0030316	Ccr1l1
GO:0030316	Cd109
GO:0030316	Cd300lf
GO:0030316	Cd81
GO:0030316	Ceacam1
GO:0030316	Cebpb
GO:0030316	Chuk
GO:0030316	Cldn18
GO:0030316	Clec2d
GO:0030316	Clec2g
GO:0030316	Clec2i
GO:0030316	Creb1
GO:0030316	Csf1
GO:0030316	Csf1r
GO:0030316	Ctnnb1
GO:0030316	Dcstamp
GO:0030316	Dlk1
GO:0030316	Efna2
GO:0030316	Enpp1
GO:0030316	Epha2
GO:0030316	Esrra
GO:0030316	Fam20c
GO:0030316	Farp2
GO:0030316	Fbn1
GO:0030316	Fbxw7
GO:0030316	Fcer1g
GO:0030316	Fgfr3
GO:0030316	Fos
GO:0030316	Foxp1
GO:0030316	Fshb
GO:0030316	Fshr
GO:0030316	Fstl3
GO:0030316	Gab2
GO:0030316	Glo1
GO:0030316	Gnas
GO:0030316	Gpc3
GO:0030316	Gpr137
GO:0030316	Gpr137b
GO:0030316	Gpr183
GO:0030316	Gpr55
GO:0030316	Gpr68
GO:0030316	Gsk3b
GO:0030316	Iapp
GO:0030316	Ifna
GO:0030316	Ifnb1
GO:0030316	Ifng
GO:0030316	Il12b
GO:0030316	Il17a
GO:0030316	Il20
GO:0030316	Il23a
GO:0030316	Il4
GO:0030316	Inpp4b
GO:0030316	Inpp5d
GO:0030316	Ireb2
GO:0030316	Itgb3
GO:0030316	Junb
GO:0030316	Klf10
GO:0030316	Lilra6
GO:0030316	Lilrb4a
GO:0030316	Lilrb4b
GO:0030316	Lrrc17
GO:0030316	Lrrk1
GO:0030316	Mafb
GO:0030316	Mapk14
GO:0030316	Mir34a
GO:0030316	Mir9718
GO:0030316	Mitf
GO:0030316	Mtor
GO:0030316	Nedd9
GO:0030316	Nf1
GO:0030316	Nfatc1
GO:0030316	Nfix
GO:0030316	Ninj1
GO:0030316	Notch2
GO:0030316	Ocstamp
GO:0030316	Oscar
GO:0030316	Ostm1
GO:0030316	Pafah1b1
GO:0030316	Pias3
GO:0030316	Pik3r1
GO:0030316	Pilrb1
GO:0030316	Pira1
GO:0030316	Pira12
GO:0030316	Pira13
GO:0030316	Pira2
GO:0030316	Pira6
GO:0030316	Pirb
GO:0030316	Pou4f1
GO:0030316	Pou4f2
GO:0030316	Ppargc1b
GO:0030316	Ppp3ca
GO:0030316	Prxl2a
GO:0030316	Rassf2
GO:0030316	Sbno2
GO:0030316	Sfrp1
GO:0030316	Sh3pxd2a
GO:0030316	Siglec15
GO:0030316	Slc4a2
GO:0030316	Slc9b2
GO:0030316	Snx10
GO:0030316	Src
GO:0030316	Tcirg1
GO:0030316	Tcta
GO:0030316	Tfe3
GO:0030316	Tfrc
GO:0030316	Tgfb1
GO:0030316	Tjp2
GO:0030316	Tmem178
GO:0030316	Tmem64
GO:0030316	Tnf
GO:0030316	Tnfaip6
GO:0030316	Tnfrsf11a
GO:0030316	Tnfrsf11b
GO:0030316	Tnfsf11
GO:0030316	Tob2
GO:0030316	Traf6
GO:0030316	Trem2
GO:0030316	Trf
GO:0030316	Tyrobp
GO:0030316	Ubash3b
GO:0030316	Zbtb7a
GO:0030500	Actn3
GO:0030500	Acvr1
GO:0030500	Acvr2a
GO:0030500	Acvr2b
GO:0030500	Adgrv1
GO:0030500	Adrb2
GO:0030500	Ahsg
GO:0030500	Alox5
GO:0030500	Ank
GO:0030500	Ano6
GO:0030500	Asxl2
GO:0030500	Atp2b1
GO:0030500	Atraid
GO:0030500	Bglap
GO:0030500	Bglap2
GO:0030500	Bglap3
GO:0030500	Bmp2
GO:0030500	Bmp2k
GO:0030500	Bmp4
GO:0030500	Bmp6
GO:0030500	Bmp7
GO:0030500	Bmpr1a
GO:0030500	Bmpr1b
GO:0030500	Bmpr2
GO:0030500	Ccn1
GO:0030500	Ccr1
GO:0030500	Ccr1l1
GO:0030500	Cd276
GO:0030500	Comp
GO:0030500	Csf1r
GO:0030500	Cyp27b1
GO:0030500	Ddr2
GO:0030500	Ecm1
GO:0030500	Enpp1
GO:0030500	Fam20c
GO:0030500	Fbn2
GO:0030500	Fgf23
GO:0030500	Fgfr3
GO:0030500	Fzd9
GO:0030500	Gata1
GO:0030500	Gja1
GO:0030500	Gpm6b
GO:0030500	Grem1
GO:0030500	Hif1a
GO:0030500	Ifitm5
GO:0030500	Isg15
GO:0030500	Kl
GO:0030500	Ltbp3
GO:0030500	Matn1
GO:0030500	Mef2c
GO:0030500	Mepe
GO:0030500	Mgp
GO:0030500	Mia3
GO:0030500	Nbr1
GO:0030500	Nell1
GO:0030500	Nfe2
GO:0030500	Notum
GO:0030500	Omd
GO:0030500	Osr1
GO:0030500	Osr2
GO:0030500	Ostn
GO:0030500	P2rx7
GO:0030500	Phospho1
GO:0030500	Pkdcc
GO:0030500	Pth
GO:0030500	Ptk2b
GO:0030500	Ptn
GO:0030500	Rflna
GO:0030500	Rflnb
GO:0030500	Rxra
GO:0030500	Rxrb
GO:0030500	S1pr1
GO:0030500	Sgms2
GO:0030500	Slc8a1
GO:0030500	Smad3
GO:0030500	Sox9
GO:0030500	Srgn
GO:0030500	Suv39h1
GO:0030500	Tent5a
GO:0030500	Tfap2a
GO:0030500	Tmem119
GO:0030500	Trpm4
GO:0030500	Twist1
GO:0030500	Txlng
GO:0030500	Vdr
GO:0030500	Wnt10b
GO:0030500	Wnt4
GO:0030500	Zmpste24
GO:0030501	Actn3
GO:0030501	Acvr1
GO:0030501	Acvr2a
GO:0030501	Acvr2b
GO:0030501	Adgrv1
GO:0030501	Adrb2
GO:0030501	Alox5
GO:0030501	Ano6
GO:0030501	Asxl2
GO:0030501	Atp2b1
GO:0030501	Atraid
GO:0030501	Bmp2
GO:0030501	Bmp4
GO:0030501	Bmp6
GO:0030501	Bmp7
GO:0030501	Bmpr1a
GO:0030501	Bmpr1b
GO:0030501	Bmpr2
GO:0030501	Ccn1
GO:0030501	Cd276
GO:0030501	Csf1r
GO:0030501	Fam20c
GO:0030501	Fbn2
GO:0030501	Fgfr3
GO:0030501	Fzd9
GO:0030501	Gpm6b
GO:0030501	Isg15
GO:0030501	Kl
GO:0030501	Mef2c
GO:0030501	Mia3
GO:0030501	Nell1
GO:0030501	Osr1
GO:0030501	Osr2
GO:0030501	P2rx7
GO:0030501	Pkdcc
GO:0030501	Pth
GO:0030501	Ptn
GO:0030501	Rxra
GO:0030501	Rxrb
GO:0030501	Slc8a1
GO:0030501	Smad3
GO:0030501	Tent5a
GO:0030501	Tfap2a
GO:0030501	Tmem119
GO:0030501	Vdr
GO:0030501	Wnt10b
GO:0030501	Wnt4
GO:0030502	Ahsg
GO:0030502	Ccr1
GO:0030502	Ccr1l1
GO:0030502	Ecm1
GO:0030502	Enpp1
GO:0030502	Fgf23
GO:0030502	Gata1
GO:0030502	Grem1
GO:0030502	Hif1a
GO:0030502	Ltbp3
GO:0030502	Mepe
GO:0030502	Nfe2
GO:0030502	Pth
GO:0030502	Ptk2b
GO:0030502	Rflna
GO:0030502	Rflnb
GO:0030502	Sox9
GO:0030502	Srgn
GO:0030502	Trpm4
GO:0030509	Abl1
GO:0030509	Acvr1
GO:0030509	Acvr2a
GO:0030509	Acvr2b
GO:0030509	Acvrl1
GO:0030509	Amhr2
GO:0030509	Atf2
GO:0030509	Bambi
GO:0030509	Bmncr
GO:0030509	Bmp10
GO:0030509	Bmp15
GO:0030509	Bmp2
GO:0030509	Bmp3
GO:0030509	Bmp4
GO:0030509	Bmp6
GO:0030509	Bmp7
GO:0030509	Bmper
GO:0030509	Bmpr1a
GO:0030509	Bmpr1b
GO:0030509	Bmpr2
GO:0030509	Cav1
GO:0030509	Ccn1
GO:0030509	Cdh5
GO:0030509	Cer1
GO:0030509	Chrd
GO:0030509	Chrdl1
GO:0030509	Chrdl2
GO:0030509	Comp
GO:0030509	Crb2
GO:0030509	Crim1
GO:0030509	Ctdspl2
GO:0030509	Dand5
GO:0030509	Ddx5
GO:0030509	Dkk1
GO:0030509	Dlx1
GO:0030509	Dlx3
GO:0030509	Dlx5
GO:0030509	Dsg4
GO:0030509	Ecsit
GO:0030509	Egr1
GO:0030509	Elapor2
GO:0030509	Eng
GO:0030509	Etv2
GO:0030509	Ext1
GO:0030509	Fam83g
GO:0030509	Fbxl15
GO:0030509	Fkbp8
GO:0030509	Foxd1
GO:0030509	Fst
GO:0030509	Fstl1
GO:0030509	Fstl3
GO:0030509	Fstl4
GO:0030509	Fstl5
GO:0030509	Fzd1
GO:0030509	Gata4
GO:0030509	Gata6
GO:0030509	Gdf1
GO:0030509	Gdf10
GO:0030509	Gdf2
GO:0030509	Gdf3
GO:0030509	Gdf5
GO:0030509	Gdf6
GO:0030509	Gdf7
GO:0030509	Gdf9
GO:0030509	Gpc3
GO:0030509	Grem1
GO:0030509	Grem2
GO:0030509	Hes1
GO:0030509	Hes5
GO:0030509	Hfe
GO:0030509	Hipk2
GO:0030509	Hivep1
GO:0030509	Hjv
GO:0030509	Hoxa13
GO:0030509	Htra1
GO:0030509	Htra3
GO:0030509	Id1
GO:0030509	Ilk
GO:0030509	Inhba
GO:0030509	Inhbb
GO:0030509	Inhbc
GO:0030509	Inhbe
GO:0030509	Itga3
GO:0030509	Kcp
GO:0030509	Kdr
GO:0030509	Lef1
GO:0030509	Lefty1
GO:0030509	Lefty2
GO:0030509	Lemd2
GO:0030509	Lemd3
GO:0030509	Lrp2
GO:0030509	Mapk3
GO:0030509	Megf8
GO:0030509	Mir122
GO:0030509	Mir125a
GO:0030509	Mir147
GO:0030509	Mir16-1
GO:0030509	Mir210
GO:0030509	Mir23a
GO:0030509	Mir329
GO:0030509	Mir675
GO:0030509	Mirlet7a-1
GO:0030509	Mirlet7b
GO:0030509	Mirlet7d
GO:0030509	Mirlet7f-1
GO:0030509	Mirlet7f-2
GO:0030509	Msx1
GO:0030509	Msx2
GO:0030509	Nanog
GO:0030509	Nbl1
GO:0030509	Neo1
GO:0030509	Nfia
GO:0030509	Nodal
GO:0030509	Nog
GO:0030509	Notch1
GO:0030509	Notch2
GO:0030509	Numa1
GO:0030509	Pdcd4
GO:0030509	Pelo
GO:0030509	Pparg
GO:0030509	Ppm1a
GO:0030509	Rbpj
GO:0030509	Rgma
GO:0030509	Rgmb
GO:0030509	Rnf165
GO:0030509	Ror2
GO:0030509	Runx2
GO:0030509	Scube3
GO:0030509	Scx
GO:0030509	Sfrp1
GO:0030509	Sfrp2
GO:0030509	Sfrp4
GO:0030509	Sfrp5
GO:0030509	Ski
GO:0030509	Skil
GO:0030509	Skor1
GO:0030509	Skor2
GO:0030509	Slc39a5
GO:0030509	Smad1
GO:0030509	Smad2
GO:0030509	Smad4
GO:0030509	Smad5
GO:0030509	Smad6
GO:0030509	Smad7
GO:0030509	Smad9
GO:0030509	Smpd3
GO:0030509	Smurf1
GO:0030509	Smurf2
GO:0030509	Sorl1
GO:0030509	Sost
GO:0030509	Sostdc1
GO:0030509	Sox11
GO:0030509	Spg20
GO:0030509	Sulf1
GO:0030509	Tbx20
GO:0030509	Tcf7l2
GO:0030509	Tfap2b
GO:0030509	Tgfb1
GO:0030509	Tgfb2
GO:0030509	Tgfb3
GO:0030509	Tgfbr3
GO:0030509	Tmem100
GO:0030509	Tmem53
GO:0030509	Tmprss6
GO:0030509	Tnfaip6
GO:0030509	Tob1
GO:0030509	Trim33
GO:0030509	Twsg1
GO:0030509	Ube2o
GO:0030509	Usp15
GO:0030509	Usp9x
GO:0030509	Vsir
GO:0030509	Vwc2
GO:0030509	Vwc2l
GO:0030509	Wnt1
GO:0030509	Wnt3a
GO:0030509	Wnt5a
GO:0030509	Zcchc12
GO:0030509	Zfp128
GO:0030509	Zfp423
GO:0030510	Abl1
GO:0030510	Acvrl1
GO:0030510	Bambi
GO:0030510	Bmp4
GO:0030510	Bmper
GO:0030510	Bmpr2
GO:0030510	Cav1
GO:0030510	Ccn1
GO:0030510	Cdh5
GO:0030510	Cer1
GO:0030510	Chrd
GO:0030510	Chrdl1
GO:0030510	Chrdl2
GO:0030510	Crb2
GO:0030510	Crim1
GO:0030510	Ctdspl2
GO:0030510	Dand5
GO:0030510	Dkk1
GO:0030510	Dlx1
GO:0030510	Elapor2
GO:0030510	Eng
GO:0030510	Fbxl15
GO:0030510	Fkbp8
GO:0030510	Foxd1
GO:0030510	Fst
GO:0030510	Fstl1
GO:0030510	Fstl3
GO:0030510	Fstl4
GO:0030510	Fstl5
GO:0030510	Fzd1
GO:0030510	Gata4
GO:0030510	Gata6
GO:0030510	Gdf2
GO:0030510	Gdf3
GO:0030510	Gdf5
GO:0030510	Gpc3
GO:0030510	Grem1
GO:0030510	Grem2
GO:0030510	Hes1
GO:0030510	Hes5
GO:0030510	Hipk2
GO:0030510	Hjv
GO:0030510	Hoxa13
GO:0030510	Htra1
GO:0030510	Htra3
GO:0030510	Ilk
GO:0030510	Itga3
GO:0030510	Kcp
GO:0030510	Kdr
GO:0030510	Lemd2
GO:0030510	Lemd3
GO:0030510	Lrp2
GO:0030510	Mir675
GO:0030510	Msx1
GO:0030510	Msx2
GO:0030510	Nanog
GO:0030510	Nbl1
GO:0030510	Neo1
GO:0030510	Nog
GO:0030510	Notch1
GO:0030510	Notch2
GO:0030510	Numa1
GO:0030510	Pelo
GO:0030510	Pparg
GO:0030510	Ppm1a
GO:0030510	Rbpj
GO:0030510	Rgma
GO:0030510	Rnf165
GO:0030510	Scube3
GO:0030510	Sfrp1
GO:0030510	Sfrp2
GO:0030510	Sfrp4
GO:0030510	Sfrp5
GO:0030510	Ski
GO:0030510	Skil
GO:0030510	Skor1
GO:0030510	Skor2
GO:0030510	Smad2
GO:0030510	Smad4
GO:0030510	Smad6
GO:0030510	Smad7
GO:0030510	Smurf1
GO:0030510	Smurf2
GO:0030510	Sorl1
GO:0030510	Sost
GO:0030510	Sostdc1
GO:0030510	Sox11
GO:0030510	Spg20
GO:0030510	Sulf1
GO:0030510	Tbx20
GO:0030510	Tcf7l2
GO:0030510	Tfap2b
GO:0030510	Tgfbr3
GO:0030510	Tmem53
GO:0030510	Tmprss6
GO:0030510	Tnfaip6
GO:0030510	Tob1
GO:0030510	Trim33
GO:0030510	Twsg1
GO:0030510	Ube2o
GO:0030510	Vsir
GO:0030510	Vwc2
GO:0030510	Vwc2l
GO:0030510	Wnt1
GO:0030510	Wnt5a
GO:0030510	Zfp423
GO:0030513	Acvrl1
GO:0030513	Bmp4
GO:0030513	Bmpr2
GO:0030513	Ccn1
GO:0030513	Cdh5
GO:0030513	Crb2
GO:0030513	Elapor2
GO:0030513	Eng
GO:0030513	Fbxl15
GO:0030513	Fkbp8
GO:0030513	Foxd1
GO:0030513	Gata4
GO:0030513	Gata6
GO:0030513	Gdf2
GO:0030513	Gdf5
GO:0030513	Gpc3
GO:0030513	Hes1
GO:0030513	Hes5
GO:0030513	Ilk
GO:0030513	Kcp
GO:0030513	Kdr
GO:0030513	Msx1
GO:0030513	Msx2
GO:0030513	Neo1
GO:0030513	Notch1
GO:0030513	Notch2
GO:0030513	Numa1
GO:0030513	Pelo
GO:0030513	Rbpj
GO:0030513	Rnf165
GO:0030513	Scube3
GO:0030513	Smad2
GO:0030513	Smad4
GO:0030513	Sox11
GO:0030513	Sulf1
GO:0030513	Tbx20
GO:0030513	Tgfbr3
GO:0030513	Twsg1
GO:0030513	Ube2o
GO:0030513	Vsir
GO:0030513	Zfp423
GO:0030514	Abl1
GO:0030514	Bambi
GO:0030514	Bmper
GO:0030514	Cav1
GO:0030514	Cer1
GO:0030514	Chrd
GO:0030514	Chrdl1
GO:0030514	Chrdl2
GO:0030514	Crim1
GO:0030514	Ctdspl2
GO:0030514	Dand5
GO:0030514	Dkk1
GO:0030514	Dlx1
GO:0030514	Fstl3
GO:0030514	Fzd1
GO:0030514	Gdf3
GO:0030514	Grem1
GO:0030514	Grem2
GO:0030514	Hipk2
GO:0030514	Hjv
GO:0030514	Htra1
GO:0030514	Htra3
GO:0030514	Lemd2
GO:0030514	Lemd3
GO:0030514	Lrp2
GO:0030514	Mir675
GO:0030514	Nanog
GO:0030514	Nbl1
GO:0030514	Nog
GO:0030514	Notch1
GO:0030514	Pparg
GO:0030514	Ppm1a
GO:0030514	Sfrp1
GO:0030514	Sfrp2
GO:0030514	Ski
GO:0030514	Skil
GO:0030514	Skor1
GO:0030514	Skor2
GO:0030514	Smad6
GO:0030514	Smad7
GO:0030514	Smurf1
GO:0030514	Smurf2
GO:0030514	Sorl1
GO:0030514	Sost
GO:0030514	Sostdc1
GO:0030514	Spg20
GO:0030514	Tcf7l2
GO:0030514	Tmem53
GO:0030514	Tmprss6
GO:0030514	Tnfaip6
GO:0030514	Tob1
GO:0030514	Trim33
GO:0030514	Twsg1
GO:0030514	Vwc2
GO:0030514	Vwc2l
GO:0030514	Wnt1
GO:0030514	Wnt5a
GO:0032468	Atp2c1
GO:0032468	Tmem165
GO:0032469	App
GO:0032469	Atp2a2
GO:0032469	Atp2a3
GO:0032469	Bcl2
GO:0032469	Camk2d
GO:0032469	Ccdc47
GO:0032469	Grina
GO:0032469	Herpud1
GO:0032469	Itpr1
GO:0032469	Kctd17
GO:0032469	Pacs2
GO:0032469	Pml
GO:0032469	Psen1
GO:0032469	Psen2
GO:0032469	Selenok
GO:0032469	Tmbim6
GO:0032469	Tmco1
GO:0032469	Wfs1
GO:0032841	Calcr
GO:0033280	Cdkn2d
GO:0033280	Cyp24a1
GO:0033280	Cyp27b1
GO:0033280	Fes
GO:0033280	Kank2
GO:0033280	Kdm6a
GO:0033280	Med1
GO:0033280	Mn1
GO:0033280	Pdia3
GO:0033280	Pim1
GO:0033280	Rxra
GO:0033280	Snai2
GO:0033280	Snw1
GO:0033280	Spp1
GO:0033280	Trim24
GO:0033280	Vdr
GO:0033687	Abl1
GO:0033687	Ahr
GO:0033687	Atraid
GO:0033687	Axin2
GO:0033687	Bcl2
GO:0033687	Bmp2
GO:0033687	Ccn1
GO:0033687	Cthrc1
GO:0033687	Eif2ak2
GO:0033687	Fbln5
GO:0033687	Fgfr2
GO:0033687	Fignl1
GO:0033687	Gata1
GO:0033687	Grem1
GO:0033687	Gsk3b
GO:0033687	Hpse
GO:0033687	Ift80
GO:0033687	Igf1r
GO:0033687	Itgav
GO:0033687	Itgb3
GO:0033687	Junb
GO:0033687	Kcnq1ot1
GO:0033687	Lrp5
GO:0033687	Lrrc17
GO:0033687	Ltf
GO:0033687	Mn1
GO:0033687	Mus81
GO:0033687	Nell1
GO:0033687	Nf2
GO:0033687	Npr3
GO:0033687	Osr2
GO:0033687	Plxnb1
GO:0033687	Rhoa
GO:0033687	Sfrp1
GO:0033687	Smad3
GO:0033687	Sox8
GO:0033687	Tmem119
GO:0033687	Tnn
GO:0033688	Abl1
GO:0033688	Ahr
GO:0033688	Atraid
GO:0033688	Axin2
GO:0033688	Bcl2
GO:0033688	Bmp2
GO:0033688	Ccn1
GO:0033688	Cthrc1
GO:0033688	Eif2ak2
GO:0033688	Fbln5
GO:0033688	Fgfr2
GO:0033688	Gata1
GO:0033688	Grem1
GO:0033688	Gsk3b
GO:0033688	Hpse
GO:0033688	Igf1r
GO:0033688	Itgav
GO:0033688	Itgb3
GO:0033688	Lrp5
GO:0033688	Ltf
GO:0033688	Mn1
GO:0033688	Nell1
GO:0033688	Nf2
GO:0033688	Npr3
GO:0033688	Plxnb1
GO:0033688	Rhoa
GO:0033688	Sfrp1
GO:0033688	Smad3
GO:0033688	Sox8
GO:0033688	Tmem119
GO:0033688	Tnn
GO:0033689	Ahr
GO:0033689	Atraid
GO:0033689	Axin2
GO:0033689	Bcl2
GO:0033689	Eif2ak2
GO:0033689	Grem1
GO:0033689	Mn1
GO:0033689	Nell1
GO:0033689	Nf2
GO:0033689	Plxnb1
GO:0033689	Sfrp1
GO:0033689	Smad3
GO:0033689	Tnn
GO:0033690	Abl1
GO:0033690	Bmp2
GO:0033690	Ccn1
GO:0033690	Cthrc1
GO:0033690	Fbln5
GO:0033690	Gata1
GO:0033690	Gsk3b
GO:0033690	Hpse
GO:0033690	Igf1r
GO:0033690	Itgav
GO:0033690	Itgb3
GO:0033690	Lrp5
GO:0033690	Ltf
GO:0033690	Sox8
GO:0033690	Tmem119
GO:0034505	Amelx
GO:0034505	Col1a1
GO:0034505	Enpp1
GO:0034505	Tspear
GO:0035602	Fgfr2
GO:0035604	Fgfr2
GO:0035630	Actn3
GO:0035630	Ano6
GO:0035630	Asxl2
GO:0035630	Bmp2
GO:0035630	Ccdc154
GO:0035630	Enpp1
GO:0035630	Grem1
GO:0035630	Ift80
GO:0035630	Igf1
GO:0035630	Lep
GO:0035630	Phospho1
GO:0035630	Pth
GO:0035630	Rflna
GO:0035630	Rflnb
GO:0035630	Snx10
GO:0035988	Bmpr2
GO:0035988	Ccn2
GO:0035988	Ccn3
GO:0035988	Col9a1
GO:0035988	Comp
GO:0035988	Ddr2
GO:0035988	Dspp
GO:0035988	Ext1
GO:0035988	Golgb1
GO:0035988	Grn
GO:0035988	Hmga2
GO:0035988	Ihh
GO:0035988	Lef1
GO:0035988	Ltf
GO:0035988	Mmp14
GO:0035988	Mmp16
GO:0035988	Mustn1
GO:0035988	Npr2
GO:0035988	Pbxip1
GO:0035988	Scube2
GO:0035988	Sirt6
GO:0035988	Six2
GO:0035988	Smad7
GO:0035988	Sox9
GO:0035988	Stc1
GO:0036023	Ctnnb1
GO:0036023	Osr1
GO:0036023	Osr2
GO:0036035	Atp6ap1
GO:0036035	Cldn18
GO:0036035	Fam20c
GO:0036035	Fbn1
GO:0036035	Fbxw7
GO:0036035	Foxp1
GO:0036035	Gpr68
GO:0036035	Lrrk1
GO:0036035	Mir34a
GO:0036035	Ninj1
GO:0036035	Notch2
GO:0036035	Pafah1b1
GO:0036035	Siglec15
GO:0036035	Slc9b2
GO:0036035	Src
GO:0036035	Tjp2
GO:0036035	Tnfsf11
GO:0036035	Tyrobp
GO:0036122	Agrn
GO:0036122	Bmpr1a
GO:0036122	Bmpr1b
GO:0036122	Bmpr2
GO:0036122	Cer1
GO:0036122	Chrd
GO:0036122	Chrdl1
GO:0036122	Chrdl2
GO:0036122	Comp
GO:0036122	Eng
GO:0036122	Gdf5
GO:0036122	Grem1
GO:0036122	Grem2
GO:0036122	Hjv
GO:0036122	Nbl1
GO:0036122	Scube3
GO:0036122	Sost
GO:0036122	Sostdc1
GO:0036122	Tcap
GO:0036122	Ucma
GO:0036179	Fam20c
GO:0042359	Cyp24a1
GO:0042359	Cyp27b1
GO:0042359	Cyp2r1
GO:0042359	Fgf23
GO:0042359	Gc
GO:0042359	Ifng
GO:0042359	Lrp2
GO:0042359	Snai1
GO:0042359	Snai2
GO:0042359	Tnf
GO:0042369	Cyp24a1
GO:0042369	Cyp27b1
GO:0042369	Fgf23
GO:0042475	Acvr2a
GO:0042475	Acvr2b
GO:0042475	Ambn
GO:0042475	Amelx
GO:0042475	Amtn
GO:0042475	Ankrd11
GO:0042475	Apcdd1
GO:0042475	Bax
GO:0042475	Bcl11b
GO:0042475	Bcl2l11
GO:0042475	Bmp2
GO:0042475	Bmp4
GO:0042475	Bmp7
GO:0042475	Bmpr1a
GO:0042475	Ccdc154
GO:0042475	Chuk
GO:0042475	Csf1
GO:0042475	Ctnnb1
GO:0042475	Dicer1
GO:0042475	Dll1
GO:0042475	Dlx1
GO:0042475	Dlx2
GO:0042475	Dlx3
GO:0042475	Dmrt3
GO:0042475	Eda
GO:0042475	Edar
GO:0042475	Edaradd
GO:0042475	Enam
GO:0042475	Fgf10
GO:0042475	Fgf4
GO:0042475	Fgf8
GO:0042475	Foxc1
GO:0042475	Fst
GO:0042475	Gli2
GO:0042475	Gli3
GO:0042475	Hand1
GO:0042475	Hand2
GO:0042475	Hdac1
GO:0042475	Hdac2
GO:0042475	Ift88
GO:0042475	Itga6
GO:0042475	Jag2
GO:0042475	Lama5
GO:0042475	Lef1
GO:0042475	Lhx8
GO:0042475	Lrp4
GO:0042475	Lrp6
GO:0042475	Msx1
GO:0042475	Nf2
GO:0042475	Nfic
GO:0042475	Ngfr
GO:0042475	Nkx2-3
GO:0042475	Odam
GO:0042475	Pdgfra
GO:0042475	Rogdi
GO:0042475	Rspo2
GO:0042475	Runx2
GO:0042475	Shh
GO:0042475	Smo
GO:0042475	Sostdc1
GO:0042475	Tbx1
GO:0042475	Tcf7l2
GO:0042475	Tnfrsf11b
GO:0042475	Traf6
GO:0042475	Trp63
GO:0042475	Wnt10a
GO:0042475	Wnt6
GO:0042475	Wnt7b
GO:0042487	Apcdd1
GO:0042487	Bmp2
GO:0042487	Bmp4
GO:0042487	Csf1
GO:0042487	Dicer1
GO:0042487	Dmrt3
GO:0042487	Fgf8
GO:0042487	Ift88
GO:0042487	Ngfr
GO:0042487	Rspo2
GO:0042487	Runx2
GO:0042487	Tnfrsf11b
GO:0042487	Wnt10a
GO:0042488	Csf1
GO:0042488	Ngfr
GO:0042489	Rspo2
GO:0042489	Tnfrsf11b
GO:0042809	Hr
GO:0042809	Med1
GO:0042809	Ncoa6
GO:0042809	Rxra
GO:0042809	Rxrb
GO:0042809	Snw1
GO:0042809	Taf11
GO:0042809	Taf7
GO:0042809	Tob2
GO:0043931	Actn3
GO:0043931	Adamts12
GO:0043931	Adamts7
GO:0043931	Ano6
GO:0043931	Asxl2
GO:0043931	Bmp2
GO:0043931	Ccdc154
GO:0043931	Dchs1
GO:0043931	Ebp
GO:0043931	Enpp1
GO:0043931	Ext1
GO:0043931	Fat4
GO:0043931	Grem1
GO:0043931	Ift80
GO:0043931	Igf1
GO:0043931	Lep
GO:0043931	Phospho1
GO:0043931	Plxnb1
GO:0043931	Pth
GO:0043931	Rflna
GO:0043931	Rflnb
GO:0043931	Rhoa
GO:0043931	Ryr1
GO:0043931	Sema4d
GO:0043931	Snx10
GO:0043931	Thbs3
GO:0043931	Xylt1
GO:0043931	Zbtb16
GO:0043932	Cthrc1
GO:0043932	Ptn
GO:0044339	Ctnnb1
GO:0044339	Fzd1
GO:0044339	Gsk3b
GO:0044339	Tnn
GO:0044339	Wnt3
GO:0044730	Anxa2
GO:0045124	Adam8
GO:0045124	Ahsg
GO:0045124	Calcr
GO:0045124	Car2
GO:0045124	Cartpt
GO:0045124	Cd38
GO:0045124	Ceacam1
GO:0045124	Cldn18
GO:0045124	Csf1r
GO:0045124	Csk
GO:0045124	Cyp19a1
GO:0045124	Dcstamp
GO:0045124	Def8
GO:0045124	Dlk1
GO:0045124	Egfr
GO:0045124	Fcgr4
GO:0045124	Fshb
GO:0045124	Fshr
GO:0045124	Gpr137
GO:0045124	Gpr137b
GO:0045124	Hamp
GO:0045124	Iapp
GO:0045124	Idua
GO:0045124	Il20ra
GO:0045124	Il6
GO:0045124	Inpp5d
GO:0045124	Itgav
GO:0045124	Itgb3
GO:0045124	Lrp6
GO:0045124	Ltbp3
GO:0045124	Mc4r
GO:0045124	Mir9718
GO:0045124	Nf1
GO:0045124	Oscar
GO:0045124	P2rx7
GO:0045124	Pdk4
GO:0045124	Plekhm1
GO:0045124	Ppargc1b
GO:0045124	Prkca
GO:0045124	Ptger4
GO:0045124	S1pr1
GO:0045124	Siglec15
GO:0045124	Slc4a2
GO:0045124	Spp1
GO:0045124	Src
GO:0045124	Syk
GO:0045124	Tfrc
GO:0045124	Tmem119
GO:0045124	Tmem64
GO:0045124	Tnfrsf11a
GO:0045124	Tnfrsf11b
GO:0045124	Tnfsf11
GO:0045124	Trf
GO:0045124	Ubash3b
GO:0045124	Vegfa
GO:0045453	Acp5
GO:0045453	Adam8
GO:0045453	Adrb2
GO:0045453	Ahsg
GO:0045453	Calcr
GO:0045453	Car2
GO:0045453	Cartpt
GO:0045453	Ccdc154
GO:0045453	Cd38
GO:0045453	Ceacam1
GO:0045453	Cldn18
GO:0045453	Csf1r
GO:0045453	Csk
GO:0045453	Ctnnb1
GO:0045453	Ctsk
GO:0045453	Ctss
GO:0045453	Cyp19a1
GO:0045453	Dcstamp
GO:0045453	Def8
GO:0045453	Dlk1
GO:0045453	Egfr
GO:0045453	Enpp1
GO:0045453	Ext1
GO:0045453	Fcgr4
GO:0045453	Fshb
GO:0045453	Fshr
GO:0045453	Gpr137
GO:0045453	Gpr137b
GO:0045453	Gpr55
GO:0045453	Hamp
GO:0045453	Hnf1a
GO:0045453	Iapp
GO:0045453	Idua
GO:0045453	Ihh
GO:0045453	Il20ra
GO:0045453	Il6
GO:0045453	Il7
GO:0045453	Inpp5d
GO:0045453	Itgav
GO:0045453	Itgb3
GO:0045453	Lrp6
GO:0045453	Lrrk1
GO:0045453	Ltbp3
GO:0045453	Mc4r
GO:0045453	Mir34a
GO:0045453	Mir9718
GO:0045453	Ncdn
GO:0045453	Nf1
GO:0045453	Nox4
GO:0045453	Oscar
GO:0045453	P2rx7
GO:0045453	Pdk4
GO:0045453	Plekhm1
GO:0045453	Ppargc1b
GO:0045453	Prkca
GO:0045453	Ptger4
GO:0045453	Pth1r
GO:0045453	Ptk2b
GO:0045453	Rab3d
GO:0045453	Rab7
GO:0045453	Rac1
GO:0045453	Rac2
GO:0045453	S1pr1
GO:0045453	Siglec15
GO:0045453	Slc4a2
GO:0045453	Snx10
GO:0045453	Spp1
GO:0045453	Src
GO:0045453	Syk
GO:0045453	Tcirg1
GO:0045453	Tfrc
GO:0045453	Tmem119
GO:0045453	Tmem64
GO:0045453	Tnfrsf11a
GO:0045453	Tnfrsf11b
GO:0045453	Tnfsf11
GO:0045453	Tns3
GO:0045453	Tpp1
GO:0045453	Traf6
GO:0045453	Trf
GO:0045453	Ubash3b
GO:0045453	Vegfa
GO:0045667	A430033K04Rik
GO:0045667	Acvr1
GO:0045667	Acvr2a
GO:0045667	Acvr2b
GO:0045667	Ahr
GO:0045667	Apc
GO:0045667	Areg
GO:0045667	Atf4
GO:0045667	Atraid
GO:0045667	Axin2
GO:0045667	Bambi
GO:0045667	Bmp2
GO:0045667	Bmp4
GO:0045667	Bmp6
GO:0045667	Bmp7
GO:0045667	Bmpr1a
GO:0045667	Bmpr1b
GO:0045667	Bmpr2
GO:0045667	Ccn1
GO:0045667	Ccn4
GO:0045667	Cd276
GO:0045667	Cdk6
GO:0045667	Cebpa
GO:0045667	Cebpb
GO:0045667	Cebpd
GO:0045667	Chrd
GO:0045667	Cited1
GO:0045667	Clic1
GO:0045667	Crim1
GO:0045667	Cthrc1
GO:0045667	Ctnnb1
GO:0045667	Ctnnbip1
GO:0045667	Ddr2
GO:0045667	Ddx5
GO:0045667	Dlk1
GO:0045667	Dlx5
GO:0045667	Dnai3
GO:0045667	Esrra
GO:0045667	Fam20c
GO:0045667	Fbn2
GO:0045667	Fbxo5
GO:0045667	Fermt2
GO:0045667	Ffar4
GO:0045667	Fgf2
GO:0045667	Fgf23
GO:0045667	Fgfr1
GO:0045667	Fndc3b
GO:0045667	Gdf10
GO:0045667	Gdpd2
GO:0045667	Gli1
GO:0045667	Gli3
GO:0045667	Gnas
GO:0045667	Grem1
GO:0045667	Gsk3b
GO:0045667	Hand2
GO:0045667	Hdac4
GO:0045667	Hdac5
GO:0045667	Hdac7
GO:0045667	Hdac8
GO:0045667	Hemgn
GO:0045667	Hey1
GO:0045667	Hoxa2
GO:0045667	Id1
GO:0045667	Id2
GO:0045667	Id3
GO:0045667	Ifi204
GO:0045667	Ifitm1
GO:0045667	Igf1
GO:0045667	Igfbp5
GO:0045667	Il6
GO:0045667	Il6st
GO:0045667	Ilk
GO:0045667	Jag1
GO:0045667	Jund
GO:0045667	Limd1
GO:0045667	Lmna
GO:0045667	Lrp3
GO:0045667	Lrp5
GO:0045667	Ltf
GO:0045667	Mef2c
GO:0045667	Men1
GO:0045667	Mir133a-1
GO:0045667	Mir133a-2
GO:0045667	Mir135a-1
GO:0045667	Mir137
GO:0045667	Mir188
GO:0045667	Mir204
GO:0045667	Mir205
GO:0045667	Mir210
GO:0045667	Mir214
GO:0045667	Mir217
GO:0045667	Mir23a
GO:0045667	Mir30c-1
GO:0045667	Mir30c-2
GO:0045667	Mir338
GO:0045667	Mir3960
GO:0045667	Msx2
GO:0045667	Nbr1
GO:0045667	Nell1
GO:0045667	Nfatc1
GO:0045667	Noct
GO:0045667	Nog
GO:0045667	Notch1
GO:0045667	Npnt
GO:0045667	Nppc
GO:0045667	Ostn
GO:0045667	Pdlim7
GO:0045667	Pparg
GO:0045667	Ppp3ca
GO:0045667	Prkaca
GO:0045667	Prkd1
GO:0045667	Ptch1
GO:0045667	Ptger4
GO:0045667	Ptk2
GO:0045667	Ranbp3l
GO:0045667	Rassf2
GO:0045667	Rest
GO:0045667	Riox1
GO:0045667	Rorb
GO:0045667	Runx2
GO:0045667	Scube2
GO:0045667	Scube3
GO:0045667	Sema4d
GO:0045667	Sfrp1
GO:0045667	Sfrp2
GO:0045667	Ski
GO:0045667	Smad1
GO:0045667	Smad3
GO:0045667	Smad5
GO:0045667	Smad6
GO:0045667	Smoc1
GO:0045667	Snai2
GO:0045667	Sox11
GO:0045667	Sox2
GO:0045667	Sox9
GO:0045667	Suco
GO:0045667	Tcirg1
GO:0045667	Tent5a
GO:0045667	Tmem119
GO:0045667	Tmem53
GO:0045667	Tmem64
GO:0045667	Tnf
GO:0045667	Tnfaip6
GO:0045667	Tnn
GO:0045667	Tob1
GO:0045667	Trp63
GO:0045667	Trpm4
GO:0045667	Twist1
GO:0045667	Twist2
GO:0045667	Twsg1
GO:0045667	Ucma
GO:0045667	Vegfa
GO:0045667	Vegfc
GO:0045667	Wnt10b
GO:0045667	Wnt4
GO:0045667	Wnt7b
GO:0045667	Wwtr1
GO:0045667	Yap1
GO:0045667	Zfp932
GO:0045667	Zhx3
GO:0045668	Ahr
GO:0045668	Areg
GO:0045668	Axin2
GO:0045668	Bambi
GO:0045668	Cdk6
GO:0045668	Chrd
GO:0045668	Cited1
GO:0045668	Crim1
GO:0045668	Dlk1
GO:0045668	Fgf23
GO:0045668	Fgfr1
GO:0045668	Fndc3b
GO:0045668	Gdf10
GO:0045668	Grem1
GO:0045668	Hand2
GO:0045668	Hdac4
GO:0045668	Hdac5
GO:0045668	Hdac7
GO:0045668	Hdac8
GO:0045668	Hoxa2
GO:0045668	Id1
GO:0045668	Id2
GO:0045668	Id3
GO:0045668	Igfbp5
GO:0045668	Limd1
GO:0045668	Men1
GO:0045668	Mir133a-1
GO:0045668	Mir133a-2
GO:0045668	Mir135a-1
GO:0045668	Mir137
GO:0045668	Mir204
GO:0045668	Mir205
GO:0045668	Mir214
GO:0045668	Mir217
GO:0045668	Mir23a
GO:0045668	Mir30c-1
GO:0045668	Mir30c-2
GO:0045668	Mir338
GO:0045668	Nbr1
GO:0045668	Nfatc1
GO:0045668	Noct
GO:0045668	Nog
GO:0045668	Notch1
GO:0045668	Ostn
GO:0045668	Pparg
GO:0045668	Ptch1
GO:0045668	Ranbp3l
GO:0045668	Riox1
GO:0045668	Rorb
GO:0045668	Sema4d
GO:0045668	Sfrp1
GO:0045668	Ski
GO:0045668	Smad3
GO:0045668	Smad6
GO:0045668	Sox2
GO:0045668	Sox9
GO:0045668	Tmem53
GO:0045668	Tmem64
GO:0045668	Tnf
GO:0045668	Tnfaip6
GO:0045668	Tnn
GO:0045668	Tob1
GO:0045668	Trpm4
GO:0045668	Twist1
GO:0045668	Twist2
GO:0045668	Twsg1
GO:0045668	Ucma
GO:0045668	Vegfc
GO:0045668	Zfp932
GO:0045669	Acvr1
GO:0045669	Acvr2a
GO:0045669	Acvr2b
GO:0045669	Atraid
GO:0045669	Bmp2
GO:0045669	Bmp4
GO:0045669	Bmp6
GO:0045669	Bmp7
GO:0045669	Bmpr1a
GO:0045669	Bmpr1b
GO:0045669	Bmpr2
GO:0045669	Ccn1
GO:0045669	Ccn4
GO:0045669	Cd276
GO:0045669	Cebpa
GO:0045669	Cebpb
GO:0045669	Cebpd
GO:0045669	Clic1
GO:0045669	Cthrc1
GO:0045669	Ctnnb1
GO:0045669	Ctnnbip1
GO:0045669	Ddr2
GO:0045669	Dlx5
GO:0045669	Dnai3
GO:0045669	Fam20c
GO:0045669	Fbn2
GO:0045669	Fbxo5
GO:0045669	Fermt2
GO:0045669	Ffar4
GO:0045669	Fgf2
GO:0045669	Gdf10
GO:0045669	Gdpd2
GO:0045669	Gli3
GO:0045669	Gnas
GO:0045669	Hey1
GO:0045669	Ifi204
GO:0045669	Ifitm1
GO:0045669	Igf1
GO:0045669	Il6
GO:0045669	Il6st
GO:0045669	Ilk
GO:0045669	Jag1
GO:0045669	Jund
GO:0045669	Lmna
GO:0045669	Lrp3
GO:0045669	Lrp5
GO:0045669	Ltf
GO:0045669	Mef2c
GO:0045669	Men1
GO:0045669	Mir210
GO:0045669	Mir3960
GO:0045669	Msx2
GO:0045669	Nell1
GO:0045669	Npnt
GO:0045669	Nppc
GO:0045669	Pdlim7
GO:0045669	Ppp3ca
GO:0045669	Prkd1
GO:0045669	Ptger4
GO:0045669	Runx2
GO:0045669	Scube2
GO:0045669	Scube3
GO:0045669	Sfrp2
GO:0045669	Smad1
GO:0045669	Smad5
GO:0045669	Sox11
GO:0045669	Suco
GO:0045669	Tent5a
GO:0045669	Tmem119
GO:0045669	Trp63
GO:0045669	Vegfa
GO:0045669	Wnt10b
GO:0045669	Wnt4
GO:0045669	Wnt7b
GO:0045669	Wwtr1
GO:0045669	Yap1
GO:0045669	Zhx3
GO:0045670	Adam8
GO:0045670	Apc
GO:0045670	Asxl2
GO:0045670	Car2
GO:0045670	Cartpt
GO:0045670	Ccl3
GO:0045670	Ccl5
GO:0045670	Ccl9
GO:0045670	Ccr1
GO:0045670	Ccr1l1
GO:0045670	Ceacam1
GO:0045670	Cebpb
GO:0045670	Cldn18
GO:0045670	Clec2d
GO:0045670	Clec2g
GO:0045670	Clec2i
GO:0045670	Creb1
GO:0045670	Csf1
GO:0045670	Csf1r
GO:0045670	Ctnnb1
GO:0045670	Dlk1
GO:0045670	Esrra
GO:0045670	Fbn1
GO:0045670	Fbxw7
GO:0045670	Fgfr3
GO:0045670	Fos
GO:0045670	Fshb
GO:0045670	Fshr
GO:0045670	Fstl3
GO:0045670	Gnas
GO:0045670	Gpr137
GO:0045670	Gpr137b
GO:0045670	Gpr55
GO:0045670	Gpr68
GO:0045670	Gsk3b
GO:0045670	Iapp
GO:0045670	Ifna
GO:0045670	Ifnb1
GO:0045670	Ifng
GO:0045670	Il12b
GO:0045670	Il17a
GO:0045670	Il20
GO:0045670	Il23a
GO:0045670	Il4
GO:0045670	Inpp4b
GO:0045670	Inpp5d
GO:0045670	Itgb3
GO:0045670	Klf10
GO:0045670	Lilra6
GO:0045670	Lilrb4a
GO:0045670	Lilrb4b
GO:0045670	Lrrc17
GO:0045670	Mafb
GO:0045670	Mir9718
GO:0045670	Mitf
GO:0045670	Mtor
GO:0045670	Nedd9
GO:0045670	Nf1
GO:0045670	Ninj1
GO:0045670	Notch2
GO:0045670	Ocstamp
GO:0045670	Pias3
GO:0045670	Pik3r1
GO:0045670	Pilrb1
GO:0045670	Pira1
GO:0045670	Pira12
GO:0045670	Pira13
GO:0045670	Pira2
GO:0045670	Pira6
GO:0045670	Pirb
GO:0045670	Pou4f1
GO:0045670	Pou4f2
GO:0045670	Ppargc1b
GO:0045670	Ppp3ca
GO:0045670	Prxl2a
GO:0045670	Rassf2
GO:0045670	Sfrp1
GO:0045670	Slc9b2
GO:0045670	Tcta
GO:0045670	Tfe3
GO:0045670	Tjp2
GO:0045670	Tmem178
GO:0045670	Tmem64
GO:0045670	Tnf
GO:0045670	Tnfaip6
GO:0045670	Tnfrsf11b
GO:0045670	Tnfsf11
GO:0045670	Tob2
GO:0045670	Traf6
GO:0045670	Trem2
GO:0045670	Tyrobp
GO:0045670	Ubash3b
GO:0045670	Zbtb7a
GO:0045671	Cartpt
GO:0045671	Ceacam1
GO:0045671	Cldn18
GO:0045671	Clec2d
GO:0045671	Clec2g
GO:0045671	Clec2i
GO:0045671	Ctnnb1
GO:0045671	Fbn1
GO:0045671	Fbxw7
GO:0045671	Fstl3
GO:0045671	Gpr137
GO:0045671	Gpr137b
GO:0045671	Gpr55
GO:0045671	Iapp
GO:0045671	Ifna
GO:0045671	Ifnb1
GO:0045671	Ifng
GO:0045671	Il4
GO:0045671	Inpp4b
GO:0045671	Inpp5d
GO:0045671	Lilra6
GO:0045671	Lilrb4a
GO:0045671	Lilrb4b
GO:0045671	Lrrc17
GO:0045671	Mafb
GO:0045671	Nf1
GO:0045671	Pias3
GO:0045671	Pik3r1
GO:0045671	Pilrb1
GO:0045671	Pira1
GO:0045671	Pira12
GO:0045671	Pira13
GO:0045671	Pira2
GO:0045671	Pira6
GO:0045671	Pirb
GO:0045671	Sfrp1
GO:0045671	Tcta
GO:0045671	Tjp2
GO:0045671	Tmem178
GO:0045671	Tnfaip6
GO:0045671	Tnfrsf11b
GO:0045671	Tob2
GO:0045671	Ubash3b
GO:0045672	Asxl2
GO:0045672	Car2
GO:0045672	Ccl3
GO:0045672	Ccl5
GO:0045672	Ccl9
GO:0045672	Ccr1
GO:0045672	Ccr1l1
GO:0045672	Creb1
GO:0045672	Csf1
GO:0045672	Csf1r
GO:0045672	Dlk1
GO:0045672	Fos
GO:0045672	Gnas
GO:0045672	Gpr68
GO:0045672	Gsk3b
GO:0045672	Ifng
GO:0045672	Il12b
GO:0045672	Il17a
GO:0045672	Il20
GO:0045672	Il23a
GO:0045672	Itgb3
GO:0045672	Klf10
GO:0045672	Nedd9
GO:0045672	Ninj1
GO:0045672	Notch2
GO:0045672	Ocstamp
GO:0045672	Pou4f1
GO:0045672	Pou4f2
GO:0045672	Ppargc1b
GO:0045672	Ppp3ca
GO:0045672	Slc9b2
GO:0045672	Tmem64
GO:0045672	Tnf
GO:0045672	Tnfsf11
GO:0045672	Traf6
GO:0045672	Trem2
GO:0045672	Tyrobp
GO:0045778	Actn3
GO:0045778	Acvr1
GO:0045778	Acvr2a
GO:0045778	Acvr2b
GO:0045778	Adgrv1
GO:0045778	Adrb2
GO:0045778	Alox5
GO:0045778	Ano6
GO:0045778	Asxl2
GO:0045778	Atp2b1
GO:0045778	Atraid
GO:0045778	Bmp2
GO:0045778	Bmp4
GO:0045778	Bmp6
GO:0045778	Bmp7
GO:0045778	Bmpr1a
GO:0045778	Bmpr1b
GO:0045778	Bmpr2
GO:0045778	Ccn1
GO:0045778	Cd276
GO:0045778	Cnmd
GO:0045778	Csf1r
GO:0045778	Fam20c
GO:0045778	Fbn2
GO:0045778	Fgfr3
GO:0045778	Fzd9
GO:0045778	Gpm6b
GO:0045778	Isg15
GO:0045778	Kl
GO:0045778	Lrp6
GO:0045778	Mef2c
GO:0045778	Mia3
GO:0045778	Nell1
GO:0045778	Nipbl
GO:0045778	Osr1
GO:0045778	Osr2
GO:0045778	Oxt
GO:0045778	P2rx7
GO:0045778	Pkdcc
GO:0045778	Ptger4
GO:0045778	Pth
GO:0045778	Ptn
GO:0045778	Ptpn11
GO:0045778	Runx2
GO:0045778	Rxra
GO:0045778	Rxrb
GO:0045778	Scube2
GO:0045778	Setd2
GO:0045778	Slc8a1
GO:0045778	Smad3
GO:0045778	Sox11
GO:0045778	Tac1
GO:0045778	Tacr1
GO:0045778	Tcrb
GO:0045778	Tent5a
GO:0045778	Tfap2a
GO:0045778	Thrb
GO:0045778	Tmem119
GO:0045778	Tob2
GO:0045778	Vdr
GO:0045778	Wnt10b
GO:0045778	Wnt4
GO:0045778	Wnt5a
GO:0045778	Zbtb16
GO:0045779	Cartpt
GO:0045779	Cd38
GO:0045779	Ceacam1
GO:0045779	Cldn18
GO:0045779	Csk
GO:0045779	Cyp19a1
GO:0045779	Fshr
GO:0045779	Gpr137
GO:0045779	Gpr137b
GO:0045779	Hamp
GO:0045779	Iapp
GO:0045779	Il6
GO:0045779	Inpp5d
GO:0045779	P2rx7
GO:0045779	Tmem119
GO:0045779	Tnfrsf11b
GO:0045779	Ubash3b
GO:0045779	Vegfa
GO:0045780	Adam8
GO:0045780	Ahsg
GO:0045780	Car2
GO:0045780	Dcstamp
GO:0045780	Def8
GO:0045780	Dlk1
GO:0045780	Egfr
GO:0045780	Fcgr4
GO:0045780	Fshb
GO:0045780	Idua
GO:0045780	Itgb3
GO:0045780	Lrp6
GO:0045780	Ltbp3
GO:0045780	Mc4r
GO:0045780	Mir9718
GO:0045780	Oscar
GO:0045780	Plekhm1
GO:0045780	Ppargc1b
GO:0045780	Prkca
GO:0045780	Ptger4
GO:0045780	Spp1
GO:0045780	Src
GO:0045780	Syk
GO:0045780	Tfrc
GO:0045780	Tmem64
GO:0045780	Tnfrsf11a
GO:0045780	Tnfsf11
GO:0045780	Trf
GO:0046848	5530400C23Rik
GO:0046848	Amelx
GO:0046848	Apoe
GO:0046848	Bglap
GO:0046848	Bglap2
GO:0046848	Bglap3
GO:0046848	Hacd1
GO:0046849	Cartpt
GO:0046849	Dlk1
GO:0046849	Dock5
GO:0046849	Efna2
GO:0046849	Enpp1
GO:0046849	Epha2
GO:0046849	Fgfr3
GO:0046849	Gja1
GO:0046849	Grem1
GO:0046849	Gsk3b
GO:0046849	Htr1b
GO:0046849	Inpp4b
GO:0046849	Lep
GO:0046849	Lepr
GO:0046849	Lgr4
GO:0046849	Lrp5
GO:0046849	Lrp6
GO:0046849	Ltbp3
GO:0046849	Mdk
GO:0046849	Mitf
GO:0046849	Notch2
GO:0046849	P3h4
GO:0046849	Rassf2
GO:0046849	Sfrp1
GO:0046849	Slc34a1
GO:0046849	Snx10
GO:0046849	Spp2
GO:0046849	Suco
GO:0046849	Syt7
GO:0046849	Tph1
GO:0046849	Traf6
GO:0046849	Wnt16
GO:0046850	Cartpt
GO:0046850	Dlk1
GO:0046850	Fgfr3
GO:0046850	Gja1
GO:0046850	Grem1
GO:0046850	Inpp4b
GO:0046850	Lep
GO:0046850	Lepr
GO:0046850	Mdk
GO:0046850	Sfrp1
GO:0046850	Suco
GO:0046850	Syt7
GO:0046851	Grem1
GO:0046851	Sfrp1
GO:0048539	Asxl1
GO:0048539	Bmncr
GO:0048539	Ctc1
GO:0048539	Hoxb4
GO:0048539	Lrp5
GO:0048539	Lrrc17
GO:0048539	Mir188
GO:0048539	Ptprc
GO:0048539	Sbds
GO:0048539	Trp53
GO:0048701	2610005L07Rik
GO:0048701	Alx3
GO:0048701	Bmp4
GO:0048701	Chst11
GO:0048701	Dlx1as
GO:0048701	Dlx2
GO:0048701	Eif4a3
GO:0048701	Eif4a3l1
GO:0048701	Eif4a3l2
GO:0048701	Fgfr2
GO:0048701	Foxc2
GO:0048701	Gas1
GO:0048701	Gnas
GO:0048701	Grhl2
GO:0048701	Hoxa2
GO:0048701	Ift140
GO:0048701	Irx5
GO:0048701	Lhx1
GO:0048701	Mef2c
GO:0048701	Mmp14
GO:0048701	Mmp16
GO:0048701	Mthfd1l
GO:0048701	Ndst1
GO:0048701	Nipbl
GO:0048701	Nodal
GO:0048701	Pax5
GO:0048701	Pdgfra
GO:0048701	Prrx1
GO:0048701	Prrx2
GO:0048701	Rdh10
GO:0048701	Runx2
GO:0048701	Setd2
GO:0048701	Six1
GO:0048701	Six2
GO:0048701	Six4
GO:0048701	Slc39a1
GO:0048701	Slc39a3
GO:0048701	Smad2
GO:0048701	Smad3
GO:0048701	Tbx1
GO:0048701	Tbx15
GO:0048701	Tfap2a
GO:0048701	Tgfbr1
GO:0048701	Tgfbr2
GO:0048701	Twist1
GO:0048701	Twist2
GO:0048701	Wdr19
GO:0048701	Wnt9b
GO:0048703	Chst11
GO:0048703	Foxc2
GO:0048703	Hoxa2
GO:0048703	Lhx1
GO:0048703	Mef2c
GO:0048703	Mthfd1l
GO:0048703	Ndst1
GO:0048703	Nipbl
GO:0048703	Rdh10
GO:0048703	Tbx1
GO:0048704	2610005L07Rik
GO:0048704	Alx1
GO:0048704	Alx3
GO:0048704	Alx4
GO:0048704	Asxl2
GO:0048704	Axin1
GO:0048704	Bmi1
GO:0048704	Bmp4
GO:0048704	Bmp7
GO:0048704	Chst11
GO:0048704	Col11a1
GO:0048704	Col2a1
GO:0048704	Ctnnb1
GO:0048704	Dlg1
GO:0048704	Dlx1as
GO:0048704	Dlx2
GO:0048704	Dscaml1
GO:0048704	Dync2i1
GO:0048704	Eif4a3
GO:0048704	Eif4a3l1
GO:0048704	Eif4a3l2
GO:0048704	Eya1
GO:0048704	Fgfr2
GO:0048704	Flvcr1
GO:0048704	Foxc2
GO:0048704	Fuz
GO:0048704	Gas1
GO:0048704	Gli3
GO:0048704	Gnas
GO:0048704	Grhl2
GO:0048704	Gsc
GO:0048704	Hoxa11
GO:0048704	Hoxa2
GO:0048704	Hoxa3
GO:0048704	Hoxa4
GO:0048704	Hoxa5
GO:0048704	Hoxa7
GO:0048704	Hoxa9
GO:0048704	Hoxb1
GO:0048704	Hoxb2
GO:0048704	Hoxb3
GO:0048704	Hoxb4
GO:0048704	Hoxb5
GO:0048704	Hoxb6
GO:0048704	Hoxb7
GO:0048704	Hoxb8
GO:0048704	Hoxb9
GO:0048704	Hoxc11
GO:0048704	Hoxc4
GO:0048704	Hoxc9
GO:0048704	Hoxd10
GO:0048704	Hoxd11
GO:0048704	Hoxd3
GO:0048704	Hoxd4
GO:0048704	Hoxd9
GO:0048704	Hspg2
GO:0048704	Hyal1
GO:0048704	Ift140
GO:0048704	Irx5
GO:0048704	Lhx1
GO:0048704	Mdfi
GO:0048704	Mef2c
GO:0048704	Megf8
GO:0048704	Men1
GO:0048704	Mmp14
GO:0048704	Mmp16
GO:0048704	Mthfd1l
GO:0048704	Mycn
GO:0048704	Myf5
GO:0048704	Ndst1
GO:0048704	Nipbl
GO:0048704	Nodal
GO:0048704	Nog
GO:0048704	Osr1
GO:0048704	Osr2
GO:0048704	Pax5
GO:0048704	Pcgf2
GO:0048704	Pdgfra
GO:0048704	Prrx1
GO:0048704	Prrx2
GO:0048704	Rdh10
GO:0048704	Runx2
GO:0048704	Satb2
GO:0048704	Setd2
GO:0048704	Shox2
GO:0048704	Six1
GO:0048704	Six2
GO:0048704	Six4
GO:0048704	Slc39a1
GO:0048704	Slc39a3
GO:0048704	Smad2
GO:0048704	Smad3
GO:0048704	Sox11
GO:0048704	Tbx1
GO:0048704	Tbx15
GO:0048704	Tfap2a
GO:0048704	Tgfbr1
GO:0048704	Tgfbr2
GO:0048704	Twist1
GO:0048704	Twist2
GO:0048704	Wdr19
GO:0048704	Wnt9a
GO:0048704	Wnt9b
GO:0048704	Zeb1
GO:0048705	2610005L07Rik
GO:0048705	Acvr2b
GO:0048705	Alx1
GO:0048705	Alx3
GO:0048705	Alx4
GO:0048705	Ankrd11
GO:0048705	Arid5b
GO:0048705	Asxl2
GO:0048705	Axin1
GO:0048705	Bmi1
GO:0048705	Bmp4
GO:0048705	Bmp7
GO:0048705	Chst11
GO:0048705	Col11a1
GO:0048705	Col11a2
GO:0048705	Col1a1
GO:0048705	Col2a1
GO:0048705	Csrnp1
GO:0048705	Ctnnb1
GO:0048705	Dlg1
GO:0048705	Dlx1as
GO:0048705	Dlx2
GO:0048705	Dscaml1
GO:0048705	Dync2i1
GO:0048705	Eif4a3
GO:0048705	Eif4a3l1
GO:0048705	Eif4a3l2
GO:0048705	Eya1
GO:0048705	Fgf4
GO:0048705	Fgfr2
GO:0048705	Fgr
GO:0048705	Flvcr1
GO:0048705	Fmn1
GO:0048705	Foxc2
GO:0048705	Foxn3
GO:0048705	Frem1
GO:0048705	Fuz
GO:0048705	Gas1
GO:0048705	Gli3
GO:0048705	Gnas
GO:0048705	Grhl2
GO:0048705	Gsc
GO:0048705	Hhip
GO:0048705	Hoxa11
GO:0048705	Hoxa2
GO:0048705	Hoxa3
GO:0048705	Hoxa4
GO:0048705	Hoxa5
GO:0048705	Hoxa7
GO:0048705	Hoxa9
GO:0048705	Hoxb1
GO:0048705	Hoxb2
GO:0048705	Hoxb3
GO:0048705	Hoxb4
GO:0048705	Hoxb5
GO:0048705	Hoxb6
GO:0048705	Hoxb7
GO:0048705	Hoxb8
GO:0048705	Hoxb9
GO:0048705	Hoxc11
GO:0048705	Hoxc4
GO:0048705	Hoxc8
GO:0048705	Hoxc9
GO:0048705	Hoxd10
GO:0048705	Hoxd11
GO:0048705	Hoxd3
GO:0048705	Hoxd4
GO:0048705	Hoxd8
GO:0048705	Hoxd9
GO:0048705	Hspg2
GO:0048705	Hyal1
GO:0048705	Hyal2
GO:0048705	Idua
GO:0048705	Ift140
GO:0048705	Insig1
GO:0048705	Insig2
GO:0048705	Irx5
GO:0048705	Lhx1
GO:0048705	Lrp6
GO:0048705	Mdfi
GO:0048705	Mef2c
GO:0048705	Megf8
GO:0048705	Men1
GO:0048705	Mmp14
GO:0048705	Mmp16
GO:0048705	Mmp2
GO:0048705	Mthfd1l
GO:0048705	Myc
GO:0048705	Mycn
GO:0048705	Myf5
GO:0048705	Ndst1
GO:0048705	Neurog1
GO:0048705	Nipbl
GO:0048705	Nkx3-2
GO:0048705	Nle1
GO:0048705	Nodal
GO:0048705	Nog
GO:0048705	Osr1
GO:0048705	Osr2
GO:0048705	P2rx7
GO:0048705	Pax5
GO:0048705	Pcgf2
GO:0048705	Pdgfra
GO:0048705	Pdgfrb
GO:0048705	Plekha1
GO:0048705	Prkra
GO:0048705	Prrx1
GO:0048705	Prrx2
GO:0048705	Psen1
GO:0048705	Rab23
GO:0048705	Rab33b
GO:0048705	Rdh10
GO:0048705	Recql4
GO:0048705	Rflna
GO:0048705	Rflnb
GO:0048705	Runx2
GO:0048705	Ryk
GO:0048705	Satb2
GO:0048705	Schip1
GO:0048705	Setd2
GO:0048705	Sgpl1
GO:0048705	Sh3pxd2b
GO:0048705	Shox2
GO:0048705	Sik3
GO:0048705	Six1
GO:0048705	Six2
GO:0048705	Six4
GO:0048705	Slc39a1
GO:0048705	Slc39a3
GO:0048705	Smad2
GO:0048705	Smad3
GO:0048705	Sox11
GO:0048705	Spef2
GO:0048705	Tbx1
GO:0048705	Tbx15
GO:0048705	Tbx4
GO:0048705	Tcf15
GO:0048705	Tfap2a
GO:0048705	Tgfbr1
GO:0048705	Tgfbr2
GO:0048705	Tifab
GO:0048705	Tiparp
GO:0048705	Tmem107
GO:0048705	Twist1
GO:0048705	Twist2
GO:0048705	Wdr19
GO:0048705	Wdr48
GO:0048705	Wnt7a
GO:0048705	Wnt9a
GO:0048705	Wnt9b
GO:0048705	Wwox
GO:0048705	Zeb1
GO:0048705	Zfand5
GO:0048705	Zfp640
GO:0048705	Zfp950
GO:0048706	2610005L07Rik
GO:0048706	Acvr2a
GO:0048706	Alx1
GO:0048706	Alx3
GO:0048706	Alx4
GO:0048706	Asxl2
GO:0048706	Axin1
GO:0048706	Bmi1
GO:0048706	Bmp4
GO:0048706	Bmp7
GO:0048706	Cdk20
GO:0048706	Chst11
GO:0048706	Col11a1
GO:0048706	Col1a1
GO:0048706	Col2a1
GO:0048706	Ctnnb1
GO:0048706	Deaf1
GO:0048706	Dlg1
GO:0048706	Dlk1
GO:0048706	Dlx1
GO:0048706	Dlx1as
GO:0048706	Dlx2
GO:0048706	Dmrt2
GO:0048706	Dscaml1
GO:0048706	Dync2i1
GO:0048706	Ednra
GO:0048706	Eif4a3
GO:0048706	Eif4a3l1
GO:0048706	Eif4a3l2
GO:0048706	Etl4
GO:0048706	Ext1
GO:0048706	Eya1
GO:0048706	Fgf9
GO:0048706	Fgfr2
GO:0048706	Flvcr1
GO:0048706	Foxc2
GO:0048706	Fuz
GO:0048706	Gas1
GO:0048706	Gli3
GO:0048706	Gnas
GO:0048706	Grhl2
GO:0048706	Gsc
GO:0048706	Hand2
GO:0048706	Hoxa11
GO:0048706	Hoxa2
GO:0048706	Hoxa3
GO:0048706	Hoxa4
GO:0048706	Hoxa5
GO:0048706	Hoxa6
GO:0048706	Hoxa7
GO:0048706	Hoxa9
GO:0048706	Hoxb1
GO:0048706	Hoxb2
GO:0048706	Hoxb3
GO:0048706	Hoxb4
GO:0048706	Hoxb5
GO:0048706	Hoxb6
GO:0048706	Hoxb7
GO:0048706	Hoxb8
GO:0048706	Hoxb9
GO:0048706	Hoxc11
GO:0048706	Hoxc4
GO:0048706	Hoxc5
GO:0048706	Hoxc6
GO:0048706	Hoxc9
GO:0048706	Hoxd1
GO:0048706	Hoxd10
GO:0048706	Hoxd11
GO:0048706	Hoxd3
GO:0048706	Hoxd4
GO:0048706	Hoxd9
GO:0048706	Hsd17b7
GO:0048706	Hspg2
GO:0048706	Hyal1
GO:0048706	Ift140
GO:0048706	Ihh
GO:0048706	Irx5
GO:0048706	Lhx1
GO:0048706	Mbtd1
GO:0048706	Mdfi
GO:0048706	Mef2c
GO:0048706	Megf8
GO:0048706	Men1
GO:0048706	Mks1
GO:0048706	Mmp14
GO:0048706	Mmp16
GO:0048706	Mthfd1l
GO:0048706	Mycn
GO:0048706	Myf5
GO:0048706	Ndst1
GO:0048706	Nipbl
GO:0048706	Nkx3-2
GO:0048706	Nodal
GO:0048706	Nog
GO:0048706	Osr1
GO:0048706	Osr2
GO:0048706	Pax5
GO:0048706	Pax7
GO:0048706	Pbx1
GO:0048706	Pcgf2
GO:0048706	Pcsk5
GO:0048706	Pdgfra
GO:0048706	Prrx1
GO:0048706	Prrx2
GO:0048706	Rbp4
GO:0048706	Rdh10
GO:0048706	Runx2
GO:0048706	Satb2
GO:0048706	Scx
GO:0048706	Setd2
GO:0048706	Shh
GO:0048706	Shox2
GO:0048706	Six1
GO:0048706	Six2
GO:0048706	Six4
GO:0048706	Slc2a10
GO:0048706	Slc35d1
GO:0048706	Slc39a1
GO:0048706	Slc39a3
GO:0048706	Smad2
GO:0048706	Smad3
GO:0048706	Sox11
GO:0048706	Sp1
GO:0048706	Sp3
GO:0048706	Sulf1
GO:0048706	Sulf2
GO:0048706	T
GO:0048706	Tapt1
GO:0048706	Tbx1
GO:0048706	Tbx15
GO:0048706	Tfap2a
GO:0048706	Tgfbr1
GO:0048706	Tgfbr2
GO:0048706	Twist1
GO:0048706	Twist2
GO:0048706	Ucma
GO:0048706	Wdr19
GO:0048706	Wnt5a
GO:0048706	Wnt9a
GO:0048706	Wnt9b
GO:0048706	Xylt1
GO:0048706	Zeb1
GO:0051216	Acan
GO:0051216	Adamts12
GO:0051216	Adamts7
GO:0051216	Anxa6
GO:0051216	Arid5a
GO:0051216	Atf2
GO:0051216	Atp7a
GO:0051216	Axin2
GO:0051216	Barx2
GO:0051216	Bbs1
GO:0051216	Bbs2
GO:0051216	Bgn
GO:0051216	Bmp1
GO:0051216	Bmp10
GO:0051216	Bmp2
GO:0051216	Bmp3
GO:0051216	Bmp4
GO:0051216	Bmp5
GO:0051216	Bmp6
GO:0051216	Bmp7
GO:0051216	Bmp8a
GO:0051216	Bmp8b
GO:0051216	Bmpr1a
GO:0051216	Bmpr1b
GO:0051216	Carm1
GO:0051216	Cbs
GO:0051216	Ccn1
GO:0051216	Ccn2
GO:0051216	Ccn3
GO:0051216	Cer1
GO:0051216	Cfh
GO:0051216	Chrdl2
GO:0051216	Chst11
GO:0051216	Chsy1
GO:0051216	Cnmd
GO:0051216	Col10a1
GO:0051216	Col11a1
GO:0051216	Col11a2
GO:0051216	Col1a1
GO:0051216	Col27a1
GO:0051216	Col2a1
GO:0051216	Col3a1
GO:0051216	Col9a1
GO:0051216	Comp
GO:0051216	Cr2
GO:0051216	Creb3l2
GO:0051216	Csgalnact1
GO:0051216	Cst10
GO:0051216	Ctnnb1
GO:0051216	Ctsk
GO:0051216	Cytl1
GO:0051216	Ddrgk1
GO:0051216	Dicer1
GO:0051216	Dlx2
GO:0051216	Dspp
GO:0051216	Edn1
GO:0051216	Enpp1
GO:0051216	Ep300
GO:0051216	Epyc
GO:0051216	Esrra
GO:0051216	Ext1
GO:0051216	Ext2
GO:0051216	Fbxw4
GO:0051216	Fgf18
GO:0051216	Fgf4
GO:0051216	Fgf6
GO:0051216	Fgf9
GO:0051216	Fgfr1
GO:0051216	Fgfr3
GO:0051216	Frzb
GO:0051216	Gata3
GO:0051216	Gdf2
GO:0051216	Gdf5
GO:0051216	Gli2
GO:0051216	Gli3
GO:0051216	Gnas
GO:0051216	Gpld1
GO:0051216	Hand1
GO:0051216	Hand2
GO:0051216	Hes5
GO:0051216	Hif1a
GO:0051216	Hmga2
GO:0051216	Hoxa11
GO:0051216	Hoxa3
GO:0051216	Hoxa5
GO:0051216	Hoxb3
GO:0051216	Hoxc4
GO:0051216	Hoxd11
GO:0051216	Hoxd3
GO:0051216	Hspg2
GO:0051216	Idua
GO:0051216	Ift80
GO:0051216	Ihh
GO:0051216	Il17f
GO:0051216	Itgb8
GO:0051216	Kat2a
GO:0051216	Lep
GO:0051216	Ltbp3
GO:0051216	Mapk14
GO:0051216	Mapk3
GO:0051216	Matn1
GO:0051216	Matn3
GO:0051216	Mdk
GO:0051216	Mef2c
GO:0051216	Mef2d
GO:0051216	Mgp
GO:0051216	Mir140
GO:0051216	Mkks
GO:0051216	Mmp13
GO:0051216	Msx1
GO:0051216	Msx2
GO:0051216	Mustn1
GO:0051216	Mycn
GO:0051216	Myf5
GO:0051216	Nfia
GO:0051216	Nfib
GO:0051216	Nog
GO:0051216	Nppc
GO:0051216	Npr2
GO:0051216	Ogn
GO:0051216	Optc
GO:0051216	Osr1
GO:0051216	Osr2
GO:0051216	Otor
GO:0051216	Pax7
GO:0051216	Pbxip1
GO:0051216	Pitx1
GO:0051216	Pkd1
GO:0051216	Poc1a
GO:0051216	Por
GO:0051216	Prkca
GO:0051216	Prrx1
GO:0051216	Prrx2
GO:0051216	Pth1r
GO:0051216	Pthlh
GO:0051216	Rara
GO:0051216	Rarb
GO:0051216	Rarg
GO:0051216	Rb1
GO:0051216	Ror2
GO:0051216	Runx2
GO:0051216	Runx3
GO:0051216	Satb2
GO:0051216	Scube2
GO:0051216	Scx
GO:0051216	Serpinh1
GO:0051216	Sfrp2
GO:0051216	Shox2
GO:0051216	Sik3
GO:0051216	Six2
GO:0051216	Slc39a14
GO:0051216	Smad1
GO:0051216	Smad5
GO:0051216	Smad9
GO:0051216	Smpd3
GO:0051216	Snai1
GO:0051216	Snai2
GO:0051216	Snorc
GO:0051216	Snx19
GO:0051216	Sox5
GO:0051216	Sox6
GO:0051216	Sox9
GO:0051216	Stc1
GO:0051216	Sulf1
GO:0051216	Sulf2
GO:0051216	Tapt1
GO:0051216	Tgfb1
GO:0051216	Tgfb2
GO:0051216	Tgfbr2
GO:0051216	Thbs1
GO:0051216	Thbs3
GO:0051216	Thra
GO:0051216	Trip11
GO:0051216	Trps1
GO:0051216	Trpv4
GO:0051216	Twsg1
GO:0051216	Uncx
GO:0051216	Wnt5a
GO:0051216	Wnt7a
GO:0051216	Wnt9a
GO:0051216	Zbtb16
GO:0051216	Zbtb7a
GO:0051216	Zeb1
GO:0051216	Zmpste24
GO:0051480	Adcy8
GO:0051480	Asph
GO:0051480	Atp2b1
GO:0051480	Atp2b2
GO:0051480	Atp2b3
GO:0051480	Atp2b4
GO:0051480	Bok
GO:0051480	Calca
GO:0051480	Calcb
GO:0051480	Cav1
GO:0051480	Cav2
GO:0051480	Cav3
GO:0051480	Cdh23
GO:0051480	Chga
GO:0051480	Cln3
GO:0051480	Cnga1
GO:0051480	Cngb1
GO:0051480	Cul5
GO:0051480	F2
GO:0051480	Fkbp1b
GO:0051480	Fxyd1
GO:0051480	Gpr3
GO:0051480	Hcrtr1
GO:0051480	Hcrtr2
GO:0051480	Hrc
GO:0051480	Myh7b
GO:0051480	Plcd1
GO:0051480	Ryr1
GO:0051480	Ryr2
GO:0051480	Slc35g1
GO:0051480	Slc8a2
GO:0051480	Slc8b1
GO:0051480	Tmem178
GO:0051480	Tmem64
GO:0051480	Trpc1
GO:0051480	Trpc2
GO:0051480	Trpc3
GO:0051480	Trpc4
GO:0051480	Trpc5
GO:0051480	Trpc6
GO:0051480	Trpc7
GO:0051480	Tunar
GO:0051480	Ywhae
GO:0051560	1600014C10Rik
GO:0051560	Afg3l2
GO:0051560	Anxa6
GO:0051560	Disc1
GO:0051560	Immt
GO:0051560	Letm1
GO:0051560	Maip1
GO:0051560	Mcu
GO:0051560	Mcub
GO:0051560	Mfn2
GO:0051560	Micu1
GO:0051560	Micu2
GO:0051560	Micu3
GO:0051560	Pdzd8
GO:0051560	Slc8a3
GO:0051560	Slc8b1
GO:0051560	Smdt1
GO:0051563	App
GO:0051563	Psen1
GO:0055074	1600014C10Rik
GO:0055074	Abcc6
GO:0055074	Adcy8
GO:0055074	Adm
GO:0055074	Afg3l2
GO:0055074	Ager
GO:0055074	Alpl
GO:0055074	Ank
GO:0055074	Ank2
GO:0055074	Anxa6
GO:0055074	Anxa7
GO:0055074	Apoe
GO:0055074	App
GO:0055074	Asph
GO:0055074	Atf4
GO:0055074	Atp13a1
GO:0055074	Atp13a2
GO:0055074	Atp13a3
GO:0055074	Atp13a4
GO:0055074	Atp13a5
GO:0055074	Atp1b1
GO:0055074	Atp2a1
GO:0055074	Atp2a2
GO:0055074	Atp2a3
GO:0055074	Atp2b1
GO:0055074	Atp2b2
GO:0055074	Atp2b3
GO:0055074	Atp2b4
GO:0055074	Atp2c1
GO:0055074	Atp2c2
GO:0055074	Atp6v1b1
GO:0055074	Bcl2
GO:0055074	Bok
GO:0055074	Cacna1c
GO:0055074	Cacna1f
GO:0055074	Cacnb4
GO:0055074	Calb1
GO:0055074	Calca
GO:0055074	Calcb
GO:0055074	Camk2d
GO:0055074	Camk2n1
GO:0055074	Casq2
GO:0055074	Casr
GO:0055074	Cav1
GO:0055074	Cav2
GO:0055074	Cav3
GO:0055074	Ccdc47
GO:0055074	Ccl2
GO:0055074	Ccl5
GO:0055074	Ccl8
GO:0055074	Ccr1
GO:0055074	Ccr1l1
GO:0055074	Ccr2
GO:0055074	Cd40
GO:0055074	Cdh23
GO:0055074	Cdh5
GO:0055074	Cherp
GO:0055074	Chga
GO:0055074	Cib2
GO:0055074	Cib3
GO:0055074	Cln3
GO:0055074	Clstn1
GO:0055074	Cnga1
GO:0055074	Cngb1
GO:0055074	Csrp3
GO:0055074	Cst10
GO:0055074	Ctrc
GO:0055074	Cul5
GO:0055074	Cyp27b1
GO:0055074	Dhrs7c
GO:0055074	Disc1
GO:0055074	Dmpk
GO:0055074	Drd3
GO:0055074	Edn1
GO:0055074	Edn2
GO:0055074	Edn3
GO:0055074	Ednra
GO:0055074	Efhc1
GO:0055074	Eif3e
GO:0055074	Enpp1
GO:0055074	F2
GO:0055074	Fam20a
GO:0055074	Fgf23
GO:0055074	Fgfr1
GO:0055074	Fgfr3
GO:0055074	Fkbp1b
GO:0055074	Fxyd1
GO:0055074	Gcm2
GO:0055074	Gnas
GO:0055074	Gpr12
GO:0055074	Gpr3
GO:0055074	Grik2
GO:0055074	Grin1
GO:0055074	Grina
GO:0055074	Hcrtr1
GO:0055074	Hcrtr2
GO:0055074	Herpud1
GO:0055074	Hexb
GO:0055074	Hrc
GO:0055074	Htr2a
GO:0055074	Htr2b
GO:0055074	Htr2c
GO:0055074	Immt
GO:0055074	Inpp4b
GO:0055074	Itpr1
GO:0055074	Jph2
GO:0055074	Kctd17
GO:0055074	Kdr
GO:0055074	Kel
GO:0055074	Kl
GO:0055074	Letm1
GO:0055074	Maip1
GO:0055074	Mcu
GO:0055074	Mcub
GO:0055074	Mfn2
GO:0055074	Micu1
GO:0055074	Micu2
GO:0055074	Micu3
GO:0055074	Myh7b
GO:0055074	Nppc
GO:0055074	Nptn
GO:0055074	Nt5e
GO:0055074	Nucb2
GO:0055074	Pacs2
GO:0055074	Pdzd8
GO:0055074	Pik3cb
GO:0055074	Pkd2
GO:0055074	Pkhd1
GO:0055074	Plcd1
GO:0055074	Pln
GO:0055074	Pml
GO:0055074	Prkca
GO:0055074	Prkcb
GO:0055074	Psen1
GO:0055074	Psen2
GO:0055074	Pth
GO:0055074	Pth1r
GO:0055074	Pthlh
GO:0055074	Pygm
GO:0055074	Reg1
GO:0055074	Rgn
GO:0055074	Rmdn3
GO:0055074	Ryr1
GO:0055074	Ryr2
GO:0055074	Ryr3
GO:0055074	S100b
GO:0055074	Selenok
GO:0055074	Selenon
GO:0055074	Sgcd
GO:0055074	Slc10a7
GO:0055074	Slc24a1
GO:0055074	Slc24a2
GO:0055074	Slc24a3
GO:0055074	Slc24a4
GO:0055074	Slc24a5
GO:0055074	Slc30a1
GO:0055074	Slc34a1
GO:0055074	Slc35g1
GO:0055074	Slc37a4
GO:0055074	Slc8a1
GO:0055074	Slc8a2
GO:0055074	Slc8a3
GO:0055074	Slc8b1
GO:0055074	Smdt1
GO:0055074	Snx10
GO:0055074	Spp1
GO:0055074	Sppl2c
GO:0055074	Stc1
GO:0055074	Stc2
GO:0055074	Stim1
GO:0055074	Stim2
GO:0055074	Stoml2
GO:0055074	Sv2a
GO:0055074	Sypl2
GO:0055074	Tcirg1
GO:0055074	Tgfb1
GO:0055074	Tmbim6
GO:0055074	Tmco1
GO:0055074	Tmem165
GO:0055074	Tmem178
GO:0055074	Tmem203
GO:0055074	Tmem64
GO:0055074	Tmtc2
GO:0055074	Tnfsf11
GO:0055074	Tnni3
GO:0055074	Tpcn2
GO:0055074	Trdn
GO:0055074	Trim24
GO:0055074	Trpa1
GO:0055074	Trpc1
GO:0055074	Trpc2
GO:0055074	Trpc3
GO:0055074	Trpc4
GO:0055074	Trpc5
GO:0055074	Trpc6
GO:0055074	Trpc7
GO:0055074	Trpm8
GO:0055074	Trpv4
GO:0055074	Trpv5
GO:0055074	Trpv6
GO:0055074	Tunar
GO:0055074	Umod
GO:0055074	Vapb
GO:0055074	Vdr
GO:0055074	Vps54
GO:0055074	Wfs1
GO:0055074	Wnk4
GO:0055074	Xk
GO:0055074	Ywhae
GO:0055074	Znhit1
GO:0060022	Dlg1
GO:0060022	Foxe1
GO:0060022	Fzd1
GO:0060022	Fzd2
GO:0060022	Gabrb3
GO:0060022	Itgb6
GO:0060022	Itgb8
GO:0060022	Mmp25
GO:0060022	Sox11
GO:0060022	Tbx1
GO:0060272	Axin1
GO:0060272	Bmp4
GO:0060272	Bmp7
GO:0060272	Col2a1
GO:0060272	Ctnnb1
GO:0060272	Hoxa11
GO:0060272	Hoxc11
GO:0060272	Hoxd11
GO:0060272	Hyal1
GO:0060272	Nog
GO:0060272	Osr1
GO:0060272	Osr2
GO:0060272	Shox2
GO:0060346	Chad
GO:0060346	Col1a1
GO:0060346	Cyp27b1
GO:0060346	Enpp1
GO:0060346	Fbn2
GO:0060346	Grem1
GO:0060346	Mmp2
GO:0060346	Msx2
GO:0060346	Ppargc1b
GO:0060346	Sfrp1
GO:0060346	Thbs3
GO:0060346	Vdr
GO:0060346	Vegfa
GO:0060346	Wnt10b
GO:0060348	Akap13
GO:0060348	Amer1
GO:0060348	Ankrd11
GO:0060348	Asxl1
GO:0060348	Bbx
GO:0060348	Bglap
GO:0060348	Bglap2
GO:0060348	Bglap3
GO:0060348	Bgn
GO:0060348	Bmncr
GO:0060348	Bmp2
GO:0060348	Bmp4
GO:0060348	Bmp6
GO:0060348	Bmpr1b
GO:0060348	Cadm1
GO:0060348	Ccn4
GO:0060348	Cfh
GO:0060348	Chad
GO:0060348	Col2a1
GO:0060348	Cr2
GO:0060348	Ctc1
GO:0060348	Dspp
GO:0060348	Dym
GO:0060348	Enpp1
GO:0060348	Epyc
GO:0060348	Ext1
GO:0060348	Fgf4
GO:0060348	Fgf8
GO:0060348	Fgfr2
GO:0060348	Fgfr3
GO:0060348	Foxn3
GO:0060348	Frem1
GO:0060348	Ghrl
GO:0060348	Gja1
GO:0060348	Gli3
GO:0060348	Gnas
GO:0060348	Hoxa11
GO:0060348	Hoxb4
GO:0060348	Idua
GO:0060348	Ift172
GO:0060348	Insig1
GO:0060348	Insig2
GO:0060348	Itgb6
GO:0060348	Kat2a
GO:0060348	Kdr
GO:0060348	Lox
GO:0060348	Lrp5
GO:0060348	Lrrc17
GO:0060348	Map2k6
GO:0060348	Map3k7
GO:0060348	Mapk11
GO:0060348	Mapk14
GO:0060348	Mcph1
GO:0060348	Megf8
GO:0060348	Miga2
GO:0060348	Mir188
GO:0060348	Mir2861
GO:0060348	Mmp14
GO:0060348	Mmp16
GO:0060348	Myoc
GO:0060348	Neurog1
GO:0060348	Notum
GO:0060348	Npr2
GO:0060348	Nsd2
GO:0060348	Ogn
GO:0060348	Opa3
GO:0060348	Optc
GO:0060348	P3h1
GO:0060348	Papss2
GO:0060348	Pdgfa
GO:0060348	Pdgfc
GO:0060348	Pls3
GO:0060348	Poc1a
GO:0060348	Ppib
GO:0060348	Prpsap2
GO:0060348	Ptger4
GO:0060348	Ptprc
GO:0060348	Rab23
GO:0060348	Ranbp3l
GO:0060348	Rara
GO:0060348	Rarb
GO:0060348	Rarg
GO:0060348	Rgn
GO:0060348	Rpl13
GO:0060348	Sbds
GO:0060348	Setdb1
GO:0060348	Sh3pxd2b
GO:0060348	Slc10a7
GO:0060348	Slc38a10
GO:0060348	Smad1
GO:0060348	Smad5
GO:0060348	Smad9
GO:0060348	Smpd3
GO:0060348	Sparc
GO:0060348	Spns2
GO:0060348	Stc1
GO:0060348	Sulf1
GO:0060348	Sulf2
GO:0060348	Tifab
GO:0060348	Timp3
GO:0060348	Tmem107
GO:0060348	Tmem119
GO:0060348	Tmem38b
GO:0060348	Tnfsf11
GO:0060348	Tnn
GO:0060348	Trim45
GO:0060348	Trip11
GO:0060348	Trp53
GO:0060348	Ttc9
GO:0060348	Tulp3
GO:0060348	Twist1
GO:0060348	Vkorc1
GO:0060348	Wnt1
GO:0060349	Acp5
GO:0060349	Actn3
GO:0060349	Atg9a
GO:0060349	Carm1
GO:0060349	Cdx1
GO:0060349	Chsy1
GO:0060349	Cited2
GO:0060349	Col3a1
GO:0060349	Col9a1
GO:0060349	Comp
GO:0060349	Cst10
GO:0060349	Cyp26b1
GO:0060349	Dhrs3
GO:0060349	Dlx5
GO:0060349	Dspp
GO:0060349	Enpp1
GO:0060349	Ext1
GO:0060349	Ext2
GO:0060349	Fgfr2
GO:0060349	Fgfr3
GO:0060349	Glg1
GO:0060349	Has2
GO:0060349	Hottip
GO:0060349	Ifitm5
GO:0060349	Ift80
GO:0060349	Ihh
GO:0060349	Lrp5
GO:0060349	Lrp6
GO:0060349	Ltbp3
GO:0060349	Ltf
GO:0060349	Mmp13
GO:0060349	Msx1
GO:0060349	Msx2
GO:0060349	Osr2
GO:0060349	Pappa2
GO:0060349	Pax1
GO:0060349	Rarg
GO:0060349	Ripply1
GO:0060349	Ripply2
GO:0060349	Sfrp4
GO:0060349	Ski
GO:0060349	Sox9
GO:0060349	Sp5
GO:0060349	T
GO:0060349	Tfap2a
GO:0060350	Carm1
GO:0060350	Col3a1
GO:0060350	Dspp
GO:0060350	Enpp1
GO:0060350	Ext1
GO:0060350	Ext2
GO:0060350	Ihh
GO:0060350	Sox9
GO:0060351	Anxa6
GO:0060351	Atf2
GO:0060351	Axin2
GO:0060351	Carm1
GO:0060351	Cbs
GO:0060351	Cer1
GO:0060351	Col1a1
GO:0060351	Col27a1
GO:0060351	Col2a1
GO:0060351	Col9a1
GO:0060351	Comp
GO:0060351	Cst10
GO:0060351	Dspp
GO:0060351	Ext1
GO:0060351	Hoxa11
GO:0060351	Hoxd11
GO:0060351	Hspg2
GO:0060351	Ift80
GO:0060351	Ihh
GO:0060351	Matn1
GO:0060351	Mmp13
GO:0060351	Nppc
GO:0060351	Npr2
GO:0060351	Poc1a
GO:0060351	Por
GO:0060351	Rara
GO:0060351	Rarb
GO:0060351	Rarg
GO:0060351	Scube2
GO:0060351	Serpinh1
GO:0060351	Shox2
GO:0060351	Sik3
GO:0060351	Smpd3
GO:0060351	Sox9
GO:0060351	Stc1
GO:0060351	Tgfbr2
GO:0060351	Thbs1
GO:0060351	Thbs3
GO:0060351	Trip11
GO:0060351	Trpv4
GO:0060351	Zmpste24
GO:0060363	Bmp4
GO:0060363	Fgf4
GO:0060363	Insig1
GO:0060363	Insig2
GO:0060363	Twist1
GO:0060536	Hand1
GO:0060536	Hand2
GO:0060536	Hoxa5
GO:0060536	Matn1
GO:0060536	Mef2c
GO:0060536	Msx1
GO:0060536	Snai1
GO:0060536	Snai2
GO:0060536	Stc1
GO:0060557	Ifng
GO:0060557	Tnf
GO:0060803	Etv2
GO:0060804	Bmp2
GO:0061035	Bmp1
GO:0061035	Bmp10
GO:0061035	Bmp2
GO:0061035	Bmp4
GO:0061035	Ccn1
GO:0061035	Ctsk
GO:0061035	Frzb
GO:0061035	Gdf2
GO:0061035	Idua
GO:0061035	Kat2a
GO:0061035	Lep
GO:0061035	Mdk
GO:0061035	Nog
GO:0061035	Rara
GO:0061035	Rarb
GO:0061035	Rarg
GO:0061035	Scx
GO:0061035	Smad1
GO:0061035	Smpd3
GO:0061035	Sox5
GO:0061035	Sox6
GO:0061035	Sox9
GO:0061035	Tgfb1
GO:0061035	Tgfb2
GO:0061035	Wnt5a
GO:0061035	Wnt9a
GO:0061035	Zbtb16
GO:0061036	Bmp1
GO:0061036	Bmp10
GO:0061036	Bmp2
GO:0061036	Bmp4
GO:0061036	Ccn1
GO:0061036	Gdf2
GO:0061036	Mdk
GO:0061036	Scx
GO:0061036	Smad1
GO:0061036	Sox5
GO:0061036	Sox6
GO:0061036	Sox9
GO:0061036	Wnt5a
GO:0061036	Zbtb16
GO:0061037	Ctsk
GO:0061037	Frzb
GO:0061037	Idua
GO:0061037	Lep
GO:0061037	Nog
GO:0061037	Rara
GO:0061037	Rarb
GO:0061037	Rarg
GO:0061037	Tgfb2
GO:0061037	Wnt9a
GO:0061430	Chad
GO:0061430	Col1a1
GO:0061430	Cyp27b1
GO:0061430	Enpp1
GO:0061430	Fbn2
GO:0061430	Fgfr3
GO:0061430	Grem1
GO:0061430	Mmp2
GO:0061430	Msx2
GO:0061430	Plxnb1
GO:0061430	Ppargc1b
GO:0061430	Sbno2
GO:0061430	Sema4d
GO:0061430	Sfrp1
GO:0061430	Thbs3
GO:0061430	Vdr
GO:0061430	Vegfa
GO:0061430	Wnt10b
GO:0061914	Dspp
GO:0061974	Ext1
GO:0061975	Bgn
GO:0061975	Enpp1
GO:0061975	Epyc
GO:0061975	Ift80
GO:0061975	Ogn
GO:0061975	Optc
GO:0061975	Pbxip1
GO:0070561	Cyp27b1
GO:0070561	Kank2
GO:0070561	Med1
GO:0070561	Mn1
GO:0070561	Pim1
GO:0070561	Rxra
GO:0070561	Snai2
GO:0070561	Snw1
GO:0070561	Trim24
GO:0070561	Vdr
GO:0070562	Cyp27b1
GO:0070562	Kank2
GO:0070562	Med1
GO:0070562	Mn1
GO:0070562	Rxra
GO:0070562	Snai2
GO:0070562	Snw1
GO:0070562	Trim24
GO:0070562	Vdr
GO:0070563	Kank2
GO:0070563	Snai2
GO:0070564	Cyp27b1
GO:0070564	Mn1
GO:0070564	Rxra
GO:0070564	Snw1
GO:0070564	Vdr
GO:0070576	Cyp1a1
GO:0070576	Cyp24a1
GO:0070576	Cyp3a13
GO:0070643	Cyp24a1
GO:0070644	Rxra
GO:0070644	Tcf3
GO:0070644	Vdr
GO:0070700	Acvr1c
GO:0070700	Bmp2
GO:0070700	Bmp3
GO:0070700	Bmp4
GO:0070700	Bmp5
GO:0070700	Bmp6
GO:0070700	Bmp7
GO:0070700	Cdh5
GO:0070700	Neo1
GO:0070700	Pycard
GO:0070700	Scube3
GO:0070700	Src
GO:0070724	Acvr1
GO:0070724	Acvrl1
GO:0070724	Bmp2
GO:0070724	Hjv
GO:0070977	Fgfr3
GO:0070977	Mbtps2
GO:0071305	Cyp27b1
GO:0071305	Fes
GO:0071305	Kank2
GO:0071305	Kdm6a
GO:0071305	Med1
GO:0071305	Mn1
GO:0071305	Pdia3
GO:0071305	Pim1
GO:0071305	Rxra
GO:0071305	Snai2
GO:0071305	Snw1
GO:0071305	Trim24
GO:0071305	Vdr
GO:0071773	Abl1
GO:0071773	Acvr1
GO:0071773	Acvr2a
GO:0071773	Acvr2b
GO:0071773	Acvrl1
GO:0071773	Adamts12
GO:0071773	Adamts7
GO:0071773	Alpi
GO:0071773	Amhr2
GO:0071773	Atf2
GO:0071773	Bambi
GO:0071773	Bglap
GO:0071773	Bmncr
GO:0071773	Bmp10
GO:0071773	Bmp15
GO:0071773	Bmp2
GO:0071773	Bmp3
GO:0071773	Bmp4
GO:0071773	Bmp6
GO:0071773	Bmp7
GO:0071773	Bmper
GO:0071773	Bmpr1a
GO:0071773	Bmpr1b
GO:0071773	Bmpr2
GO:0071773	Cav1
GO:0071773	Ccn1
GO:0071773	Cdh5
GO:0071773	Cer1
GO:0071773	Chrd
GO:0071773	Chrdl1
GO:0071773	Chrdl2
GO:0071773	Col2a1
GO:0071773	Comp
GO:0071773	Crb2
GO:0071773	Crim1
GO:0071773	Ctdspl2
GO:0071773	Dand5
GO:0071773	Ddx5
GO:0071773	Dkk1
GO:0071773	Dlx1
GO:0071773	Dlx3
GO:0071773	Dlx5
GO:0071773	Dsg4
GO:0071773	Ecsit
GO:0071773	Egr1
GO:0071773	Elapor2
GO:0071773	Eng
GO:0071773	Etv2
GO:0071773	Ext1
GO:0071773	Fam83g
GO:0071773	Fbxl15
GO:0071773	Fkbp8
GO:0071773	Foxd1
GO:0071773	Fst
GO:0071773	Fstl1
GO:0071773	Fstl3
GO:0071773	Fstl4
GO:0071773	Fstl5
GO:0071773	Fzd1
GO:0071773	Gata3
GO:0071773	Gata4
GO:0071773	Gata5
GO:0071773	Gata6
GO:0071773	Gdf1
GO:0071773	Gdf10
GO:0071773	Gdf2
GO:0071773	Gdf3
GO:0071773	Gdf5
GO:0071773	Gdf6
GO:0071773	Gdf7
GO:0071773	Gdf9
GO:0071773	Gpc3
GO:0071773	Grem1
GO:0071773	Grem2
GO:0071773	Hes1
GO:0071773	Hes5
GO:0071773	Heyl
GO:0071773	Hfe
GO:0071773	Hipk2
GO:0071773	Hivep1
GO:0071773	Hjv
GO:0071773	Hoxa13
GO:0071773	Htra1
GO:0071773	Htra3
GO:0071773	Id1
GO:0071773	Ilk
GO:0071773	Inhba
GO:0071773	Inhbb
GO:0071773	Inhbc
GO:0071773	Inhbe
GO:0071773	Itga3
GO:0071773	Kcnd3
GO:0071773	Kcp
GO:0071773	Kdr
GO:0071773	Lef1
GO:0071773	Lefty1
GO:0071773	Lefty2
GO:0071773	Lemd2
GO:0071773	Lemd3
GO:0071773	Lrp2
GO:0071773	Mapk3
GO:0071773	Megf8
GO:0071773	Mir122
GO:0071773	Mir125a
GO:0071773	Mir147
GO:0071773	Mir16-1
GO:0071773	Mir210
GO:0071773	Mir23a
GO:0071773	Mir329
GO:0071773	Mir675
GO:0071773	Mirlet7a-1
GO:0071773	Mirlet7b
GO:0071773	Mirlet7d
GO:0071773	Mirlet7f-1
GO:0071773	Mirlet7f-2
GO:0071773	Msx1
GO:0071773	Msx2
GO:0071773	Nanog
GO:0071773	Nbl1
GO:0071773	Neo1
GO:0071773	Nfia
GO:0071773	Nfix
GO:0071773	Nodal
GO:0071773	Nog
GO:0071773	Notch1
GO:0071773	Notch2
GO:0071773	Numa1
GO:0071773	Pdcd4
GO:0071773	Pelo
GO:0071773	Phox2b
GO:0071773	Pparg
GO:0071773	Ppm1a
GO:0071773	Rbpj
GO:0071773	Rgma
GO:0071773	Rgmb
GO:0071773	Rnf165
GO:0071773	Ror2
GO:0071773	Runx2
GO:0071773	Scube3
GO:0071773	Scx
GO:0071773	Sfrp1
GO:0071773	Sfrp2
GO:0071773	Sfrp4
GO:0071773	Sfrp5
GO:0071773	Ski
GO:0071773	Skil
GO:0071773	Skor1
GO:0071773	Skor2
GO:0071773	Slc39a5
GO:0071773	Smad1
GO:0071773	Smad2
GO:0071773	Smad4
GO:0071773	Smad5
GO:0071773	Smad6
GO:0071773	Smad7
GO:0071773	Smad9
GO:0071773	Smpd3
GO:0071773	Smurf1
GO:0071773	Smurf2
GO:0071773	Sorl1
GO:0071773	Sost
GO:0071773	Sostdc1
GO:0071773	Sox11
GO:0071773	Spg20
GO:0071773	Sulf1
GO:0071773	Tbx20
GO:0071773	Tcf7l2
GO:0071773	Tfap2b
GO:0071773	Tgfb1
GO:0071773	Tgfb2
GO:0071773	Tgfb3
GO:0071773	Tgfbr3
GO:0071773	Tmem100
GO:0071773	Tmem53
GO:0071773	Tmprss6
GO:0071773	Tnfaip6
GO:0071773	Tob1
GO:0071773	Trim33
GO:0071773	Twsg1
GO:0071773	Ube2o
GO:0071773	Usp15
GO:0071773	Usp9x
GO:0071773	Vsir
GO:0071773	Vstm2a
GO:0071773	Vwc2
GO:0071773	Vwc2l
GO:0071773	Wnt1
GO:0071773	Wnt3a
GO:0071773	Wnt5a
GO:0071773	Zcchc12
GO:0071773	Zfp128
GO:0071773	Zfp423
GO:0071838	Ace
GO:0071838	Fgfr2
GO:0071838	Fgfr3
GO:0071838	Flt3l
GO:0071838	Hmga2
GO:0071838	Il6
GO:0071838	Lef1
GO:0071838	Lgals3
GO:0071838	Map3k3
GO:0071838	Mef2c
GO:0071838	Mir223
GO:0071838	Pth
GO:0071838	Setd4
GO:0071838	Shc1
GO:0071839	Bcl2l1
GO:0071839	Fgfr2
GO:0071839	Flt3l
GO:0071839	Hspd1
GO:0071839	Lef1
GO:0071839	Plk2
GO:0071839	Pth
GO:0071863	Fgfr2
GO:0071863	Fgfr3
GO:0071863	Flt3l
GO:0071863	Hmga2
GO:0071863	Il6
GO:0071863	Lef1
GO:0071863	Lgals3
GO:0071863	Map3k3
GO:0071863	Mef2c
GO:0071863	Mir223
GO:0071863	Pth
GO:0071863	Setd4
GO:0071863	Shc1
GO:0071864	Fgfr2
GO:0071864	Fgfr3
GO:0071864	Flt3l
GO:0071864	Hmga2
GO:0071864	Il6
GO:0071864	Lef1
GO:0071864	Map3k3
GO:0071864	Mef2c
GO:0071864	Mir223
GO:0071864	Pth
GO:0071864	Shc1
GO:0071866	Fgfr2
GO:0071866	Flt3l
GO:0071866	Hspd1
GO:0071866	Lef1
GO:0071866	Plk2
GO:0071866	Pth
GO:0072498	Axin1
GO:0072498	Bmp4
GO:0072498	Bmp7
GO:0072498	Col2a1
GO:0072498	Ctnnb1
GO:0072498	Ext1
GO:0072498	Hoxa11
GO:0072498	Hoxc11
GO:0072498	Hoxd11
GO:0072498	Hyal1
GO:0072498	Ihh
GO:0072498	Nog
GO:0072498	Osr1
GO:0072498	Osr2
GO:0072498	Shox2
GO:0072498	Slc2a10
GO:0072674	Adam8
GO:0072674	Cd109
GO:0072674	Cd81
GO:0072674	Dcstamp
GO:0072674	Ocstamp
GO:0072674	Oscar
GO:0072674	Sbno2
GO:0072674	Sh3pxd2a
GO:0072674	Tcta
GO:0072674	Tnfrsf11a
GO:0072675	Adam8
GO:0072675	Cd109
GO:0072675	Cd81
GO:0072675	Dcstamp
GO:0072675	Sbno2
GO:0072675	Sh3pxd2a
GO:0072675	Tcta
GO:0090290	Flt3l
GO:0090290	Gsk3b
GO:0090290	Nmb
GO:0090290	Nmbr
GO:0090290	Ocstamp
GO:0090290	Pth
GO:0090291	Grem1
GO:0097094	Bmp4
GO:0097094	Fgf4
GO:0097094	Foxn3
GO:0097094	Frem1
GO:0097094	Insig1
GO:0097094	Insig2
GO:0097094	Megf8
GO:0097094	Mmp14
GO:0097094	Mmp16
GO:0097094	Neurog1
GO:0097094	Rab23
GO:0097094	Tifab
GO:0097094	Tmem107
GO:0097094	Twist1
GO:0097241	Enpp1
GO:0097241	Ext1
GO:0097241	Gas6
GO:0097241	Jam2
GO:0097241	Jam3
GO:0098821	Acvr2a
GO:0098821	Acvrl1
GO:0098821	Bmpr1a
GO:0098821	Bmpr1b
GO:0098821	Bmpr2
GO:0098821	Hjv
GO:0098821	Sostdc1
GO:0098867	Fbln5
GO:0098868	Bnc2
GO:0098868	Comp
GO:0098868	Ddr2
GO:0098868	Ecm1
GO:0098868	Enpp1
GO:0098868	Evc
GO:0098868	Ext1
GO:0098868	Fbln5
GO:0098868	Kdr
GO:0098868	Lep
GO:0098868	Lepr
GO:0098868	Mir34a
GO:0098868	Msx2
GO:0098868	Npr2
GO:0098868	Ostn
GO:0098868	Smpd3
GO:1900155	Chad
GO:1900155	Cyp27b1
GO:1900155	Grem1
GO:1900155	Vdr
GO:1900158	Grem1
GO:1900158	Pth
GO:1900158	Rflna
GO:1900158	Rflnb
GO:1900159	Actn3
GO:1900159	Asxl2
GO:1900159	Bmp2
GO:1900220	Plxnb1
GO:1900220	Sema4d
GO:1901706	Ext1
GO:1901706	Ranbp3l
GO:1901706	Timp3
GO:1902731	Bmpr2
GO:1902731	Ccn3
GO:1902731	Dspp
GO:1902731	Smad7
GO:1902732	Comp
GO:1902732	Dspp
GO:1902732	Lef1
GO:1902732	Ltf
GO:1902732	Mustn1
GO:1902732	Pbxip1
GO:1902732	Scube2
GO:1902732	Sirt6
GO:1902732	Six2
GO:1902732	Sox9
GO:1903010	Dspp
GO:1903010	Ghrl
GO:1903010	Gli3
GO:1903010	Kat2a
GO:1903010	Kdr
GO:1903010	Lox
GO:1903010	Rgn
GO:1903010	Tmem119
GO:1903010	Tnn
GO:1903011	Dspp
GO:1903011	Rgn
GO:1903012	Ghrl
GO:1903012	Tmem119
GO:1903769	Lgals3
GO:1904888	2610005L07Rik
GO:1904888	Alx3
GO:1904888	Bmp4
GO:1904888	Cep55
GO:1904888	Chrd
GO:1904888	Chst11
GO:1904888	Colec10
GO:1904888	Cplane2
GO:1904888	Crkl
GO:1904888	Ctnnb1
GO:1904888	Dlx1as
GO:1904888	Dlx2
GO:1904888	Ednra
GO:1904888	Eif4a3
GO:1904888	Eif4a3l1
GO:1904888	Eif4a3l2
GO:1904888	Ext1
GO:1904888	Fgf4
GO:1904888	Fgfr2
GO:1904888	Foxc2
GO:1904888	Foxe1
GO:1904888	Foxn3
GO:1904888	Frem1
GO:1904888	Gas1
GO:1904888	Gna11
GO:1904888	Gnaq
GO:1904888	Gnas
GO:1904888	Grhl2
GO:1904888	Hoxa2
GO:1904888	Ift140
GO:1904888	Insig1
GO:1904888	Insig2
GO:1904888	Irf6
GO:1904888	Irx5
GO:1904888	Lhx1
GO:1904888	Mef2c
GO:1904888	Megf8
GO:1904888	Mmp14
GO:1904888	Mmp16
GO:1904888	Mthfd1l
GO:1904888	Ndst1
GO:1904888	Neurog1
GO:1904888	Nipbl
GO:1904888	Nodal
GO:1904888	Nog
GO:1904888	Pax5
GO:1904888	Pdgfra
GO:1904888	Prrx1
GO:1904888	Prrx2
GO:1904888	Rab23
GO:1904888	Rdh10
GO:1904888	Ric1
GO:1904888	Runx2
GO:1904888	Setd2
GO:1904888	Sh3pxd2b
GO:1904888	Six1
GO:1904888	Six2
GO:1904888	Six4
GO:1904888	Slc39a1
GO:1904888	Slc39a3
GO:1904888	Smad2
GO:1904888	Smad3
GO:1904888	Tbx1
GO:1904888	Tbx15
GO:1904888	Tfap2a
GO:1904888	Tgfb2
GO:1904888	Tgfbr1
GO:1904888	Tgfbr2
GO:1904888	Tifab
GO:1904888	Tmem107
GO:1904888	Trp63
GO:1904888	Twist1
GO:1904888	Twist2
GO:1904888	Wdr19
GO:1904888	Wnt9b
GO:1904888	Zic3
GO:1905240	Gsk3b
GO:1905240	Tnn
GO:1990079	Comp
GO:1990079	Cytl1
GO:1990079	Idua
GO:1990079	Mtf1
GO:1990079	Slc39a8
GO:1990523	Ccn3
GO:1990523	Fzd9
GO:1990523	Lgr6
GO:2001204	Cldn18
GO:2001204	Fbn1
GO:2001204	Fbxw7
GO:2001204	Gpr68
GO:2001204	Ninj1
GO:2001204	Notch2
GO:2001204	Siglec15
GO:2001204	Slc9b2
GO:2001204	Tjp2
GO:2001204	Tnfsf11
GO:2001204	Tyrobp
GO:2001205	Cldn18
GO:2001205	Fbn1
GO:2001205	Fbxw7
GO:2001205	Tjp2
GO:2001206	Gpr68
GO:2001206	Ninj1
GO:2001206	Slc9b2
GO:2001206	Tnfsf11
GO:2001206	Tyrobp
