GO:0000052	Ass1
GO:0000052	Ddah1
GO:0000052	Ddah2
GO:0000052	Htt
GO:0000820	Fh1
GO:0000820	Sirt4
GO:0000820	Slc7a7
GO:0000821	Fh1
GO:0000821	Slc7a7
GO:0005368	Slc36a1
GO:0005368	Slc6a13
GO:0005368	Slc6a6
GO:0005777	Abcd1
GO:0005777	Abcd2
GO:0005777	Abcd3
GO:0005777	Abcd4
GO:0005777	Acaa1a
GO:0005777	Acaa1b
GO:0005777	Acad11
GO:0005777	Acbd5
GO:0005777	Acnat1
GO:0005777	Acnat2
GO:0005777	Acot3
GO:0005777	Acot4
GO:0005777	Acot5
GO:0005777	Acot6
GO:0005777	Acot8
GO:0005777	Acox1
GO:0005777	Acox2
GO:0005777	Acox3
GO:0005777	Acoxl
GO:0005777	Acsbg1
GO:0005777	Acsl1
GO:0005777	Acsl3
GO:0005777	Acsl4
GO:0005777	Acsl6
GO:0005777	Agps
GO:0005777	Agxt
GO:0005777	Akap11
GO:0005777	Aldh3a2
GO:0005777	Amacr
GO:0005777	Atad1
GO:0005777	Atm
GO:0005777	Baat
GO:0005777	Cat
GO:0005777	Ccdc33
GO:0005777	Cd33
GO:0005777	Crat
GO:0005777	Crot
GO:0005777	Dao
GO:0005777	Ddo
GO:0005777	Decr2
GO:0005777	Depp1
GO:0005777	Dhrs4
GO:0005777	Dhrs7b
GO:0005777	Dnm1l
GO:0005777	Ech1
GO:0005777	Eci2
GO:0005777	Eci3
GO:0005777	Ehhadh
GO:0005777	Ephx2
GO:0005777	Far1
GO:0005777	Far2
GO:0005777	Fdps
GO:0005777	Fis1
GO:0005777	Fndc5
GO:0005777	Gbf1
GO:0005777	Gnpat
GO:0005777	Gstk1
GO:0005777	Hacl1
GO:0005777	Hao1
GO:0005777	Hao2
GO:0005777	Hmgcl
GO:0005777	Hmgcr
GO:0005777	Hsd17b4
GO:0005777	Hsdl2
GO:0005777	Ide
GO:0005777	Idh1
GO:0005777	Idh2
GO:0005777	Idi1
GO:0005777	Idi2
GO:0005777	Idi2l
GO:0005777	Isoc1
GO:0005777	Kcnip4
GO:0005777	Lacc1
GO:0005777	Lonp2
GO:0005777	Marf1
GO:0005777	Mavs
GO:0005777	Mff
GO:0005777	Mlycd
GO:0005777	Mpv17
GO:0005777	Mpv17l
GO:0005777	Mtarc2
GO:0005777	Mul1
GO:0005777	Mvd
GO:0005777	Mvk
GO:0005777	Myo5a
GO:0005777	Nos2
GO:0005777	Nudt12
GO:0005777	Nudt17
GO:0005777	Nudt19
GO:0005777	Nudt7
GO:0005777	Paox
GO:0005777	Pecr
GO:0005777	Pex1
GO:0005777	Pex10
GO:0005777	Pex11a
GO:0005777	Pex11b
GO:0005777	Pex11g
GO:0005777	Pex12
GO:0005777	Pex13
GO:0005777	Pex14
GO:0005777	Pex16
GO:0005777	Pex19
GO:0005777	Pex2
GO:0005777	Pex26
GO:0005777	Pex3
GO:0005777	Pex5
GO:0005777	Pex6
GO:0005777	Pex7
GO:0005777	Phyh
GO:0005777	Pik3c3
GO:0005777	Pipox
GO:0005777	Pjvk
GO:0005777	Plaat1
GO:0005777	Plaat3
GO:0005777	Pnpla8
GO:0005777	Prdx5
GO:0005777	Pxmp2
GO:0005777	Pxmp4
GO:0005777	Pxt1
GO:0005777	Rida
GO:0005777	Scp2
GO:0005777	Serhl
GO:0005777	Slc22a21
GO:0005777	Slc25a17
GO:0005777	Slc27a2
GO:0005777	Sod1
GO:0005777	Sting1
GO:0005777	Syt7
GO:0005777	Szt2
GO:0005777	Tirap
GO:0005777	Tkt
GO:0005777	Tmem135
GO:0005777	Tmem35a
GO:0005777	Trim37
GO:0005777	Tysnd1
GO:0005777	Uox
GO:0005777	Urad
GO:0005777	Urah
GO:0005777	Vim
GO:0005777	Vwa8
GO:0005777	Xdh
GO:0005777	Zadh2
GO:0005975	4930568D16Rik
GO:0005975	A3galt2
GO:0005975	Abo
GO:0005975	Adipoq
GO:0005975	Adpgk
GO:0005975	Akt1
GO:0005975	Akt2
GO:0005975	Aldoa
GO:0005975	Aldoart1
GO:0005975	Aldoart2
GO:0005975	Aldob
GO:0005975	Aldoc
GO:0005975	Amdhd2
GO:0005975	Amy1
GO:0005975	Angptl8
GO:0005975	Apod
GO:0005975	B3gat1
GO:0005975	B3gat2
GO:0005975	B3gat3
GO:0005975	B3glct
GO:0005975	B4galt1
GO:0005975	B4galt2
GO:0005975	B4galt3
GO:0005975	B4galt4
GO:0005975	B4galt5
GO:0005975	B4galt6
GO:0005975	B4galt7
GO:0005975	Bpgm
GO:0005975	Brat1
GO:0005975	Casd1
GO:0005975	Cbr2
GO:0005975	Chia1
GO:0005975	Chid1
GO:0005975	Chil1
GO:0005975	Chil3
GO:0005975	Chil4
GO:0005975	Chit1
GO:0005975	Chst1
GO:0005975	Chst10
GO:0005975	Chst11
GO:0005975	Chst12
GO:0005975	Chst14
GO:0005975	Chst2
GO:0005975	Chst3
GO:0005975	Chst4
GO:0005975	Chst5
GO:0005975	Chst7
GO:0005975	Chst8
GO:0005975	Chst9
GO:0005975	Cpt1a
GO:0005975	Cs
GO:0005975	Csl
GO:0005975	Ctbs
GO:0005975	Dcxr
GO:0005975	Dera
GO:0005975	Dhtkd1
GO:0005975	Dlat
GO:0005975	Edem1
GO:0005975	Edem2
GO:0005975	Edem3
GO:0005975	Eno1
GO:0005975	Eno1b
GO:0005975	Eno2
GO:0005975	Eno3
GO:0005975	Eno4
GO:0005975	Enpp1
GO:0005975	Epm2a
GO:0005975	Fabp5
GO:0005975	Fbn1
GO:0005975	Fbp1
GO:0005975	Fbp2
GO:0005975	Fggy
GO:0005975	Fuca1
GO:0005975	Fuca2
GO:0005975	Fut1
GO:0005975	Fut2
GO:0005975	G6pd2
GO:0005975	G6pdx
GO:0005975	Gaa
GO:0005975	Gale
GO:0005975	Galk1
GO:0005975	Galm
GO:0005975	Galt
GO:0005975	Ganab
GO:0005975	Ganc
GO:0005975	Gapdh
GO:0005975	Gapdhs
GO:0005975	Gba2
GO:0005975	Gbe1
GO:0005975	Gbgt1
GO:0005975	Gck
GO:0005975	Gckr
GO:0005975	Gdf2
GO:0005975	Gdpgp1
GO:0005975	Ggta1
GO:0005975	Gk
GO:0005975	Gk2
GO:0005975	Gk5
GO:0005975	Gla
GO:0005975	Glb1
GO:0005975	Glb1l
GO:0005975	Glb1l2
GO:0005975	Glb1l3
GO:0005975	Glo1
GO:0005975	Glt6d1
GO:0005975	Gm10358
GO:0005975	Gm3839
GO:0005975	Gnpda1
GO:0005975	Gnpda2
GO:0005975	Gpd1
GO:0005975	Gpd1l
GO:0005975	Gpi1
GO:0005975	Gsk3a
GO:0005975	Gsk3b
GO:0005975	Gusb
GO:0005975	H6pd
GO:0005975	Hagh
GO:0005975	Hectd4
GO:0005975	Hexa
GO:0005975	Hexb
GO:0005975	Hexdc
GO:0005975	Hk1
GO:0005975	Hk2
GO:0005975	Hk3
GO:0005975	Hkdc1
GO:0005975	Htr2a
GO:0005975	Hyal1
GO:0005975	Hyal2
GO:0005975	Hyal3
GO:0005975	Hyal4
GO:0005975	Hyal5
GO:0005975	Idnk
GO:0005975	Idua
GO:0005975	Ier3
GO:0005975	Igf2
GO:0005975	Inppl1
GO:0005975	Ins1
GO:0005975	Ins2
GO:0005975	Kbtbd2
GO:0005975	Kcnj11
GO:0005975	Kcnq1
GO:0005975	Khk
GO:0005975	Kl
GO:0005975	Klb
GO:0005975	Lancl1
GO:0005975	Lancl2
GO:0005975	Lancl3
GO:0005975	Lctl
GO:0005975	Lep
GO:0005975	Man1a
GO:0005975	Man1a2
GO:0005975	Man1b1
GO:0005975	Man2a1
GO:0005975	Man2a2
GO:0005975	Man2b1
GO:0005975	Man2b2
GO:0005975	Man2c1
GO:0005975	Manba
GO:0005975	Mapk14
GO:0005975	Mir423
GO:0005975	Mlec
GO:0005975	Mogs
GO:0005975	Mpi
GO:0005975	Mtor
GO:0005975	Myc
GO:0005975	Myorg
GO:0005975	Naga
GO:0005975	Nanp
GO:0005975	Nans
GO:0005975	Neu1
GO:0005975	Neu2
GO:0005975	Neu3
GO:0005975	Neu4
GO:0005975	Nisch
GO:0005975	Npl
GO:0005975	Npy1r
GO:0005975	Nr1h4
GO:0005975	Oas1a
GO:0005975	Oas1c
GO:0005975	Oas1d
GO:0005975	Oas1e
GO:0005975	Oas1f
GO:0005975	Oas1g
GO:0005975	Oas1h
GO:0005975	Ogdh
GO:0005975	Oma1
GO:0005975	Onecut1
GO:0005975	Ovgp1
GO:0005975	Parg
GO:0005975	Parp1
GO:0005975	Pck1
GO:0005975	Pdha1
GO:0005975	Pdha2
GO:0005975	Pdhb
GO:0005975	Pdk1
GO:0005975	Pdk2
GO:0005975	Pdk3
GO:0005975	Pdk4
GO:0005975	Pdx1
GO:0005975	Pfkfb2
GO:0005975	Pfkl
GO:0005975	Pfkm
GO:0005975	Pfkp
GO:0005975	Pgam1
GO:0005975	Pgam2
GO:0005975	Pgd
GO:0005975	Pgghg
GO:0005975	Pgk1
GO:0005975	Pgk2
GO:0005975	Pgls
GO:0005975	Pgm1
GO:0005975	Pgm2
GO:0005975	Pgm2l1
GO:0005975	Pgm3
GO:0005975	Pgm5
GO:0005975	Pgp
GO:0005975	Phka1
GO:0005975	Phka2
GO:0005975	Phkb
GO:0005975	Phkg1
GO:0005975	Phkg2
GO:0005975	Pik3ca
GO:0005975	Pik3r1
GO:0005975	Pklr
GO:0005975	Pkm
GO:0005975	Pofut1
GO:0005975	Pofut2
GO:0005975	Ppara
GO:0005975	Ppp1ca
GO:0005975	Ppp1cb
GO:0005975	Ppp1cc
GO:0005975	Ppp1r1a
GO:0005975	Ppp1r2
GO:0005975	Ppp1r3a
GO:0005975	Ppp1r3b
GO:0005975	Ppp1r3c
GO:0005975	Ppp1r3e
GO:0005975	Prkaa1
GO:0005975	Prkag3
GO:0005975	Pygb
GO:0005975	Pygl
GO:0005975	Pygm
GO:0005975	Rbks
GO:0005975	Renbp
GO:0005975	Rpe
GO:0005975	Sec1
GO:0005975	Serp1
GO:0005975	Shpk
GO:0005975	Siae
GO:0005975	Slc2a8
GO:0005975	Slc3a1
GO:0005975	Slc3a2
GO:0005975	Snord32a
GO:0005975	Snord33
GO:0005975	Snord34
GO:0005975	Snord35a
GO:0005975	Spam1
GO:0005975	Spata20
GO:0005975	St6gal2
GO:0005975	St8sia6
GO:0005975	Stbd1
GO:0005975	Taldo1
GO:0005975	Tcf7l2
GO:0005975	Tfap2b
GO:0005975	Tigar
GO:0005975	Tkfc
GO:0005975	Tnf
GO:0005975	Tpi1
GO:0005975	Treh
GO:0005975	Ucp2
GO:0005975	Ugdh
GO:0005975	Usf1
GO:0005975	Wdtc1
GO:0005975	Xylb
GO:0005975	Ydjc
GO:0006006	Adipoq
GO:0006006	Adpgk
GO:0006006	Akt1
GO:0006006	Akt2
GO:0006006	Angptl8
GO:0006006	Apod
GO:0006006	Brat1
GO:0006006	Cbr2
GO:0006006	Cpt1a
GO:0006006	Dcxr
GO:0006006	Dlat
GO:0006006	Fabp5
GO:0006006	Fbn1
GO:0006006	G6pd2
GO:0006006	G6pdx
GO:0006006	Galm
GO:0006006	Ganc
GO:0006006	Gapdh
GO:0006006	Gapdhs
GO:0006006	Gck
GO:0006006	Gdf2
GO:0006006	Gdpgp1
GO:0006006	H6pd
GO:0006006	Hectd4
GO:0006006	Hk1
GO:0006006	Hk2
GO:0006006	Hk3
GO:0006006	Hkdc1
GO:0006006	Igf2
GO:0006006	Inppl1
GO:0006006	Ins1
GO:0006006	Ins2
GO:0006006	Kbtbd2
GO:0006006	Kcnj11
GO:0006006	Kcnq1
GO:0006006	Lep
GO:0006006	Mapk14
GO:0006006	Mir423
GO:0006006	Myc
GO:0006006	Nisch
GO:0006006	Npy1r
GO:0006006	Oas1a
GO:0006006	Oas1c
GO:0006006	Oas1d
GO:0006006	Oas1e
GO:0006006	Oas1f
GO:0006006	Oas1g
GO:0006006	Oas1h
GO:0006006	Oma1
GO:0006006	Onecut1
GO:0006006	Pck1
GO:0006006	Pdha1
GO:0006006	Pdha2
GO:0006006	Pdhb
GO:0006006	Pdk1
GO:0006006	Pdk2
GO:0006006	Pdk3
GO:0006006	Pdk4
GO:0006006	Pdx1
GO:0006006	Pgm1
GO:0006006	Pgm2
GO:0006006	Pgm2l1
GO:0006006	Pik3ca
GO:0006006	Pik3r1
GO:0006006	Pkm
GO:0006006	Ppara
GO:0006006	Prkaa1
GO:0006006	Serp1
GO:0006006	Slc2a8
GO:0006006	Snord32a
GO:0006006	Snord33
GO:0006006	Snord34
GO:0006006	Snord35a
GO:0006006	Tcf7l2
GO:0006006	Tfap2b
GO:0006006	Tnf
GO:0006006	Tpi1
GO:0006006	Usf1
GO:0006006	Wdtc1
GO:0006084	Acaa2
GO:0006084	Acaca
GO:0006084	Acacb
GO:0006084	Acly
GO:0006084	Acot12
GO:0006084	Cs
GO:0006084	Csl
GO:0006084	Fasn
GO:0006084	Hmgcs1
GO:0006084	Hmgcs2
GO:0006091	a
GO:0006091	Aass
GO:0006091	Acox1
GO:0006091	Adgrf1
GO:0006091	Adgrf5
GO:0006091	Bax
GO:0006091	Chchd5
GO:0006091	Coq10a
GO:0006091	Coq10b
GO:0006091	Crot
GO:0006091	Cyb5r4
GO:0006091	Cyc1
GO:0006091	Cyp1a2
GO:0006091	Dhtkd1
GO:0006091	Enpp1
GO:0006091	Gnas
GO:0006091	Gnpda1
GO:0006091	Kl
GO:0006091	Lep
GO:0006091	Lyrm7
GO:0006091	Mc4r
GO:0006091	Mrap2
GO:0006091	Mt3
GO:0006091	mt-Cytb
GO:0006091	Mtln
GO:0006091	Mtor
GO:0006091	Mup1
GO:0006091	Ndufs1
GO:0006091	Ndufs4
GO:0006091	Nfatc3
GO:0006091	Nfatc4
GO:0006091	Nr4a3
GO:0006091	Oxct2b
GO:0006091	Pomc
GO:0006091	Prlh
GO:0006091	S100b
GO:0006091	Sdhaf4
GO:0006091	Slc25a13
GO:0006091	Slc25a25
GO:0006091	Trex1
GO:0006091	Uqcr10
GO:0006091	Uqcr11
GO:0006091	Uqcrb
GO:0006091	Uqcrc1
GO:0006091	Uqcrc2
GO:0006091	Uqcrfs1
GO:0006091	Uqcrh
GO:0006091	Uqcrq
GO:0006091	Vgf
GO:0006096	Adpgk
GO:0006096	Aldoa
GO:0006096	Aldoart1
GO:0006096	Aldoart2
GO:0006096	Aldob
GO:0006096	Aldoc
GO:0006096	Bpgm
GO:0006096	Dhtkd1
GO:0006096	Eno1
GO:0006096	Eno1b
GO:0006096	Eno2
GO:0006096	Eno3
GO:0006096	Eno4
GO:0006096	Enpp1
GO:0006096	Gapdh
GO:0006096	Gapdhs
GO:0006096	Gck
GO:0006096	Gm10358
GO:0006096	Gm3839
GO:0006096	Gpi1
GO:0006096	Hk1
GO:0006096	Hk2
GO:0006096	Hk3
GO:0006096	Hkdc1
GO:0006096	Htr2a
GO:0006096	Ier3
GO:0006096	Ogdh
GO:0006096	Pfkfb2
GO:0006096	Pfkl
GO:0006096	Pfkm
GO:0006096	Pfkp
GO:0006096	Pgam1
GO:0006096	Pgam2
GO:0006096	Pgk1
GO:0006096	Pgk2
GO:0006096	Pklr
GO:0006096	Pkm
GO:0006096	Prkag3
GO:0006096	Tigar
GO:0006096	Tpi1
GO:0006096	Ucp2
GO:0006103	Aadat
GO:0006103	Dld
GO:0006103	Dlst
GO:0006103	Gpt2
GO:0006103	Idh1
GO:0006103	Idh3a
GO:0006103	Idh3b
GO:0006103	Idh3g
GO:0006103	Kyat3
GO:0006103	Mrps36
GO:0006103	Ogdh
GO:0006103	Ogdhl
GO:0006103	Phyh
GO:0006103	Tat
GO:0006109	Mtor
GO:0006109	Nr1h4
GO:0006112	Adgrf1
GO:0006112	Adgrf5
GO:0006112	Gnas
GO:0006112	Kl
GO:0006112	Lep
GO:0006112	Mc4r
GO:0006112	Mrap2
GO:0006112	Mt3
GO:0006112	Mtor
GO:0006112	Mup1
GO:0006112	Prlh
GO:0006112	S100b
GO:0006487	Alg10b
GO:0006487	Alg11
GO:0006487	Alg12
GO:0006487	Alg5
GO:0006487	Alg6
GO:0006487	Alg8
GO:0006487	Alg9
GO:0006487	B4galt1
GO:0006487	B4galt7
GO:0006487	Dad1
GO:0006487	Ddost
GO:0006487	Dolpp1
GO:0006487	Dpagt1
GO:0006487	Entpd5
GO:0006487	Ext2
GO:0006487	Fut4
GO:0006487	Fut8
GO:0006487	Fut9
GO:0006487	Gfpt1
GO:0006487	Gfpt2
GO:0006487	Gorasp1
GO:0006487	Krtcap2
GO:0006487	Magt1
GO:0006487	Mgat1
GO:0006487	Mgat2
GO:0006487	Mgat3
GO:0006487	Mgat4a
GO:0006487	Mgat4b
GO:0006487	Mgat4c
GO:0006487	Mgat4d
GO:0006487	Mgat4e
GO:0006487	Mgat4f
GO:0006487	Mgat5
GO:0006487	Mgat5b
GO:0006487	Mlec
GO:0006487	Mogs
GO:0006487	Ost4
GO:0006487	Ostc
GO:0006487	Pate6
GO:0006487	Pgm3
GO:0006487	Pmm1
GO:0006487	Pmm2
GO:0006487	Rpn1
GO:0006487	Rpn2
GO:0006487	Serpina1a
GO:0006487	Serpina1b
GO:0006487	Slc39a8
GO:0006487	Stt3a
GO:0006487	Stt3b
GO:0006487	Tmem165
GO:0006487	Tmem258
GO:0006505	Pgap1
GO:0006505	Pgap3
GO:0006505	Pigb
GO:0006520	Aadat
GO:0006520	Aasdh
GO:0006520	Abat
GO:0006520	Accs
GO:0006520	Accsl
GO:0006520	Acy1
GO:0006520	Adi1
GO:0006520	Agxt
GO:0006520	Aldh4a1
GO:0006520	Aldh5a1
GO:0006520	Aldh6a1
GO:0006520	Amdhd1
GO:0006520	Arg1
GO:0006520	Arg2
GO:0006520	Asl
GO:0006520	Asns
GO:0006520	Aspg
GO:0006520	Ass1
GO:0006520	Atf4
GO:0006520	Atp7a
GO:0006520	Azin2
GO:0006520	Bcat1
GO:0006520	Bcat2
GO:0006520	Cad
GO:0006520	Cbs
GO:0006520	Cps1
GO:0006520	Cth
GO:0006520	Ctps
GO:0006520	Ctps2
GO:0006520	Dao
GO:0006520	Ddah1
GO:0006520	Ddah2
GO:0006520	Ddc
GO:0006520	Ddo
GO:0006520	Dio1
GO:0006520	Dpep1
GO:0006520	Dpys
GO:0006520	Fah
GO:0006520	Fh1
GO:0006520	Ftcd
GO:0006520	Gclc
GO:0006520	Gclm
GO:0006520	Gfpt1
GO:0006520	Gfpt2
GO:0006520	Ggt5
GO:0006520	Gldc
GO:0006520	Gls
GO:0006520	Gls2
GO:0006520	Glud1
GO:0006520	Gmps
GO:0006520	Gnmt
GO:0006520	Got1
GO:0006520	Got1l1
GO:0006520	Got2
GO:0006520	Gstz1
GO:0006520	Hal
GO:0006520	Hdc
GO:0006520	Hgd
GO:0006520	Hnf4a
GO:0006520	Hpd
GO:0006520	Hpdl
GO:0006520	Htt
GO:0006520	Il4i1
GO:0006520	Ins1
GO:0006520	Ins2
GO:0006520	Iyd
GO:0006520	Kmo
GO:0006520	Kyat1
GO:0006520	Kyat3
GO:0006520	Mecp2
GO:0006520	Mmut
GO:0006520	Mthfd1
GO:0006520	Mthfr
GO:0006520	Mtr
GO:0006520	Mtrr
GO:0006520	Ndp
GO:0006520	Nit2
GO:0006520	Nox4
GO:0006520	Otc
GO:0006520	Pah
GO:0006520	Pcbd1
GO:0006520	Pfas
GO:0006520	Phgdh
GO:0006520	Pm20d1
GO:0006520	Ppat
GO:0006520	Prodh
GO:0006520	Prodh2
GO:0006520	Psph
GO:0006520	Sds
GO:0006520	Shmt1
GO:0006520	Shmt2
GO:0006520	Sirt4
GO:0006520	Slc16a2
GO:0006520	Slc25a2
GO:0006520	Slc38a1
GO:0006520	Slc39a8
GO:0006520	Slc7a7
GO:0006520	Spr
GO:0006520	Srr
GO:0006520	Tat
GO:0006520	Tdo2
GO:0006520	Th
GO:0006520	Thap4
GO:0006520	Tph1
GO:0006520	Tph2
GO:0006520	Ttc36
GO:0006520	Ucp2
GO:0006520	Upb1
GO:0006520	Uroc1
GO:0006521	Fh1
GO:0006521	Ins1
GO:0006521	Ins2
GO:0006521	Sirt4
GO:0006521	Slc7a7
GO:0006525	Arg1
GO:0006525	Arg2
GO:0006525	Asl
GO:0006525	Ddah1
GO:0006525	Ddah2
GO:0006525	Fh1
GO:0006525	Slc39a8
GO:0006525	Slc7a7
GO:0006528	Aspg
GO:0006528	Atf4
GO:0006528	Nit2
GO:0006534	Gclc
GO:0006534	Gclm
GO:0006541	Asns
GO:0006541	Cad
GO:0006541	Cps1
GO:0006541	Ctps
GO:0006541	Ctps2
GO:0006541	Gfpt1
GO:0006541	Gfpt2
GO:0006541	Gls
GO:0006541	Gls2
GO:0006541	Glud1
GO:0006541	Gmps
GO:0006541	Mecp2
GO:0006541	Nit2
GO:0006541	Pfas
GO:0006541	Phgdh
GO:0006541	Ppat
GO:0006541	Sirt4
GO:0006541	Slc38a1
GO:0006541	Ucp2
GO:0006547	Amdhd1
GO:0006547	Ftcd
GO:0006547	Hal
GO:0006547	Hdc
GO:0006547	Uroc1
GO:0006549	Bcat2
GO:0006551	Bcat2
GO:0006551	Dao
GO:0006555	Adi1
GO:0006555	Gnmt
GO:0006555	Mthfd1
GO:0006555	Mthfr
GO:0006555	Mtr
GO:0006558	Pah
GO:0006558	Pcbd1
GO:0006558	Spr
GO:0006560	Aldh4a1
GO:0006560	Prodh
GO:0006560	Prodh2
GO:0006563	Agxt
GO:0006563	Cbs
GO:0006563	Phgdh
GO:0006563	Psph
GO:0006563	Shmt1
GO:0006563	Shmt2
GO:0006563	Srr
GO:0006566	Phgdh
GO:0006568	Atp7a
GO:0006568	Tdo2
GO:0006570	Atp7a
GO:0006570	Hgd
GO:0006570	Iyd
GO:0006570	Thap4
GO:0006570	Ttc36
GO:0006573	Aldh6a1
GO:0006573	Bcat2
GO:0006575	Bhmt
GO:0006575	Bhmt1b
GO:0006575	Kyat1
GO:0006577	Bhmt
GO:0006577	Bhmt1b
GO:0006591	Azin2
GO:0006591	Hnf4a
GO:0006591	Otc
GO:0006591	Slc25a2
GO:0006603	Ckm
GO:0006603	Ckmt2
GO:0006629	A3galt2
GO:0006629	A4galt
GO:0006629	Aacs
GO:0006629	Aadac
GO:0006629	Aasdh
GO:0006629	Abca1
GO:0006629	Abca17
GO:0006629	Abca2
GO:0006629	Abca5
GO:0006629	Abca7
GO:0006629	Abcd2
GO:0006629	Abcg1
GO:0006629	Abhd11
GO:0006629	Abhd12
GO:0006629	Abhd15
GO:0006629	Abhd16a
GO:0006629	Abhd2
GO:0006629	Abhd3
GO:0006629	Abhd4
GO:0006629	Abhd5
GO:0006629	Abhd6
GO:0006629	Acaa1a
GO:0006629	Acaa1b
GO:0006629	Acaa2
GO:0006629	Acaca
GO:0006629	Acacb
GO:0006629	Acad11
GO:0006629	Acad8
GO:0006629	Acadl
GO:0006629	Acadm
GO:0006629	Acads
GO:0006629	Acadsb
GO:0006629	Acadvl
GO:0006629	Acap1
GO:0006629	Acat1
GO:0006629	Acbd3
GO:0006629	Acer1
GO:0006629	Acer2
GO:0006629	Acer3
GO:0006629	Acly
GO:0006629	Acnat1
GO:0006629	Acnat2
GO:0006629	Acot1
GO:0006629	Acot11
GO:0006629	Acot12
GO:0006629	Acot13
GO:0006629	Acot2
GO:0006629	Acot3
GO:0006629	Acot4
GO:0006629	Acot5
GO:0006629	Acot6
GO:0006629	Acot7
GO:0006629	Acot8
GO:0006629	Acox1
GO:0006629	Acox2
GO:0006629	Acox3
GO:0006629	Acp6
GO:0006629	Acpp
GO:0006629	Acsbg1
GO:0006629	Acsbg2
GO:0006629	Acsf2
GO:0006629	Acsf3
GO:0006629	Acsl1
GO:0006629	Acsl3
GO:0006629	Acsl4
GO:0006629	Acsl5
GO:0006629	Acsl6
GO:0006629	Acsm1
GO:0006629	Acsm2
GO:0006629	Acsm3
GO:0006629	Acsm4
GO:0006629	Acsm5
GO:0006629	Acss1
GO:0006629	Acss2
GO:0006629	Acss3
GO:0006629	Adgrf1
GO:0006629	Adgrf5
GO:0006629	Adh4
GO:0006629	Adh5
GO:0006629	Adh7
GO:0006629	Adhfe1
GO:0006629	Adipor1
GO:0006629	Adipor2
GO:0006629	Adtrp
GO:0006629	Agk
GO:0006629	Agmo
GO:0006629	Agpat1
GO:0006629	Agpat2
GO:0006629	Agpat3
GO:0006629	Agpat4
GO:0006629	Agpat5
GO:0006629	Agps
GO:0006629	Aig1
GO:0006629	Akr1a1
GO:0006629	Akr1b3
GO:0006629	Akr1b7
GO:0006629	Akr1c21
GO:0006629	Akr1c6
GO:0006629	Akr1d1
GO:0006629	Akr7a5
GO:0006629	Aldh1a1
GO:0006629	Aldh1a2
GO:0006629	Aldh1a3
GO:0006629	Aldh3a1
GO:0006629	Aldh3a2
GO:0006629	Aldh3b1
GO:0006629	Aldh3b2
GO:0006629	Alms1
GO:0006629	Alox12
GO:0006629	Alox12b
GO:0006629	Alox12e
GO:0006629	Alox15
GO:0006629	Alox5
GO:0006629	Alox8
GO:0006629	Aloxe3
GO:0006629	Angptl3
GO:0006629	Angptl4
GO:0006629	Angptl8
GO:0006629	Ankrd26
GO:0006629	Ano9
GO:0006629	Aoah
GO:0006629	Aox1
GO:0006629	Aplp2
GO:0006629	Apoa1
GO:0006629	Apoa2
GO:0006629	Apoa4
GO:0006629	Apob
GO:0006629	Apobr
GO:0006629	Apoc1
GO:0006629	Apoc2
GO:0006629	Apoc2l
GO:0006629	Apoc3
GO:0006629	Apod
GO:0006629	Apoe
GO:0006629	Apof
GO:0006629	Apon
GO:0006629	App
GO:0006629	Arsa
GO:0006629	Arv1
GO:0006629	Asah1
GO:0006629	Asah2
GO:0006629	Asmt
GO:0006629	Aspg
GO:0006629	Atf2
GO:0006629	Atp5a1
GO:0006629	Atp5b
GO:0006629	Awat1
GO:0006629	Awat2
GO:0006629	B3galnt1
GO:0006629	B3galt1
GO:0006629	B3galt2
GO:0006629	B3galt4
GO:0006629	B3galt5
GO:0006629	B3gnt5
GO:0006629	B4galnt1
GO:0006629	B4galt1
GO:0006629	B4galt3
GO:0006629	B4galt4
GO:0006629	B4galt5
GO:0006629	B4galt6
GO:0006629	Baat
GO:0006629	Bbs1
GO:0006629	Bbs4
GO:0006629	Bcat1
GO:0006629	Bcat2
GO:0006629	Bckdhb
GO:0006629	Bcl11b
GO:0006629	Bco1
GO:0006629	Bco2
GO:0006629	Bdh1
GO:0006629	Bdh2
GO:0006629	Bltp1
GO:0006629	Brca1
GO:0006629	Bscl2
GO:0006629	C1qtnf2
GO:0006629	C3
GO:0006629	Cat
GO:0006629	Cbr1
GO:0006629	Cbr4
GO:0006629	Ccdc3
GO:0006629	Cdipt
GO:0006629	Cds1
GO:0006629	Cds2
GO:0006629	Cebpa
GO:0006629	Cel
GO:0006629	Cept1
GO:0006629	Cerk
GO:0006629	Cers2
GO:0006629	Cers3
GO:0006629	Cers4
GO:0006629	Cers5
GO:0006629	Cers6
GO:0006629	Ces1a
GO:0006629	Ces1b
GO:0006629	Ces1c
GO:0006629	Ces1d
GO:0006629	Ces1e
GO:0006629	Ces1f
GO:0006629	Ces1g
GO:0006629	Ces1h
GO:0006629	Ces2c
GO:0006629	Ch25h
GO:0006629	Chka
GO:0006629	Chkb
GO:0006629	Chpt1
GO:0006629	Chst10
GO:0006629	Cidea
GO:0006629	Cln6
GO:0006629	Cln8
GO:0006629	Clps
GO:0006629	Cnep1r1
GO:0006629	Cnr1
GO:0006629	Comt
GO:0006629	Cox10
GO:0006629	Cpt1a
GO:0006629	Cpt1b
GO:0006629	Cpt1c
GO:0006629	Cpt2
GO:0006629	Crat
GO:0006629	Crk
GO:0006629	Crkl
GO:0006629	Crls1
GO:0006629	Crot
GO:0006629	Cth
GO:0006629	Cubn
GO:0006629	Cyb5r1
GO:0006629	Cyb5r2
GO:0006629	Cyb5r3
GO:0006629	Cyp11a1
GO:0006629	Cyp11b1
GO:0006629	Cyp11b2
GO:0006629	Cyp17a1
GO:0006629	Cyp19a1
GO:0006629	Cyp1a1
GO:0006629	Cyp1a2
GO:0006629	Cyp1b1
GO:0006629	Cyp24a1
GO:0006629	Cyp26a1
GO:0006629	Cyp26b1
GO:0006629	Cyp27a1
GO:0006629	Cyp27b1
GO:0006629	Cyp2c23
GO:0006629	Cyp2c29
GO:0006629	Cyp2c37
GO:0006629	Cyp2c38
GO:0006629	Cyp2c39
GO:0006629	Cyp2c40
GO:0006629	Cyp2e1
GO:0006629	Cyp2r1
GO:0006629	Cyp2s1
GO:0006629	Cyp2u1
GO:0006629	Cyp2w1
GO:0006629	Cyp39a1
GO:0006629	Cyp46a1
GO:0006629	Cyp4a10
GO:0006629	Cyp4f18
GO:0006629	Cyp4v3
GO:0006629	Cyp4x1
GO:0006629	Cyp51
GO:0006629	Cyp7a1
GO:0006629	Cyp7b1
GO:0006629	Cyp8b1
GO:0006629	Dagla
GO:0006629	Daglb
GO:0006629	Ddhd1
GO:0006629	Ddhd2
GO:0006629	Decr1
GO:0006629	Decr2
GO:0006629	Degs1
GO:0006629	Degs2
GO:0006629	Dgat1
GO:0006629	Dgat2
GO:0006629	Dgat2l6
GO:0006629	Dgka
GO:0006629	Dgkb
GO:0006629	Dgkd
GO:0006629	Dgke
GO:0006629	Dgkg
GO:0006629	Dgkh
GO:0006629	Dgki
GO:0006629	Dgkq
GO:0006629	Dgkz
GO:0006629	Dhcr24
GO:0006629	Dhcr7
GO:0006629	Dhdds
GO:0006629	Dhrs11
GO:0006629	Dhrs3
GO:0006629	Dhrs9
GO:0006629	Dio2
GO:0006629	Disp3
GO:0006629	Dnajc15
GO:0006629	Dolk
GO:0006629	Dpep1
GO:0006629	Dpep2
GO:0006629	Drd3
GO:0006629	Ebp
GO:0006629	Ech1
GO:0006629	Echdc2
GO:0006629	Echdc3
GO:0006629	Echs1
GO:0006629	Eci1
GO:0006629	Ehhadh
GO:0006629	Elovl1
GO:0006629	Elovl2
GO:0006629	Elovl3
GO:0006629	Elovl4
GO:0006629	Elovl5
GO:0006629	Elovl6
GO:0006629	Elovl7
GO:0006629	Enpp2
GO:0006629	Enpp6
GO:0006629	Enpp7
GO:0006629	Ephx1
GO:0006629	Ephx2
GO:0006629	Ephx3
GO:0006629	Erg28
GO:0006629	Erlin1
GO:0006629	Erlin2
GO:0006629	Etnk1
GO:0006629	Etnk2
GO:0006629	Fa2h
GO:0006629	Faah
GO:0006629	Fabp5
GO:0006629	Fads1
GO:0006629	Fads2
GO:0006629	Fads2b
GO:0006629	Fads3
GO:0006629	Fads6
GO:0006629	Fah
GO:0006629	Fam135a
GO:0006629	Fam135b
GO:0006629	Far1
GO:0006629	Far2
GO:0006629	Fasn
GO:0006629	Fdft1
GO:0006629	Fdps
GO:0006629	Fdx1
GO:0006629	Fdxr
GO:0006629	Fech
GO:0006629	Fgfr4
GO:0006629	Fgl1
GO:0006629	Fitm1
GO:0006629	Fitm2
GO:0006629	Fmo5
GO:0006629	Fntb
GO:0006629	Foxa2
GO:0006629	Fuca1
GO:0006629	Fut1
GO:0006629	Fut2
GO:0006629	Fut9
GO:0006629	Gal3st1
GO:0006629	Galc
GO:0006629	Gata6
GO:0006629	Gba
GO:0006629	Gba2
GO:0006629	Gde1
GO:0006629	Gdpd1
GO:0006629	Gdpd2
GO:0006629	Gdpd3
GO:0006629	Gdpd4
GO:0006629	Gdpd5
GO:0006629	Ggps1
GO:0006629	Gla
GO:0006629	Glyatl3
GO:0006629	Gm2a
GO:0006629	Gnpat
GO:0006629	Golm1
GO:0006629	Gpam
GO:0006629	Gpat2
GO:0006629	Gpat3
GO:0006629	Gpat4
GO:0006629	Gpcpd1
GO:0006629	Gpd1
GO:0006629	Gpld1
GO:0006629	Gpr39
GO:0006629	Gps2
GO:0006629	Gpx1
GO:0006629	Gpx4
GO:0006629	Gsta3
GO:0006629	Gstm1
GO:0006629	Gstm2
GO:0006629	Gstm4
GO:0006629	Gstp1
GO:0006629	Hacd1
GO:0006629	Hacd2
GO:0006629	Hacd3
GO:0006629	Hacd4
GO:0006629	Hacl1
GO:0006629	Hadh
GO:0006629	Hadha
GO:0006629	Hadhb
GO:0006629	Hao2
GO:0006629	Hdlbp
GO:0006629	Hexa
GO:0006629	Hexb
GO:0006629	Hint2
GO:0006629	Hmgcl
GO:0006629	Hmgcll1
GO:0006629	Hmgcr
GO:0006629	Hmgcs1
GO:0006629	Hmgcs2
GO:0006629	Hnf1a
GO:0006629	Hnf4a
GO:0006629	Hpgd
GO:0006629	Hpgds
GO:0006629	Hsd11b1
GO:0006629	Hsd11b2
GO:0006629	Hsd17b1
GO:0006629	Hsd17b10
GO:0006629	Hsd17b11
GO:0006629	Hsd17b12
GO:0006629	Hsd17b2
GO:0006629	Hsd17b3
GO:0006629	Hsd17b4
GO:0006629	Hsd17b6
GO:0006629	Hsd17b7
GO:0006629	Hsd17b8
GO:0006629	Hsd3b1
GO:0006629	Hsd3b2
GO:0006629	Hsd3b5
GO:0006629	Hsd3b7
GO:0006629	Iah1
GO:0006629	Id2
GO:0006629	Idi2
GO:0006629	Idi2l
GO:0006629	Il1b
GO:0006629	Il1rn
GO:0006629	Il4
GO:0006629	Ilvbl
GO:0006629	Inpp4a
GO:0006629	Inpp4b
GO:0006629	Inpp5b
GO:0006629	Inpp5d
GO:0006629	Inpp5e
GO:0006629	Inpp5k
GO:0006629	Inppl1
GO:0006629	Insig1
GO:0006629	Insig2
GO:0006629	Ip6k2
GO:0006629	Ipmk
GO:0006629	Isyna1
GO:0006629	Jazf1
GO:0006629	Kbtbd2
GO:0006629	Kdsr
GO:0006629	Lactb
GO:0006629	Lbr
GO:0006629	Lcat
GO:0006629	Lclat1
GO:0006629	Ldlr
GO:0006629	Ldlrap1
GO:0006629	Lep
GO:0006629	Lepr
GO:0006629	Lima1
GO:0006629	Lipa
GO:0006629	Lipc
GO:0006629	Lipe
GO:0006629	Lipf
GO:0006629	Lipg
GO:0006629	Liph
GO:0006629	Lipk
GO:0006629	Lipm
GO:0006629	Lipn
GO:0006629	Lpcat1
GO:0006629	Lpcat2
GO:0006629	Lpcat2b
GO:0006629	Lpcat3
GO:0006629	Lpcat4
GO:0006629	Lpgat1
GO:0006629	Lpin1
GO:0006629	Lpin2
GO:0006629	Lpin3
GO:0006629	Lpl
GO:0006629	Lrat
GO:0006629	Lrp1
GO:0006629	Lrp10
GO:0006629	Lrp5
GO:0006629	Lsr
GO:0006629	Lss
GO:0006629	Ltc4s
GO:0006629	Lypla1
GO:0006629	Lypla2
GO:0006629	Lyst
GO:0006629	Macroh2a1
GO:0006629	Mblac2
GO:0006629	Mboat1
GO:0006629	Mboat2
GO:0006629	Mboat7
GO:0006629	Mbtps1
GO:0006629	Mcat
GO:0006629	Mecr
GO:0006629	Met2
GO:0006629	Mgll
GO:0006629	Mgst2
GO:0006629	Mgst3
GO:0006629	Mid1ip1
GO:0006629	Mir423
GO:0006629	Mlycd
GO:0006629	Mogat1
GO:0006629	Mogat2
GO:0006629	Msmo1
GO:0006629	Mtln
GO:0006629	Mtm1
GO:0006629	Mtmr1
GO:0006629	Mtmr2
GO:0006629	Mtmr3
GO:0006629	Mtmr6
GO:0006629	Mtmr7
GO:0006629	Mttp
GO:0006629	Mup1
GO:0006629	Mvd
GO:0006629	Mvk
GO:0006629	Naa40
GO:0006629	Naaa
GO:0006629	Naga
GO:0006629	Napepld
GO:0006629	Nceh1
GO:0006629	Ncoa2
GO:0006629	Ndufab1
GO:0006629	Neu1
GO:0006629	Neu2
GO:0006629	Neu3
GO:0006629	Neu4
GO:0006629	Nfe2l1
GO:0006629	Nkx1-1
GO:0006629	Nkx2-1
GO:0006629	Npc1
GO:0006629	Npc1l1
GO:0006629	Npc2
GO:0006629	Nphp3
GO:0006629	Nr1d1
GO:0006629	Nr1d2
GO:0006629	Nr1h2
GO:0006629	Nr1h3
GO:0006629	Nsdhl
GO:0006629	Nus1
GO:0006629	Oc90
GO:0006629	Ocrl
GO:0006629	Olah
GO:0006629	Oma1
GO:0006629	Opa3
GO:0006629	Osbpl10
GO:0006629	Oxct1
GO:0006629	Oxsm
GO:0006629	Pafah1b1
GO:0006629	Pafah1b2
GO:0006629	Pafah1b3
GO:0006629	Pafah2
GO:0006629	Pam
GO:0006629	Pcca
GO:0006629	Pck1
GO:0006629	Pcsk9
GO:0006629	Pctp
GO:0006629	Pcx
GO:0006629	Pcyt1a
GO:0006629	Pcyt1b
GO:0006629	Pcyt2
GO:0006629	Pdss1
GO:0006629	Pdss2
GO:0006629	Pecr
GO:0006629	Peds1
GO:0006629	Pemt
GO:0006629	Pex5
GO:0006629	Pgap1
GO:0006629	Pgap3
GO:0006629	Pgap6
GO:0006629	Pgs1
GO:0006629	Pi4k2a
GO:0006629	Pi4k2b
GO:0006629	Pi4ka
GO:0006629	Pi4kb
GO:0006629	Piga
GO:0006629	Pigb
GO:0006629	Pigl
GO:0006629	Pik3c2a
GO:0006629	Pik3c2g
GO:0006629	Pik3c3
GO:0006629	Pik3cb
GO:0006629	Pik3cd
GO:0006629	Pik3cg
GO:0006629	Pikfyve
GO:0006629	Pip4k2a
GO:0006629	Pip4k2b
GO:0006629	Pip4k2c
GO:0006629	Pip4p1
GO:0006629	Pip4p2
GO:0006629	Pip5k1a
GO:0006629	Pip5k1b
GO:0006629	Pip5k1c
GO:0006629	Pip5kl1
GO:0006629	Pisd
GO:0006629	Pla1a
GO:0006629	Pla2g10
GO:0006629	Pla2g12a
GO:0006629	Pla2g12b
GO:0006629	Pla2g15
GO:0006629	Pla2g1b
GO:0006629	Pla2g2a
GO:0006629	Pla2g2c
GO:0006629	Pla2g2d
GO:0006629	Pla2g2e
GO:0006629	Pla2g2f
GO:0006629	Pla2g3
GO:0006629	Pla2g4a
GO:0006629	Pla2g4c
GO:0006629	Pla2g4d
GO:0006629	Pla2g4e
GO:0006629	Pla2g4f
GO:0006629	Pla2g5
GO:0006629	Pla2g6
GO:0006629	Pla2g7
GO:0006629	Plaat1
GO:0006629	Plaat3
GO:0006629	Plaat5
GO:0006629	Plagl2
GO:0006629	Plb1
GO:0006629	Plbd1
GO:0006629	Plbd2
GO:0006629	Plcb1
GO:0006629	Plcb2
GO:0006629	Plcb3
GO:0006629	Plcd1
GO:0006629	Plcd3
GO:0006629	Plcd4
GO:0006629	Plce1
GO:0006629	Plcg1
GO:0006629	Plcg2
GO:0006629	Plch1
GO:0006629	Plch2
GO:0006629	Plcl1
GO:0006629	Plcl2
GO:0006629	Plcxd1
GO:0006629	Plcxd2
GO:0006629	Plcxd3
GO:0006629	Plcz1
GO:0006629	Pld1
GO:0006629	Pld2
GO:0006629	Pld6
GO:0006629	Plin1
GO:0006629	Plin5
GO:0006629	Plpp1
GO:0006629	Plpp2
GO:0006629	Plpp3
GO:0006629	Plpp4
GO:0006629	Plpp5
GO:0006629	Plpp6
GO:0006629	Plppr1
GO:0006629	Plppr2
GO:0006629	Plppr3
GO:0006629	Plppr4
GO:0006629	Plppr5
GO:0006629	Pltp
GO:0006629	Pm20d1
GO:0006629	Pmp22
GO:0006629	Pmvk
GO:0006629	Pnlip
GO:0006629	Pnliprp1
GO:0006629	Pnliprp2
GO:0006629	Pnpla1
GO:0006629	Pnpla2
GO:0006629	Pnpla3
GO:0006629	Pnpla5
GO:0006629	Pnpla6
GO:0006629	Pnpla7
GO:0006629	Pnpla8
GO:0006629	Pon1
GO:0006629	Ppara
GO:0006629	Ppard
GO:0006629	Pparg
GO:0006629	Prdx6
GO:0006629	Prkaa1
GO:0006629	Prkaa2
GO:0006629	Prkab1
GO:0006629	Prkab2
GO:0006629	Prkag1
GO:0006629	Prkag2
GO:0006629	Prkag3
GO:0006629	Prkce
GO:0006629	Prlh
GO:0006629	Proca1
GO:0006629	Prxl2b
GO:0006629	Psap
GO:0006629	Psapl1
GO:0006629	Ptdss1
GO:0006629	Ptdss2
GO:0006629	Pten
GO:0006629	Ptgds
GO:0006629	Ptges
GO:0006629	Ptges2
GO:0006629	Ptges3
GO:0006629	Ptgis
GO:0006629	Ptgr1
GO:0006629	Ptgr2
GO:0006629	Ptgs1
GO:0006629	Ptgs2
GO:0006629	Ptpmt1
GO:0006629	Ptpn11
GO:0006629	Ptpn22
GO:0006629	Ptprn2
GO:0006629	Rab7
GO:0006629	Rdh10
GO:0006629	Rdh11
GO:0006629	Rdh12
GO:0006629	Rdh13
GO:0006629	Rdh14
GO:0006629	Rdh16
GO:0006629	Rdh5
GO:0006629	Retsat
GO:0006629	Rida
GO:0006629	Rnf213
GO:0006629	Rpe65
GO:0006629	Rubcnl
GO:0006629	Saa1
GO:0006629	Sacm1l
GO:0006629	Samd8
GO:0006629	Sc5d
GO:0006629	Scap
GO:0006629	Scd1
GO:0006629	Scd2
GO:0006629	Scd3
GO:0006629	Scd4
GO:0006629	Scly
GO:0006629	Scp2
GO:0006629	Sds
GO:0006629	Sdsl
GO:0006629	Sec1
GO:0006629	Selenoi
GO:0006629	Serac1
GO:0006629	Serinc1
GO:0006629	Serinc4
GO:0006629	Serinc5
GO:0006629	Sftpb
GO:0006629	Sgms1
GO:0006629	Sgms2
GO:0006629	Sgpl1
GO:0006629	Sgpp1
GO:0006629	Sgpp2
GO:0006629	Sirt6
GO:0006629	Slc16a1
GO:0006629	Slc16a11
GO:0006629	Slc27a1
GO:0006629	Slc27a2
GO:0006629	Slc27a3
GO:0006629	Slc27a4
GO:0006629	Slc27a5
GO:0006629	Slc27a6
GO:0006629	Smpd1
GO:0006629	Smpd2
GO:0006629	Smpd3
GO:0006629	Smpd4
GO:0006629	Smpd5
GO:0006629	Smpdl3b
GO:0006629	Snca
GO:0006629	Soat1
GO:0006629	Soat2
GO:0006629	Sphk1
GO:0006629	Sphk2
GO:0006629	Sptlc1
GO:0006629	Sptlc2
GO:0006629	Sptlc3
GO:0006629	Sptssa
GO:0006629	Sptssb
GO:0006629	Sqle
GO:0006629	Srd5a1
GO:0006629	Srd5a2
GO:0006629	Srd5a3
GO:0006629	Srebf1
GO:0006629	Srebf2
GO:0006629	St3gal1
GO:0006629	St3gal2
GO:0006629	St3gal4
GO:0006629	St3gal5
GO:0006629	St3gal6
GO:0006629	St6galnac3
GO:0006629	St6galnac4
GO:0006629	St6galnac5
GO:0006629	St6galnac6
GO:0006629	St8sia1
GO:0006629	St8sia5
GO:0006629	St8sia6
GO:0006629	Star
GO:0006629	Sts
GO:0006629	Sult1a1
GO:0006629	Sult1d1
GO:0006629	Sult1e1
GO:0006629	Sult2a1
GO:0006629	Sult2a2
GO:0006629	Sult2a3
GO:0006629	Sult2a4
GO:0006629	Sult2a5
GO:0006629	Sult2a6
GO:0006629	Sult2a7
GO:0006629	Sult2a8
GO:0006629	Sult2b1
GO:0006629	Sult4a1
GO:0006629	Synj2
GO:0006629	Tafazzin
GO:0006629	Tamm41
GO:0006629	Tbxas1
GO:0006629	Tecr
GO:0006629	Tecrl
GO:0006629	Them4
GO:0006629	Them5
GO:0006629	Thrb
GO:0006629	Thrsp
GO:0006629	Tlcd3b
GO:0006629	Tm6sf2
GO:0006629	Tm7sf2
GO:0006629	Tmem86b
GO:0006629	Tnfaip8l3
GO:0006629	Tnfsf4
GO:0006629	Tnxb
GO:0006629	Trem2
GO:0006629	Trpv1
GO:0006629	Tsku
GO:0006629	Ttc39b
GO:0006629	Ugcg
GO:0006629	Ugt1a1
GO:0006629	Ugt1a9
GO:0006629	Ugt2a1
GO:0006629	Ugt2a2
GO:0006629	Ugt2b5
GO:0006629	Ugt8a
GO:0006629	Umod
GO:0006629	Vldlr
GO:0006629	Wnt10b
GO:0006629	Xbp1
GO:0006629	Zadh2
GO:0006629	Zfp125
GO:0006629	Zfp69
GO:0006629	Zmpste24
GO:0006638	Abca17
GO:0006638	Snca
GO:0006643	Agmo
GO:0006643	Fut2
GO:0006643	Pgap1
GO:0006643	Pgap3
GO:0006643	Pigb
GO:0006643	Psap
GO:0006643	St3gal6
GO:0006644	Acp6
GO:0006644	Agpat4
GO:0006644	Alox8
GO:0006644	Angptl3
GO:0006644	Apoa1
GO:0006644	Aspg
GO:0006644	Cln8
GO:0006644	Cyp2w1
GO:0006644	Enpp2
GO:0006644	Gata6
GO:0006644	Gde1
GO:0006644	Gdpd1
GO:0006644	Gdpd3
GO:0006644	Lcat
GO:0006644	Lpcat4
GO:0006644	Lyst
GO:0006644	Met2
GO:0006644	Napepld
GO:0006644	Nkx2-1
GO:0006644	Oc90
GO:0006644	Pcsk9
GO:0006644	Pgap1
GO:0006644	Pgap3
GO:0006644	Pigb
GO:0006644	Pla2g10
GO:0006644	Pla2g12a
GO:0006644	Pla2g12b
GO:0006644	Pla2g1b
GO:0006644	Pla2g2a
GO:0006644	Pla2g2c
GO:0006644	Pla2g2d
GO:0006644	Pla2g2e
GO:0006644	Pla2g2f
GO:0006644	Pla2g3
GO:0006644	Pla2g5
GO:0006644	Plaat3
GO:0006644	Plb1
GO:0006644	Plpp1
GO:0006644	Plpp2
GO:0006644	Plpp3
GO:0006644	Plpp4
GO:0006644	Plpp5
GO:0006644	Plppr1
GO:0006644	Plppr2
GO:0006644	Plppr3
GO:0006644	Plppr4
GO:0006644	Plppr5
GO:0006644	Pnliprp2
GO:0006644	Proca1
GO:0006644	Snca
GO:0006644	Tafazzin
GO:0006644	Tnxb
GO:0006664	Fut2
GO:0006664	Pgap1
GO:0006664	Pgap3
GO:0006664	Pigb
GO:0006664	Psap
GO:0006664	St3gal6
GO:0006743	Aifm2
GO:0006743	Hmgcr
GO:0006743	Nqo1
GO:0008203	Abca1
GO:0008203	Abca2
GO:0008203	Abca5
GO:0008203	Abcg1
GO:0008203	Angptl3
GO:0008203	Aplp2
GO:0008203	Apoa1
GO:0008203	Apoa2
GO:0008203	Apoa4
GO:0008203	Apob
GO:0008203	Apobr
GO:0008203	Apoc1
GO:0008203	Apoc3
GO:0008203	Apoe
GO:0008203	Apof
GO:0008203	Apon
GO:0008203	App
GO:0008203	Arv1
GO:0008203	Cat
GO:0008203	Cebpa
GO:0008203	Ces1a
GO:0008203	Ces1b
GO:0008203	Ces1c
GO:0008203	Ces1d
GO:0008203	Ces1e
GO:0008203	Ces1f
GO:0008203	Ces1g
GO:0008203	Ces1h
GO:0008203	Ch25h
GO:0008203	Cln6
GO:0008203	Cln8
GO:0008203	Cubn
GO:0008203	Cyb5r3
GO:0008203	Cyp11a1
GO:0008203	Cyp11b1
GO:0008203	Cyp11b2
GO:0008203	Cyp27a1
GO:0008203	Cyp46a1
GO:0008203	Cyp51
GO:0008203	Cyp7a1
GO:0008203	Cyp7b1
GO:0008203	Dhcr24
GO:0008203	Dhcr7
GO:0008203	Disp3
GO:0008203	Ebp
GO:0008203	Erlin1
GO:0008203	Erlin2
GO:0008203	Fdft1
GO:0008203	Fdps
GO:0008203	Fdx1
GO:0008203	Fdxr
GO:0008203	Fech
GO:0008203	Fgl1
GO:0008203	Gba
GO:0008203	Gba2
GO:0008203	Hdlbp
GO:0008203	Hmgcr
GO:0008203	Hmgcs1
GO:0008203	Hmgcs2
GO:0008203	Hnf1a
GO:0008203	Idi2
GO:0008203	Idi2l
GO:0008203	Il4
GO:0008203	Insig1
GO:0008203	Insig2
GO:0008203	Lbr
GO:0008203	Lcat
GO:0008203	Ldlr
GO:0008203	Ldlrap1
GO:0008203	Lep
GO:0008203	Lepr
GO:0008203	Lima1
GO:0008203	Lipc
GO:0008203	Lipe
GO:0008203	Lrp1
GO:0008203	Lrp5
GO:0008203	Mbtps1
GO:0008203	Msmo1
GO:0008203	Mttp
GO:0008203	Mvd
GO:0008203	Mvk
GO:0008203	Nfe2l1
GO:0008203	Npc1
GO:0008203	Npc1l1
GO:0008203	Npc2
GO:0008203	Nsdhl
GO:0008203	Pcsk9
GO:0008203	Pctp
GO:0008203	Pip4p1
GO:0008203	Pmp22
GO:0008203	Pmvk
GO:0008203	Pon1
GO:0008203	Prkaa1
GO:0008203	Prkaa2
GO:0008203	Saa1
GO:0008203	Scap
GO:0008203	Smpd1
GO:0008203	Soat1
GO:0008203	Soat2
GO:0008203	Sqle
GO:0008203	Srebf1
GO:0008203	Srebf2
GO:0008203	Sult2a1
GO:0008203	Sult2a2
GO:0008203	Sult2a3
GO:0008203	Sult2a4
GO:0008203	Sult2a5
GO:0008203	Sult2a6
GO:0008203	Sult2a7
GO:0008203	Sult2a8
GO:0008203	Sult2b1
GO:0008203	Tm7sf2
GO:0008203	Tnfsf4
GO:0008203	Tsku
GO:0008203	Vldlr
GO:0008653	Aoah
GO:0009069	Agxt
GO:0009069	Cbs
GO:0009069	Dao
GO:0009069	Gclc
GO:0009069	Gclm
GO:0009069	Mthfd1
GO:0009069	Ndp
GO:0009069	Phgdh
GO:0009069	Psph
GO:0009069	Shmt1
GO:0009069	Shmt2
GO:0009069	Srr
GO:0009072	Atp7a
GO:0009072	Fah
GO:0009072	Gstz1
GO:0009072	Hgd
GO:0009072	Hpd
GO:0009072	Hpdl
GO:0009072	Il4i1
GO:0009072	Iyd
GO:0009072	Pah
GO:0009072	Pcbd1
GO:0009072	Spr
GO:0009072	Tat
GO:0009072	Tdo2
GO:0009072	Th
GO:0009072	Thap4
GO:0009072	Tph1
GO:0009072	Tph2
GO:0009072	Ttc36
GO:0009081	Aldh6a1
GO:0009081	Bcat1
GO:0009081	Bcat2
GO:0009081	Dao
GO:0009448	Abat
GO:0009448	Aldh5a1
GO:0009448	Phgdh
GO:0009758	Slc2a2
GO:0015139	Slc13a2
GO:0015139	Slc13a3
GO:0015139	Slc25a11
GO:0015139	Slc25a21
GO:0016051	B3gat2
GO:0016051	Chst10
GO:0016051	Chst11
GO:0016051	Chst12
GO:0016051	Chst14
GO:0016051	Chst8
GO:0016051	Chst9
GO:0016051	Nans
GO:0016051	Parp1
GO:0016051	St8sia6
GO:0016052	Adpgk
GO:0016052	Aldoa
GO:0016052	Aldoart1
GO:0016052	Aldoart2
GO:0016052	Aldob
GO:0016052	Aldoc
GO:0016052	Bpgm
GO:0016052	Dera
GO:0016052	Dhtkd1
GO:0016052	Eno1
GO:0016052	Eno1b
GO:0016052	Eno2
GO:0016052	Eno3
GO:0016052	Eno4
GO:0016052	Enpp1
GO:0016052	Gapdh
GO:0016052	Gapdhs
GO:0016052	Gck
GO:0016052	Gm10358
GO:0016052	Gm3839
GO:0016052	Gpi1
GO:0016052	Hk1
GO:0016052	Hk2
GO:0016052	Hk3
GO:0016052	Hkdc1
GO:0016052	Htr2a
GO:0016052	Ier3
GO:0016052	Naga
GO:0016052	Ogdh
GO:0016052	Pfkfb2
GO:0016052	Pfkl
GO:0016052	Pfkm
GO:0016052	Pfkp
GO:0016052	Pgam1
GO:0016052	Pgam2
GO:0016052	Pgk1
GO:0016052	Pgk2
GO:0016052	Pklr
GO:0016052	Pkm
GO:0016052	Prkag3
GO:0016052	Tigar
GO:0016052	Tpi1
GO:0016052	Ucp2
GO:0019216	Abca7
GO:0019216	Acer1
GO:0019216	Adgrf1
GO:0019216	Adgrf5
GO:0019216	Adipor1
GO:0019216	Angptl3
GO:0019216	Angptl4
GO:0019216	Angptl8
GO:0019216	Ankrd26
GO:0019216	Apoc1
GO:0019216	Apoc2
GO:0019216	Apoc2l
GO:0019216	Apoc3
GO:0019216	Bbs4
GO:0019216	Bcl11b
GO:0019216	C1qtnf2
GO:0019216	Ccdc3
GO:0019216	Cers2
GO:0019216	Cnr1
GO:0019216	Disp3
GO:0019216	Dnajc15
GO:0019216	Drd3
GO:0019216	Fgfr4
GO:0019216	Foxa2
GO:0019216	Golm1
GO:0019216	Gpr39
GO:0019216	Gps2
GO:0019216	Hnf4a
GO:0019216	Id2
GO:0019216	Il1b
GO:0019216	Lactb
GO:0019216	Lsr
GO:0019216	Macroh2a1
GO:0019216	Mup1
GO:0019216	Ncoa2
GO:0019216	Nfe2l1
GO:0019216	Nr1d1
GO:0019216	Nr1d2
GO:0019216	Opa3
GO:0019216	Plcg2
GO:0019216	Ppara
GO:0019216	Ppard
GO:0019216	Pparg
GO:0019216	Prkaa2
GO:0019216	Prkce
GO:0019216	Psap
GO:0019216	Psapl1
GO:0019216	Rnf213
GO:0019216	Rubcnl
GO:0019216	Sirt6
GO:0019216	Thrb
GO:0019216	Tm6sf2
GO:0019216	Tnfaip8l3
GO:0019216	Trem2
GO:0019216	Zfp69
GO:0019216	Zmpste24
GO:0019482	Aasdh
GO:0019482	Dpys
GO:0019482	Upb1
GO:0019530	Baat
GO:0019530	Cdo1
GO:0019530	Csad
GO:0019530	Fmo1
GO:0019530	Fmo3
GO:0019530	Ghr
GO:0019530	Phgdh
GO:0019530	Stat5a
GO:0019530	Stat5b
GO:0030201	Naglu
GO:0030201	Sgsh
GO:0030201	Sulf1
GO:0030201	Sulf2
GO:0031335	Cacna1a
GO:0042157	Abca1
GO:0042157	Angptl8
GO:0042157	Apoa1
GO:0042157	Apoa2
GO:0042157	Apoa4
GO:0042157	Apoa5
GO:0042157	Apob
GO:0042157	Apobec1
GO:0042157	Apoc1
GO:0042157	Apoc3
GO:0042157	Apoe
GO:0042157	Apom
GO:0042157	Dgat2
GO:0042157	Itgav
GO:0042157	Itgb3
GO:0042157	Lcat
GO:0042157	Ldlr
GO:0042157	Lipg
GO:0042157	Mttp
GO:0042157	Npc1l1
GO:0042157	Olr1
GO:0042157	Pcsk9
GO:0042157	Pemt
GO:0042157	Ppara
GO:0042412	Csad
GO:0042412	Fmo1
GO:0042412	Fmo3
GO:0044255	Abca17
GO:0044255	Abhd11
GO:0044255	Abhd15
GO:0044255	Acp6
GO:0044255	Agmo
GO:0044255	Agpat4
GO:0044255	Akr1b7
GO:0044255	Alox8
GO:0044255	Angptl3
GO:0044255	Angptl8
GO:0044255	Aoah
GO:0044255	Apoa1
GO:0044255	Aspg
GO:0044255	Atf2
GO:0044255	Bbs1
GO:0044255	Cln8
GO:0044255	Cyp2w1
GO:0044255	Dgat1
GO:0044255	Dgka
GO:0044255	Dgkb
GO:0044255	Dgkg
GO:0044255	Dgkq
GO:0044255	Dgkz
GO:0044255	Dio2
GO:0044255	Enpp2
GO:0044255	Fam135a
GO:0044255	Fam135b
GO:0044255	Fut2
GO:0044255	Gal3st1
GO:0044255	Gata6
GO:0044255	Gde1
GO:0044255	Gdpd1
GO:0044255	Gdpd3
GO:0044255	Gnpat
GO:0044255	Gpam
GO:0044255	Gpat2
GO:0044255	Gpd1
GO:0044255	Inppl1
GO:0044255	Lcat
GO:0044255	Lipe
GO:0044255	Lpcat4
GO:0044255	Lpin1
GO:0044255	Lyst
GO:0044255	Met2
GO:0044255	Mtln
GO:0044255	Napepld
GO:0044255	Nceh1
GO:0044255	Nkx2-1
GO:0044255	Nr1h2
GO:0044255	Nr1h3
GO:0044255	Oc90
GO:0044255	Pcsk9
GO:0044255	Pex5
GO:0044255	Pgap1
GO:0044255	Pgap3
GO:0044255	Pigb
GO:0044255	Pla2g10
GO:0044255	Pla2g12a
GO:0044255	Pla2g12b
GO:0044255	Pla2g1b
GO:0044255	Pla2g2a
GO:0044255	Pla2g2c
GO:0044255	Pla2g2d
GO:0044255	Pla2g2e
GO:0044255	Pla2g2f
GO:0044255	Pla2g3
GO:0044255	Pla2g5
GO:0044255	Plaat1
GO:0044255	Plaat3
GO:0044255	Plb1
GO:0044255	Plpp1
GO:0044255	Plpp2
GO:0044255	Plpp3
GO:0044255	Plpp4
GO:0044255	Plpp5
GO:0044255	Plppr1
GO:0044255	Plppr2
GO:0044255	Plppr3
GO:0044255	Plppr4
GO:0044255	Plppr5
GO:0044255	Pm20d1
GO:0044255	Pmp22
GO:0044255	Pnliprp2
GO:0044255	Proca1
GO:0044255	Psap
GO:0044255	Scap
GO:0044255	Snca
GO:0044255	St3gal6
GO:0044255	Star
GO:0044255	Tafazzin
GO:0044255	Tmem86b
GO:0044255	Tnxb
GO:0044255	Zfp125
GO:0044255	Zmpste24
GO:0044262	Glb1
GO:0044262	Rpe
GO:0044262	Tkfc
GO:0045333	Bax
GO:0045333	Chchd5
GO:0045333	Coq10a
GO:0045333	Coq10b
GO:0045333	Cyc1
GO:0045333	Cyp1a2
GO:0045333	Lyrm7
GO:0045333	mt-Cytb
GO:0045333	Mtln
GO:0045333	Ndufs1
GO:0045333	Ndufs4
GO:0045333	Nfatc3
GO:0045333	Nfatc4
GO:0045333	Nr4a3
GO:0045333	Sdhaf4
GO:0045333	Slc25a13
GO:0045333	Slc25a25
GO:0045333	Uqcr10
GO:0045333	Uqcr11
GO:0045333	Uqcrb
GO:0045333	Uqcrc1
GO:0045333	Uqcrc2
GO:0045333	Uqcrfs1
GO:0045333	Uqcrh
GO:0045333	Uqcrq
GO:0045833	Apoc1
GO:0045833	Apoc2
GO:0045833	Apoc2l
GO:0045833	Apoc3
GO:0045833	Ccdc3
GO:0045833	Il1b
GO:0045834	Angptl3
GO:0045834	Angptl4
GO:0045834	Disp3
GO:0045834	Mup1
GO:0046416	Dao
GO:0046416	Ddo
GO:0046416	Srr
GO:0046485	Agmo
GO:0046485	Lipe
GO:0046485	Nceh1
GO:0046485	Plaat1
GO:0046485	Plaat3
GO:0046485	Tmem86b
GO:0046486	Dgat1
GO:0046486	Dgka
GO:0046486	Dgkb
GO:0046486	Dgkg
GO:0046486	Dgkq
GO:0046486	Dgkz
GO:0046486	Gal3st1
GO:0046486	Gpd1
GO:0046486	Pgap1
GO:0046486	Pgap3
GO:0046486	Pigb
GO:0046950	Oxct1
GO:0046950	Oxct2a
GO:0046950	Oxct2b
GO:0050667	Cbs
GO:0050667	Cps1
GO:0050667	Cth
GO:0050667	Dpep1
GO:0050667	Mmut
GO:0050667	Mthfr
GO:0050667	Mtr
GO:0050667	Mtrr
GO:0050667	Nox4
GO:0050746	Angptl8
GO:0050746	Dgat2
GO:0050746	Itgav
GO:0050746	Itgb3
GO:0050746	Lipg
GO:0050746	Pemt
GO:0050747	Pemt
GO:0050748	Itgav
GO:0050748	Itgb3
GO:0070178	Dao
GO:0070178	Srr
GO:0070189	Aadat
GO:0070189	Kmo
GO:0070189	Kyat1
GO:0070189	Kyat3
GO:0070212	Enpp1
GO:0070212	Parp1
GO:0070212	Parp10
GO:0070212	Parp14
GO:0070212	Parp2
GO:0070212	Tnks
GO:0070212	Tnks2
GO:0070982	Atf4
GO:0097052	Kmo
GO:0097052	Kyat1
GO:0106074	Aarsd1
GO:0106074	Dtd2
GO:0120009	Apoa1
GO:0120009	Cert1
GO:0120009	Cptp
GO:0120009	Esyt1
GO:0120009	Gltp
GO:0120009	Gltpd2
GO:0120009	Plekha8
GO:0120009	Ttpa
GO:0120009	Uhrf1bp1l
GO:0120012	Cert1
GO:1901135	Adpgk
GO:1901135	Aldoa
GO:1901135	Aldoart1
GO:1901135	Aldoart2
GO:1901135	Aldob
GO:1901135	Aldoc
GO:1901135	Bpgm
GO:1901135	Dhtkd1
GO:1901135	Eno1
GO:1901135	Eno1b
GO:1901135	Eno2
GO:1901135	Eno3
GO:1901135	Eno4
GO:1901135	Enpp1
GO:1901135	Fut2
GO:1901135	Gapdh
GO:1901135	Gapdhs
GO:1901135	Gck
GO:1901135	Gckr
GO:1901135	Gfpt1
GO:1901135	Gfpt2
GO:1901135	Gm10358
GO:1901135	Gm3839
GO:1901135	Gpi1
GO:1901135	Hk1
GO:1901135	Hk2
GO:1901135	Hk3
GO:1901135	Hkdc1
GO:1901135	Htr2a
GO:1901135	Ier3
GO:1901135	Ogdh
GO:1901135	Pfkfb2
GO:1901135	Pfkl
GO:1901135	Pfkm
GO:1901135	Pfkp
GO:1901135	Pgam1
GO:1901135	Pgam2
GO:1901135	Pgk1
GO:1901135	Pgk2
GO:1901135	Pklr
GO:1901135	Pkm
GO:1901135	Prkag3
GO:1901135	Psap
GO:1901135	St3gal6
GO:1901135	Tigar
GO:1901135	Tpi1
GO:1901135	Ucp2
GO:1901605	Aadat
GO:1901605	Adi1
GO:1901605	Agxt
GO:1901605	Aldh4a1
GO:1901605	Aldh6a1
GO:1901605	Arg1
GO:1901605	Arg2
GO:1901605	Asl
GO:1901605	Asns
GO:1901605	Aspg
GO:1901605	Ass1
GO:1901605	Atf4
GO:1901605	Atp7a
GO:1901605	Azin2
GO:1901605	Bcat2
GO:1901605	Cad
GO:1901605	Cbs
GO:1901605	Cps1
GO:1901605	Cth
GO:1901605	Ctps
GO:1901605	Ctps2
GO:1901605	Dao
GO:1901605	Ddah1
GO:1901605	Ddah2
GO:1901605	Ddo
GO:1901605	Dpep1
GO:1901605	Fh1
GO:1901605	Gclc
GO:1901605	Gclm
GO:1901605	Gfpt1
GO:1901605	Gfpt2
GO:1901605	Gls
GO:1901605	Gls2
GO:1901605	Glud1
GO:1901605	Gmps
GO:1901605	Gnmt
GO:1901605	Hgd
GO:1901605	Hnf4a
GO:1901605	Htt
GO:1901605	Iyd
GO:1901605	Kmo
GO:1901605	Kyat1
GO:1901605	Kyat3
GO:1901605	Mecp2
GO:1901605	Mmut
GO:1901605	Mthfd1
GO:1901605	Mthfr
GO:1901605	Mtr
GO:1901605	Mtrr
GO:1901605	Ndp
GO:1901605	Nit2
GO:1901605	Nox4
GO:1901605	Otc
GO:1901605	Pah
GO:1901605	Pcbd1
GO:1901605	Pfas
GO:1901605	Phgdh
GO:1901605	Ppat
GO:1901605	Prodh
GO:1901605	Prodh2
GO:1901605	Psph
GO:1901605	Shmt1
GO:1901605	Shmt2
GO:1901605	Sirt4
GO:1901605	Slc25a2
GO:1901605	Slc38a1
GO:1901605	Slc39a8
GO:1901605	Slc7a7
GO:1901605	Spr
GO:1901605	Srr
GO:1901605	Tdo2
GO:1901605	Thap4
GO:1901605	Ttc36
GO:1901605	Ucp2
