GO:0002193	Maml1
GO:0002193	Notch1
GO:0002193	Rbpj
GO:0003402	Prickle1
GO:0003402	Sfrp1
GO:0003402	Sfrp2
GO:0003402	Sfrp5
GO:0003402	Vangl2
GO:0003402	Wnt11
GO:0003402	Wnt5a
GO:0005112	Aak1
GO:0005112	Adam17
GO:0005112	Atrnl1
GO:0005112	Ccn3
GO:0005112	Chac1
GO:0005112	Cul3
GO:0005112	Dlk2
GO:0005112	Dll1
GO:0005112	Dll3
GO:0005112	Dll4
GO:0005112	Dner
GO:0005112	Dtx1
GO:0005112	Egfl7
GO:0005112	Galnt11
GO:0005112	Hif1an
GO:0005112	Jag1
GO:0005112	Jag2
GO:0005112	Kctd10
GO:0005112	Megf10
GO:0005112	Ncor2
GO:0005112	Notch1
GO:0005112	Notch4
GO:0005112	Sned1
GO:0005112	Snw1
GO:0005112	Tcim
GO:0005113	Bbs1
GO:0005113	Ccnb1
GO:0005113	Dhh
GO:0005113	Ihh
GO:0005113	Ptch1
GO:0005113	Shh
GO:0005113	Smo
GO:0005119	Bbs1
GO:0005119	Ptch1
GO:0005119	Ptch2
GO:0005119	Tmed2
GO:0007219	Aak1
GO:0007219	Adam10
GO:0007219	Adam17
GO:0007219	Agxt
GO:0007219	Akt1s1
GO:0007219	Angpt4
GO:0007219	Anxa4
GO:0007219	Aph1a
GO:0007219	Aph1b
GO:0007219	Aph1c
GO:0007219	App
GO:0007219	Arrb1
GO:0007219	Arrdc1
GO:0007219	Ascl1
GO:0007219	Atoh1
GO:0007219	Bcl6
GO:0007219	Bend6
GO:0007219	Bmp2
GO:0007219	Bmp2k
GO:0007219	Bmp7
GO:0007219	Cbfa2t2
GO:0007219	Ccn3
GO:0007219	Ccnc
GO:0007219	Cd46
GO:0007219	Cdh6
GO:0007219	Cdk6
GO:0007219	Cdkn1b
GO:0007219	Cebpa
GO:0007219	Cfap58
GO:0007219	Cfd
GO:0007219	Chac1
GO:0007219	Cntn1
GO:0007219	Cntn6
GO:0007219	Dicer1
GO:0007219	Dlk1
GO:0007219	Dlk2
GO:0007219	Dll1
GO:0007219	Dll3
GO:0007219	Dll4
GO:0007219	Dlx1
GO:0007219	Dlx2
GO:0007219	Dner
GO:0007219	Dtx1
GO:0007219	Dtx2
GO:0007219	Dtx3
GO:0007219	Dtx3l
GO:0007219	Dtx4
GO:0007219	Egfl7
GO:0007219	Enho
GO:0007219	Epn1
GO:0007219	Epn2
GO:0007219	Etv2
GO:0007219	Eya1
GO:0007219	Fat4
GO:0007219	Fbxw7
GO:0007219	Fgf10
GO:0007219	Foxa1
GO:0007219	Foxa2
GO:0007219	Foxc1
GO:0007219	Foxc2
GO:0007219	Galnt11
GO:0007219	Gas2
GO:0007219	Gata2
GO:0007219	Gdpd5
GO:0007219	Got1
GO:0007219	Grip2
GO:0007219	Gsx2
GO:0007219	Hes1
GO:0007219	Hes5
GO:0007219	Hes7
GO:0007219	Hey1
GO:0007219	Hey2
GO:0007219	Heyl
GO:0007219	Hhex
GO:0007219	Hif1an
GO:0007219	Hnf1b
GO:0007219	Hoxd3
GO:0007219	Hp
GO:0007219	Ift172
GO:0007219	Ift74
GO:0007219	Ift88
GO:0007219	Il17a
GO:0007219	Il2ra
GO:0007219	Il6st
GO:0007219	Itgb1bp1
GO:0007219	Jag1
GO:0007219	Jag2
GO:0007219	Kcna5
GO:0007219	Kctd10
GO:0007219	Kit
GO:0007219	Krt19
GO:0007219	Lfng
GO:0007219	Llgl1
GO:0007219	Llgl2
GO:0007219	Maml1
GO:0007219	Maml2
GO:0007219	Maml3
GO:0007219	Mecp2
GO:0007219	Mesp1
GO:0007219	Mesp2
GO:0007219	Mfng
GO:0007219	Mib1
GO:0007219	Mib2
GO:0007219	Mmp14
GO:0007219	Ncstn
GO:0007219	Nepro
GO:0007219	Neurl1a
GO:0007219	Neurl1b
GO:0007219	Neurod4
GO:0007219	Nfkbia
GO:0007219	Nkap
GO:0007219	Nle1
GO:0007219	Nod2
GO:0007219	Notch1
GO:0007219	Notch2
GO:0007219	Notch3
GO:0007219	Notch4
GO:0007219	Nr0b2
GO:0007219	Nr1h4
GO:0007219	Nrarp
GO:0007219	Nrip2
GO:0007219	Numb
GO:0007219	Onecut1
GO:0007219	Ovol2
GO:0007219	Pdcd10
GO:0007219	Perp
GO:0007219	Pgam2
GO:0007219	Pln
GO:0007219	Pofut1
GO:0007219	Poglut1
GO:0007219	Postn
GO:0007219	Prag1
GO:0007219	Psen1
GO:0007219	Psen2
GO:0007219	Psenen
GO:0007219	Ptp4a3
GO:0007219	Rbm15
GO:0007219	Rbpj
GO:0007219	Rcan2
GO:0007219	Reck
GO:0007219	Rfng
GO:0007219	Rian
GO:0007219	Ripply1
GO:0007219	Ripply2
GO:0007219	Rita1
GO:0007219	Rps19
GO:0007219	S1pr3
GO:0007219	Sel1l
GO:0007219	Six1
GO:0007219	Slc35c1
GO:0007219	Slc35c2
GO:0007219	Snai2
GO:0007219	Sorbs2
GO:0007219	Sox2
GO:0007219	Sox9
GO:0007219	Spen
GO:0007219	Src
GO:0007219	Stat3
GO:0007219	Susd5
GO:0007219	Synj2bp
GO:0007219	Tbx2
GO:0007219	Tcim
GO:0007219	Tgfb1
GO:0007219	Tgfb2
GO:0007219	Tgfbr2
GO:0007219	Timp4
GO:0007219	Tmem100
GO:0007219	Traf7
GO:0007219	Trp63
GO:0007219	Tspan14
GO:0007219	Tspan15
GO:0007219	Tspan5
GO:0007219	Tspear
GO:0007219	Wdr12
GO:0007219	Wnt1
GO:0007219	Xirp1
GO:0007219	Yap1
GO:0007219	Zbtb7a
GO:0007219	Zfp423
GO:0007219	Zmiz1
GO:0007220	Adam10
GO:0007220	Adam17
GO:0007220	Aph1a
GO:0007220	Aph1b
GO:0007220	Aph1c
GO:0007220	Dner
GO:0007220	Ncstn
GO:0007220	Psen1
GO:0007220	Psen2
GO:0007220	Psenen
GO:0007221	Maml1
GO:0007221	Maml2
GO:0007221	Maml3
GO:0007221	Notch1
GO:0007221	Rbm15
GO:0007221	Rbpj
GO:0007223	Fzd2
GO:0007223	Fzd4
GO:0007223	Ror2
GO:0007223	Wnt5a
GO:0007224	2700049A03Rik
GO:0007224	Actrt1
GO:0007224	Arl13b
GO:0007224	Arl3
GO:0007224	Arl6
GO:0007224	Armc9
GO:0007224	B9d1
GO:0007224	Bbs7
GO:0007224	Boc
GO:0007224	C2cd3
GO:0007224	Cc2d2a
GO:0007224	Cd3e
GO:0007224	Cdon
GO:0007224	Cenpj
GO:0007224	Cfap410
GO:0007224	Chrd
GO:0007224	Chsy1
GO:0007224	Cibar1
GO:0007224	Cluap1
GO:0007224	Cplane2
GO:0007224	Ctnna1
GO:0007224	Dcdc2a
GO:0007224	Dhh
GO:0007224	Disp1
GO:0007224	Disp2
GO:0007224	Dlg5
GO:0007224	Dync2h1
GO:0007224	Dyrk2
GO:0007224	Dzip1
GO:0007224	Dzip1l
GO:0007224	Enpp1
GO:0007224	Evc
GO:0007224	Evc2
GO:0007224	Ext1
GO:0007224	Fbxl17
GO:0007224	Fgf10
GO:0007224	Fgf9
GO:0007224	Fgfr2
GO:0007224	Fgfr3
GO:0007224	Fkbp8
GO:0007224	Foxa1
GO:0007224	Foxa2
GO:0007224	Foxf1
GO:0007224	Fuz
GO:0007224	Gas1
GO:0007224	Gas8
GO:0007224	Gli1
GO:0007224	Gli2
GO:0007224	Gli3
GO:0007224	Glis2
GO:0007224	Gpc2
GO:0007224	Gpc3
GO:0007224	Gpr37l1
GO:0007224	Herc4
GO:0007224	Hes1
GO:0007224	Hes5
GO:0007224	Hhat
GO:0007224	Hhip
GO:0007224	Hipk1
GO:0007224	Hipk2
GO:0007224	Hspb11
GO:0007224	Hspg2
GO:0007224	Ift122
GO:0007224	Ift140
GO:0007224	Ift172
GO:0007224	Ift20
GO:0007224	Ift27
GO:0007224	Ift46
GO:0007224	Ift52
GO:0007224	Ift57
GO:0007224	Ift80
GO:0007224	Ift81
GO:0007224	Ift88
GO:0007224	Ihh
GO:0007224	Intu
GO:0007224	Iqub
GO:0007224	Kctd11
GO:0007224	Kctd21
GO:0007224	Kctd6
GO:0007224	Kif3a
GO:0007224	Kif7
GO:0007224	Map3k10
GO:0007224	Megf8
GO:0007224	Mgrn1
GO:0007224	Mks1
GO:0007224	Mosmo
GO:0007224	Ndp
GO:0007224	Ndst1
GO:0007224	Nkx2-2
GO:0007224	Nkx6-1
GO:0007224	Nog
GO:0007224	Nsdhl
GO:0007224	Pax6
GO:0007224	Pdcl
GO:0007224	Pdx1
GO:0007224	Pkd2l1
GO:0007224	Por
GO:0007224	Prrx1
GO:0007224	Prrx2
GO:0007224	Ptch1
GO:0007224	Ptch2
GO:0007224	Ptchd1
GO:0007224	Ptpdc1
GO:0007224	Rab23
GO:0007224	Rab34
GO:0007224	Rack1
GO:0007224	Rb1
GO:0007224	Ro60
GO:0007224	Ror2
GO:0007224	Rora
GO:0007224	Rpgrip1l
GO:0007224	Runx2
GO:0007224	Sall1
GO:0007224	Sall3
GO:0007224	Scube1
GO:0007224	Scube2
GO:0007224	Scube3
GO:0007224	Septin2
GO:0007224	Serpine2
GO:0007224	Sfrp1
GO:0007224	Shh
GO:0007224	Shox2
GO:0007224	Skor2
GO:0007224	Smo
GO:0007224	Stil
GO:0007224	Stk36
GO:0007224	Sufu
GO:0007224	Tbc1d32
GO:0007224	Tctn1
GO:0007224	Tctn2
GO:0007224	Tctn3
GO:0007224	Tedc1
GO:0007224	Tedc2
GO:0007224	Tgfbr2
GO:0007224	Tmed2
GO:0007224	Tmem17
GO:0007224	Tmem231
GO:0007224	Ttbk2
GO:0007224	Ttc21b
GO:0007224	Ttc23
GO:0007224	Ttc26
GO:0007224	Tuba1a
GO:0007224	Tubd1
GO:0007224	Tulp3
GO:0007224	Txndc15
GO:0007224	Uchl5
GO:0007224	Ulk3
GO:0007224	Vcp
GO:0007224	Wdpcp
GO:0007224	Wdr11
GO:0007224	Wdr19
GO:0007224	Wnt10b
GO:0007224	Wnt7b
GO:0007224	Wnt9a
GO:0007224	Zic1
GO:0007224	Zic3
GO:0007225	Disp1
GO:0007227	Ift122
GO:0007227	Shh
GO:0007227	Smo
GO:0007227	Stk36
GO:0007228	Shh
GO:0007228	Smo
GO:0007228	Stk36
GO:0008158	B9d1
GO:0008158	Ptch1
GO:0008158	Ptch2
GO:0008589	Actrt1
GO:0008589	Arl6
GO:0008589	Armc9
GO:0008589	C2cd3
GO:0008589	Cd3e
GO:0008589	Chsy1
GO:0008589	Cibar1
GO:0008589	Ctnna1
GO:0008589	Dcdc2a
GO:0008589	Dhh
GO:0008589	Dlg5
GO:0008589	Dync2h1
GO:0008589	Enpp1
GO:0008589	Evc
GO:0008589	Fbxl17
GO:0008589	Fgf10
GO:0008589	Fgf9
GO:0008589	Fgfr2
GO:0008589	Fgfr3
GO:0008589	Foxa1
GO:0008589	Foxa2
GO:0008589	Fuz
GO:0008589	Gas1
GO:0008589	Gas8
GO:0008589	Gli1
GO:0008589	Gli2
GO:0008589	Gli3
GO:0008589	Glis2
GO:0008589	Gpc3
GO:0008589	Gpr37l1
GO:0008589	Herc4
GO:0008589	Hhip
GO:0008589	Ift122
GO:0008589	Ift140
GO:0008589	Ift172
GO:0008589	Ift81
GO:0008589	Ihh
GO:0008589	Intu
GO:0008589	Kctd11
GO:0008589	Kctd21
GO:0008589	Kctd6
GO:0008589	Kif7
GO:0008589	Megf8
GO:0008589	Mgrn1
GO:0008589	Mks1
GO:0008589	Mosmo
GO:0008589	Ndst1
GO:0008589	Pdcl
GO:0008589	Por
GO:0008589	Prrx1
GO:0008589	Prrx2
GO:0008589	Ptch1
GO:0008589	Ptch2
GO:0008589	Rab23
GO:0008589	Rab34
GO:0008589	Rack1
GO:0008589	Rb1
GO:0008589	Rora
GO:0008589	Rpgrip1l
GO:0008589	Runx2
GO:0008589	Sall1
GO:0008589	Sall3
GO:0008589	Scube1
GO:0008589	Scube2
GO:0008589	Scube3
GO:0008589	Serpine2
GO:0008589	Sfrp1
GO:0008589	Shh
GO:0008589	Shox2
GO:0008589	Skor2
GO:0008589	Smo
GO:0008589	Stk36
GO:0008589	Sufu
GO:0008589	Tctn1
GO:0008589	Tedc1
GO:0008589	Tedc2
GO:0008589	Tmed2
GO:0008589	Ttbk2
GO:0008589	Ttc21b
GO:0008589	Ttc23
GO:0008589	Tubd1
GO:0008589	Tulp3
GO:0008589	Txndc15
GO:0008589	Uchl5
GO:0008589	Ulk3
GO:0008589	Vcp
GO:0008589	Wdr11
GO:0008589	Wnt7b
GO:0008589	Wnt9a
GO:0008589	Zic1
GO:0008593	Aak1
GO:0008593	Adam10
GO:0008593	Arrb1
GO:0008593	Arrdc1
GO:0008593	Ascl1
GO:0008593	Bcl6
GO:0008593	Bend6
GO:0008593	Bmp2k
GO:0008593	Bmp7
GO:0008593	Cbfa2t2
GO:0008593	Ccn3
GO:0008593	Ccnc
GO:0008593	Cd46
GO:0008593	Chac1
GO:0008593	Cntn6
GO:0008593	Dicer1
GO:0008593	Dlk1
GO:0008593	Dlk2
GO:0008593	Dll1
GO:0008593	Dll3
GO:0008593	Dll4
GO:0008593	Dlx1
GO:0008593	Dlx2
GO:0008593	Dtx1
GO:0008593	Egfl7
GO:0008593	Enho
GO:0008593	Epn2
GO:0008593	Eya1
GO:0008593	Fgf10
GO:0008593	Galnt11
GO:0008593	Gas2
GO:0008593	Gata2
GO:0008593	Gdpd5
GO:0008593	Gsx2
GO:0008593	Hes1
GO:0008593	Hes5
GO:0008593	Hey1
GO:0008593	Hey2
GO:0008593	Hif1an
GO:0008593	Il6st
GO:0008593	Itgb1bp1
GO:0008593	Jag1
GO:0008593	Jag2
GO:0008593	Kctd10
GO:0008593	Kit
GO:0008593	Lfng
GO:0008593	Llgl1
GO:0008593	Llgl2
GO:0008593	Mesp1
GO:0008593	Mfng
GO:0008593	Mmp14
GO:0008593	Nepro
GO:0008593	Neurl1a
GO:0008593	Nfkbia
GO:0008593	Nod2
GO:0008593	Notch1
GO:0008593	Notch4
GO:0008593	Nrarp
GO:0008593	Numb
GO:0008593	Ovol2
GO:0008593	Pdcd10
GO:0008593	Pofut1
GO:0008593	Poglut1
GO:0008593	Postn
GO:0008593	Prag1
GO:0008593	Reck
GO:0008593	Rfng
GO:0008593	Rian
GO:0008593	Rita1
GO:0008593	Slc35c1
GO:0008593	Slc35c2
GO:0008593	Sox2
GO:0008593	Src
GO:0008593	Stat3
GO:0008593	Synj2bp
GO:0008593	Tcim
GO:0008593	Tgfb2
GO:0008593	Trp63
GO:0008593	Tspan14
GO:0008593	Tspan15
GO:0008593	Tspan5
GO:0008593	Tspear
GO:0008593	Wnt1
GO:0008593	Yap1
GO:0008593	Zbtb7a
GO:0008593	Zmiz1
GO:0016055	2210016L21Rik
GO:0016055	Abl1
GO:0016055	Abl2
GO:0016055	Adgra2
GO:0016055	Adnp
GO:0016055	Aida
GO:0016055	Amer1
GO:0016055	Amer2
GO:0016055	Amer3
GO:0016055	Amfr
GO:0016055	Amotl1
GO:0016055	Amotl2
GO:0016055	Ankrd6
GO:0016055	Apc
GO:0016055	Apc2
GO:0016055	Apcdd1
GO:0016055	Apoe
GO:0016055	App
GO:0016055	Arl6
GO:0016055	Arntl
GO:0016055	Aspm
GO:0016055	Atp6ap2
GO:0016055	Atp6v0c
GO:0016055	Atp6v1c2
GO:0016055	Axin1
GO:0016055	Axin2
GO:0016055	Bambi
GO:0016055	Barx1
GO:0016055	Bcl7b
GO:0016055	Bcl9
GO:0016055	Bcl9l
GO:0016055	Bicc1
GO:0016055	Bmp2
GO:0016055	Brd7
GO:0016055	Btrc
GO:0016055	Calcoco1
GO:0016055	Caprin2
GO:0016055	Cav1
GO:0016055	Cby1
GO:0016055	Ccar2
GO:0016055	Ccdc88c
GO:0016055	Ccn4
GO:0016055	Ccnd1
GO:0016055	Ccne1
GO:0016055	Ccny
GO:0016055	Ccnyl1
GO:0016055	Cd44
GO:0016055	Cdc73
GO:0016055	Cdh1
GO:0016055	Cdh2
GO:0016055	Cdh3
GO:0016055	Cdk14
GO:0016055	Cela1
GO:0016055	Celsr2
GO:0016055	Celsr3
GO:0016055	Cer1
GO:0016055	Chd8
GO:0016055	Cmah
GO:0016055	Col1a1
GO:0016055	Cpe
GO:0016055	Cpz
GO:0016055	Crbn
GO:0016055	Csnk1a1
GO:0016055	Csnk1d
GO:0016055	Csnk1e
GO:0016055	Csnk1g1
GO:0016055	Csnk1g2
GO:0016055	Csnk1g3
GO:0016055	Csnk2a1
GO:0016055	Csnk2a2
GO:0016055	Csnk2b
GO:0016055	Ctdnep1
GO:0016055	Cthrc1
GO:0016055	Ctnnb1
GO:0016055	Ctnnbip1
GO:0016055	Ctnnd1
GO:0016055	Ctnnd2
GO:0016055	Ctr9
GO:0016055	Cul3
GO:0016055	Cxxc4
GO:0016055	Cyld
GO:0016055	D1Pas1
GO:0016055	Daam1
GO:0016055	Daam2
GO:0016055	Dab2
GO:0016055	Dab2ip
GO:0016055	Dact1
GO:0016055	Dact2
GO:0016055	Dact3
GO:0016055	Dapk3
GO:0016055	Dcdc2a
GO:0016055	Ddb1
GO:0016055	Ddit3
GO:0016055	Ddx3x
GO:0016055	Depdc1b
GO:0016055	Disc1
GO:0016055	Dixdc1
GO:0016055	Dkk1
GO:0016055	Dkk2
GO:0016055	Dkk3
GO:0016055	Dkk4
GO:0016055	Dkkl1
GO:0016055	Dlx3
GO:0016055	Dlx5
GO:0016055	Draxin
GO:0016055	Drd2
GO:0016055	Dvl1
GO:0016055	Dvl2
GO:0016055	Dvl3
GO:0016055	Eda
GO:0016055	Edn1
GO:0016055	Ednra
GO:0016055	Ednrb
GO:0016055	Egf
GO:0016055	Egfr
GO:0016055	Egr1
GO:0016055	Emd
GO:0016055	Enpp1
GO:0016055	Epm2a
GO:0016055	Etv2
GO:0016055	Ext1
GO:0016055	Fam53b
GO:0016055	Fbxw11
GO:0016055	Fbxw4
GO:0016055	Fermt1
GO:0016055	Fermt2
GO:0016055	Fgf10
GO:0016055	Fgf2
GO:0016055	Fgf9
GO:0016055	Fgfr2
GO:0016055	Fgfr3
GO:0016055	Folr1
GO:0016055	Foxd1
GO:0016055	Foxl1
GO:0016055	Foxo1
GO:0016055	Foxo3
GO:0016055	Frat1
GO:0016055	Frat2
GO:0016055	Frmd8
GO:0016055	Frzb
GO:0016055	Fuz
GO:0016055	Fzd1
GO:0016055	Fzd10
GO:0016055	Fzd2
GO:0016055	Fzd3
GO:0016055	Fzd4
GO:0016055	Fzd5
GO:0016055	Fzd6
GO:0016055	Fzd7
GO:0016055	Fzd8
GO:0016055	Fzd9
GO:0016055	G3bp1
GO:0016055	Gid8
GO:0016055	Gli1
GO:0016055	Gli3
GO:0016055	Gnaq
GO:0016055	Gpc3
GO:0016055	Gpc4
GO:0016055	Gpc5
GO:0016055	Gprc5b
GO:0016055	Grb10
GO:0016055	Grem1
GO:0016055	Grk5
GO:0016055	Grk6
GO:0016055	Gsc
GO:0016055	Gsdma3
GO:0016055	Gsk3a
GO:0016055	Gsk3b
GO:0016055	Gskip
GO:0016055	Hbp1
GO:0016055	Hdac1
GO:0016055	Hdac2
GO:0016055	Hesx1
GO:0016055	Hhex
GO:0016055	Hic1
GO:0016055	Hm629797
GO:0016055	Hmga2
GO:0016055	Hnf1a
GO:0016055	Hnf1b
GO:0016055	Ift20
GO:0016055	Ift80
GO:0016055	Ilk
GO:0016055	Invs
GO:0016055	Isl1
GO:0016055	Itga3
GO:0016055	Jade1
GO:0016055	Jrk
GO:0016055	Jup
GO:0016055	Kank1
GO:0016055	Klf15
GO:0016055	Klf4
GO:0016055	Klhl12
GO:0016055	Kpna1
GO:0016055	Kremen1
GO:0016055	Kremen2
GO:0016055	Krt6a
GO:0016055	Lats1
GO:0016055	Lats2
GO:0016055	Ldb1
GO:0016055	Lect2
GO:0016055	Lef1
GO:0016055	Leo1
GO:0016055	Lgr4
GO:0016055	Lgr5
GO:0016055	Lgr6
GO:0016055	Limd1
GO:0016055	Lmbr1l
GO:0016055	Lmx1a
GO:0016055	Lrp1
GO:0016055	Lrp4
GO:0016055	Lrp5
GO:0016055	Lrp6
GO:0016055	Lrrfip2
GO:0016055	Lrrk1
GO:0016055	Lrrk2
GO:0016055	Lypd6
GO:0016055	Lzts2
GO:0016055	Macf1
GO:0016055	Mad2l2
GO:0016055	Map3k1
GO:0016055	Mapk14
GO:0016055	Mark1
GO:0016055	Mark2
GO:0016055	Mbd2
GO:0016055	Mcc
GO:0016055	Mdfi
GO:0016055	Mdfic
GO:0016055	Mdk
GO:0016055	Med12
GO:0016055	Mesd
GO:0016055	Mir106b
GO:0016055	Mir135a-1
GO:0016055	Mir135a-2
GO:0016055	Mir135b
GO:0016055	Mir154
GO:0016055	Mir15a
GO:0016055	Mir182
GO:0016055	Mir195a
GO:0016055	Mir196a-1
GO:0016055	Mir196a-2
GO:0016055	Mir200a
GO:0016055	Mir200b
GO:0016055	Mir20a
GO:0016055	Mir221
GO:0016055	Mir222
GO:0016055	Mir224
GO:0016055	Mir27b
GO:0016055	Mir29b-1
GO:0016055	Mir32
GO:0016055	Mir93
GO:0016055	Mitf
GO:0016055	Mks1
GO:0016055	Mllt3
GO:0016055	Myc
GO:0016055	Myoc
GO:0016055	Ndel1
GO:0016055	Ndp
GO:0016055	Ndrg2
GO:0016055	Nfatc4
GO:0016055	Nfkb1
GO:0016055	Nherf1
GO:0016055	Nid1
GO:0016055	Nkd1
GO:0016055	Nkd2
GO:0016055	Nkx2-5
GO:0016055	Nle1
GO:0016055	Nlk
GO:0016055	Nog
GO:0016055	Notch1
GO:0016055	Notum
GO:0016055	Nphp3
GO:0016055	Nphp4
GO:0016055	Nppa
GO:0016055	Nrarp
GO:0016055	Nxn
GO:0016055	Otud5
GO:0016055	Otulin
GO:0016055	Paf1
GO:0016055	Pbxip1
GO:0016055	Peg12
GO:0016055	Pfdn5
GO:0016055	Pias4
GO:0016055	Pin1
GO:0016055	Pin1rt1
GO:0016055	Pitx2
GO:0016055	Pkd1
GO:0016055	Pkd2
GO:0016055	Plekha4
GO:0016055	Plpp3
GO:0016055	Porcn
GO:0016055	Ppm1a
GO:0016055	Ppm1b
GO:0016055	Ppm1n
GO:0016055	Ppp2r3a
GO:0016055	Prdm15
GO:0016055	Prickle1
GO:0016055	Prkaa1
GO:0016055	Prkaa2
GO:0016055	Prkn
GO:0016055	Psen1
GO:0016055	Pten
GO:0016055	Ptk7
GO:0016055	Ptpro
GO:0016055	Ptpru
GO:0016055	Pygo1
GO:0016055	Pygo2
GO:0016055	Rab5a
GO:0016055	Rac1
GO:0016055	Rac3
GO:0016055	Rapgef1
GO:0016055	Rbms3
GO:0016055	Reck
GO:0016055	Rnf138
GO:0016055	Rnf146
GO:0016055	Rnf213
GO:0016055	Rnf220
GO:0016055	Rnf43
GO:0016055	Ror1
GO:0016055	Ror2
GO:0016055	Rps12
GO:0016055	Rspo1
GO:0016055	Rspo2
GO:0016055	Rspo3
GO:0016055	Rspo4
GO:0016055	Rtf1
GO:0016055	Ruvbl1
GO:0016055	Ruvbl2
GO:0016055	Ryk
GO:0016055	Sall1
GO:0016055	Scel
GO:0016055	Scyl2
GO:0016055	Sdc1
GO:0016055	Sdhaf2
GO:0016055	Sema5a
GO:0016055	Senp2
GO:0016055	Sfrp1
GO:0016055	Sfrp2
GO:0016055	Sfrp4
GO:0016055	Sfrp5
GO:0016055	Shh
GO:0016055	Shisa2
GO:0016055	Shisa3
GO:0016055	Shisa6
GO:0016055	Siah1a
GO:0016055	Siah1b
GO:0016055	Siah2
GO:0016055	Six3
GO:0016055	Skic8
GO:0016055	Smad3
GO:0016055	Smarca4
GO:0016055	Snai2
GO:0016055	Snx3
GO:0016055	Sost
GO:0016055	Sostdc1
GO:0016055	Sox10
GO:0016055	Sox13
GO:0016055	Sox17
GO:0016055	Sox2
GO:0016055	Sox30
GO:0016055	Sox4
GO:0016055	Sox7
GO:0016055	Sox9
GO:0016055	Spin1
GO:0016055	Src
GO:0016055	Stk11
GO:0016055	Stk3
GO:0016055	Stk4
GO:0016055	Strn
GO:0016055	Sulf1
GO:0016055	Sulf2
GO:0016055	Tax1bp3
GO:0016055	Tbl1xr1
GO:0016055	Tcf7
GO:0016055	Tcf7l1
GO:0016055	Tcf7l2
GO:0016055	Tert
GO:0016055	Tgfb1
GO:0016055	Tgfb1i1
GO:0016055	Thra
GO:0016055	Tiam1
GO:0016055	Tle1
GO:0016055	Tle2
GO:0016055	Tle3
GO:0016055	Tle4
GO:0016055	Tle5
GO:0016055	Tle6
GO:0016055	Tle7
GO:0016055	Tlr2
GO:0016055	Tmem131l
GO:0016055	Tmem132a
GO:0016055	Tmem170b
GO:0016055	Tmem198
GO:0016055	Tmem237
GO:0016055	Tmem64
GO:0016055	Tmem67
GO:0016055	Tmem88
GO:0016055	Tmem88b
GO:0016055	Tmem9
GO:0016055	Tnfaip3
GO:0016055	Tnik
GO:0016055	Tnks
GO:0016055	Tnks2
GO:0016055	Tnn
GO:0016055	Tpbg
GO:0016055	Tpbgl
GO:0016055	Trabd2b
GO:0016055	Trpm4
GO:0016055	Tsc2
GO:0016055	Tsku
GO:0016055	Ttc21b
GO:0016055	Ubac2
GO:0016055	Ube2b
GO:0016055	Ubr5
GO:0016055	Usp34
GO:0016055	Usp47
GO:0016055	Usp8
GO:0016055	Vangl2
GO:0016055	Vax2
GO:0016055	Vcp
GO:0016055	Vgll4
GO:0016055	Vps35
GO:0016055	Vps4b
GO:0016055	Wif1
GO:0016055	Wls
GO:0016055	Wnk1
GO:0016055	Wnk2
GO:0016055	Wnt1
GO:0016055	Wnt10a
GO:0016055	Wnt10b
GO:0016055	Wnt11
GO:0016055	Wnt16
GO:0016055	Wnt2
GO:0016055	Wnt2b
GO:0016055	Wnt3
GO:0016055	Wnt3a
GO:0016055	Wnt4
GO:0016055	Wnt5a
GO:0016055	Wnt5b
GO:0016055	Wnt6
GO:0016055	Wnt7a
GO:0016055	Wnt7b
GO:0016055	Wnt8a
GO:0016055	Wnt8b
GO:0016055	Wnt9a
GO:0016055	Wnt9b
GO:0016055	Wwox
GO:0016055	Wwtr1
GO:0016055	Xiap
GO:0016055	Yap1
GO:0016055	Zbed3
GO:0016055	Zbtb33
GO:0016055	Zeb2
GO:0016055	Zfp703
GO:0016055	Znrf3
GO:0016055	Zranb1
GO:0017147	Apcdd1
GO:0017147	Cthrc1
GO:0017147	Frzb
GO:0017147	Fzd1
GO:0017147	Fzd10
GO:0017147	Fzd2
GO:0017147	Fzd3
GO:0017147	Fzd4
GO:0017147	Fzd5
GO:0017147	Fzd6
GO:0017147	Fzd7
GO:0017147	Fzd8
GO:0017147	Fzd9
GO:0017147	Lrp5
GO:0017147	Lrp6
GO:0017147	Musk
GO:0017147	Nid1
GO:0017147	Porcn
GO:0017147	Ptpro
GO:0017147	Reck
GO:0017147	Ror1
GO:0017147	Ror2
GO:0017147	Ryk
GO:0017147	Sfrp1
GO:0017147	Sfrp2
GO:0017147	Sfrp4
GO:0017147	Sfrp5
GO:0017147	Tdgf1
GO:0017147	Trabd2b
GO:0017147	Wif1
GO:0017147	Wls
GO:0030111	2210016L21Rik
GO:0030111	Abl1
GO:0030111	Abl2
GO:0030111	Adgra2
GO:0030111	Adnp
GO:0030111	Aida
GO:0030111	Amer1
GO:0030111	Amer2
GO:0030111	Amer3
GO:0030111	Amfr
GO:0030111	Ankrd6
GO:0030111	Apc
GO:0030111	Apc2
GO:0030111	Apcdd1
GO:0030111	Apoe
GO:0030111	App
GO:0030111	Arntl
GO:0030111	Aspm
GO:0030111	Atp6ap2
GO:0030111	Atp6v0c
GO:0030111	Atp6v1c2
GO:0030111	Axin1
GO:0030111	Axin2
GO:0030111	Bambi
GO:0030111	Barx1
GO:0030111	Bicc1
GO:0030111	Bmp2
GO:0030111	Btrc
GO:0030111	Caprin2
GO:0030111	Cav1
GO:0030111	Cby1
GO:0030111	Ccar2
GO:0030111	Ccdc88c
GO:0030111	Ccn4
GO:0030111	Ccny
GO:0030111	Ccnyl1
GO:0030111	Cdc73
GO:0030111	Cdh1
GO:0030111	Cdh2
GO:0030111	Cdh3
GO:0030111	Cdk14
GO:0030111	Cer1
GO:0030111	Chd8
GO:0030111	Cmah
GO:0030111	Col1a1
GO:0030111	Crbn
GO:0030111	Csnk1a1
GO:0030111	Csnk1d
GO:0030111	Csnk1e
GO:0030111	Csnk1g1
GO:0030111	Csnk1g2
GO:0030111	Csnk1g3
GO:0030111	Ctdnep1
GO:0030111	Cthrc1
GO:0030111	Ctnnb1
GO:0030111	Ctnnbip1
GO:0030111	Ctnnd1
GO:0030111	Ctnnd2
GO:0030111	Cxxc4
GO:0030111	Cyld
GO:0030111	D1Pas1
GO:0030111	Daam2
GO:0030111	Dab2
GO:0030111	Dab2ip
GO:0030111	Dact1
GO:0030111	Dact2
GO:0030111	Dact3
GO:0030111	Dapk3
GO:0030111	Dcdc2a
GO:0030111	Ddit3
GO:0030111	Ddx3x
GO:0030111	Depdc1b
GO:0030111	Disc1
GO:0030111	Dixdc1
GO:0030111	Dkk1
GO:0030111	Dkk2
GO:0030111	Dkk3
GO:0030111	Dkk4
GO:0030111	Dkkl1
GO:0030111	Dlx5
GO:0030111	Draxin
GO:0030111	Eda
GO:0030111	Egf
GO:0030111	Egfr
GO:0030111	Egr1
GO:0030111	Emd
GO:0030111	Fam53b
GO:0030111	Fermt1
GO:0030111	Fgf10
GO:0030111	Fgf2
GO:0030111	Fgf9
GO:0030111	Fgfr2
GO:0030111	Fgfr3
GO:0030111	Folr1
GO:0030111	Foxl1
GO:0030111	Foxo1
GO:0030111	Foxo3
GO:0030111	Frat1
GO:0030111	Frmd8
GO:0030111	Frzb
GO:0030111	Fuz
GO:0030111	Fzd1
GO:0030111	Fzd6
GO:0030111	Fzd7
GO:0030111	Fzd9
GO:0030111	G3bp1
GO:0030111	Gid8
GO:0030111	Gli1
GO:0030111	Gli3
GO:0030111	Gnaq
GO:0030111	Gpc3
GO:0030111	Gpc5
GO:0030111	Gprc5b
GO:0030111	Grb10
GO:0030111	Grem1
GO:0030111	Gsc
GO:0030111	Gsdma3
GO:0030111	Gsk3a
GO:0030111	Gsk3b
GO:0030111	Gskip
GO:0030111	Hdac1
GO:0030111	Hdac2
GO:0030111	Hhex
GO:0030111	Hic1
GO:0030111	Hm629797
GO:0030111	Hmga2
GO:0030111	Hnf1a
GO:0030111	Hnf1b
GO:0030111	Ift20
GO:0030111	Ift80
GO:0030111	Ilk
GO:0030111	Invs
GO:0030111	Isl1
GO:0030111	Itga3
GO:0030111	Jade1
GO:0030111	Jrk
GO:0030111	Kank1
GO:0030111	Klf15
GO:0030111	Kpna1
GO:0030111	Kremen1
GO:0030111	Lats1
GO:0030111	Lats2
GO:0030111	Lect2
GO:0030111	Lef1
GO:0030111	Lgr4
GO:0030111	Lgr5
GO:0030111	Lgr6
GO:0030111	Limd1
GO:0030111	Lmbr1l
GO:0030111	Lmx1a
GO:0030111	Lrp1
GO:0030111	Lrp4
GO:0030111	Lrp6
GO:0030111	Lrrk1
GO:0030111	Lrrk2
GO:0030111	Lypd6
GO:0030111	Lzts2
GO:0030111	Macf1
GO:0030111	Mad2l2
GO:0030111	Map3k1
GO:0030111	Mapk14
GO:0030111	Mbd2
GO:0030111	Mcc
GO:0030111	Mdfi
GO:0030111	Mdfic
GO:0030111	Mdk
GO:0030111	Mir154
GO:0030111	Mks1
GO:0030111	Mllt3
GO:0030111	Nfatc4
GO:0030111	Nfkb1
GO:0030111	Nherf1
GO:0030111	Nkd1
GO:0030111	Nkd2
GO:0030111	Nkx2-5
GO:0030111	Nle1
GO:0030111	Nlk
GO:0030111	Nog
GO:0030111	Notch1
GO:0030111	Notum
GO:0030111	Nphp3
GO:0030111	Nphp4
GO:0030111	Nppa
GO:0030111	Nrarp
GO:0030111	Nxn
GO:0030111	Otud5
GO:0030111	Otulin
GO:0030111	Pbxip1
GO:0030111	Peg12
GO:0030111	Pfdn5
GO:0030111	Pin1
GO:0030111	Pin1rt1
GO:0030111	Plekha4
GO:0030111	Plpp3
GO:0030111	Ppm1a
GO:0030111	Ppm1b
GO:0030111	Ppm1n
GO:0030111	Ppp2r3a
GO:0030111	Prdm15
GO:0030111	Prickle1
GO:0030111	Prkn
GO:0030111	Psen1
GO:0030111	Ptk7
GO:0030111	Ptpro
GO:0030111	Ptpru
GO:0030111	Rapgef1
GO:0030111	Rbms3
GO:0030111	Reck
GO:0030111	Rnf146
GO:0030111	Rnf213
GO:0030111	Rnf220
GO:0030111	Rnf43
GO:0030111	Ror2
GO:0030111	Rps12
GO:0030111	Rspo1
GO:0030111	Rspo2
GO:0030111	Rspo3
GO:0030111	Rspo4
GO:0030111	Ruvbl1
GO:0030111	Ruvbl2
GO:0030111	Sall1
GO:0030111	Scel
GO:0030111	Scyl2
GO:0030111	Sdhaf2
GO:0030111	Sema5a
GO:0030111	Sfrp1
GO:0030111	Sfrp2
GO:0030111	Sfrp4
GO:0030111	Sfrp5
GO:0030111	Shh
GO:0030111	Shisa2
GO:0030111	Shisa3
GO:0030111	Shisa6
GO:0030111	Siah2
GO:0030111	Six3
GO:0030111	Smad3
GO:0030111	Smarca4
GO:0030111	Snai2
GO:0030111	Snx3
GO:0030111	Sost
GO:0030111	Sostdc1
GO:0030111	Sox10
GO:0030111	Sox13
GO:0030111	Sox17
GO:0030111	Sox2
GO:0030111	Sox30
GO:0030111	Sox4
GO:0030111	Sox7
GO:0030111	Sox9
GO:0030111	Spin1
GO:0030111	Src
GO:0030111	Stk11
GO:0030111	Stk3
GO:0030111	Stk4
GO:0030111	Sulf1
GO:0030111	Sulf2
GO:0030111	Tax1bp3
GO:0030111	Tbl1xr1
GO:0030111	Tcf7l2
GO:0030111	Tert
GO:0030111	Tgfb1
GO:0030111	Thra
GO:0030111	Tiam1
GO:0030111	Tle1
GO:0030111	Tle2
GO:0030111	Tle3
GO:0030111	Tle4
GO:0030111	Tle5
GO:0030111	Tle6
GO:0030111	Tle7
GO:0030111	Tlr2
GO:0030111	Tmem131l
GO:0030111	Tmem132a
GO:0030111	Tmem170b
GO:0030111	Tmem198
GO:0030111	Tmem237
GO:0030111	Tmem64
GO:0030111	Tmem88
GO:0030111	Tmem88b
GO:0030111	Tmem9
GO:0030111	Tnfaip3
GO:0030111	Tnks
GO:0030111	Tnks2
GO:0030111	Tnn
GO:0030111	Tpbg
GO:0030111	Tpbgl
GO:0030111	Trabd2b
GO:0030111	Trpm4
GO:0030111	Tsc2
GO:0030111	Tsku
GO:0030111	Ttc21b
GO:0030111	Ubac2
GO:0030111	Ube2b
GO:0030111	Ubr5
GO:0030111	Usp34
GO:0030111	Usp47
GO:0030111	Usp8
GO:0030111	Vangl2
GO:0030111	Vcp
GO:0030111	Vgll4
GO:0030111	Vps35
GO:0030111	Wif1
GO:0030111	Wls
GO:0030111	Wnk1
GO:0030111	Wnk2
GO:0030111	Wnt10b
GO:0030111	Wnt11
GO:0030111	Wnt3
GO:0030111	Wnt3a
GO:0030111	Wnt5a
GO:0030111	Wnt5b
GO:0030111	Wwox
GO:0030111	Wwtr1
GO:0030111	Xiap
GO:0030111	Yap1
GO:0030111	Zbed3
GO:0030111	Zeb2
GO:0030111	Zfp703
GO:0030111	Znrf3
GO:0030111	Zranb1
GO:0030177	Abl1
GO:0030177	Abl2
GO:0030177	Adgra2
GO:0030177	Adnp
GO:0030177	Amer1
GO:0030177	Ankrd6
GO:0030177	Arntl
GO:0030177	Aspm
GO:0030177	Atp6ap2
GO:0030177	Atp6v0c
GO:0030177	Atp6v1c2
GO:0030177	Bambi
GO:0030177	Bmp2
GO:0030177	Caprin2
GO:0030177	Cav1
GO:0030177	Ccar2
GO:0030177	Ccn4
GO:0030177	Cdc73
GO:0030177	Cdh3
GO:0030177	Col1a1
GO:0030177	Crbn
GO:0030177	Csnk1d
GO:0030177	Csnk1e
GO:0030177	Csnk1g1
GO:0030177	Csnk1g2
GO:0030177	Csnk1g3
GO:0030177	Ctdnep1
GO:0030177	D1Pas1
GO:0030177	Daam2
GO:0030177	Dab2
GO:0030177	Dact1
GO:0030177	Dapk3
GO:0030177	Ddx3x
GO:0030177	Depdc1b
GO:0030177	Disc1
GO:0030177	Dixdc1
GO:0030177	Dkk2
GO:0030177	Dlx5
GO:0030177	Eda
GO:0030177	Egf
GO:0030177	Egfr
GO:0030177	Fam53b
GO:0030177	Fgf10
GO:0030177	Fgf2
GO:0030177	Fgf9
GO:0030177	Fgfr2
GO:0030177	Fgfr3
GO:0030177	Frat1
GO:0030177	Fzd9
GO:0030177	Gid8
GO:0030177	Gpc3
GO:0030177	Gpc5
GO:0030177	Gprc5b
GO:0030177	Gskip
GO:0030177	Hhex
GO:0030177	Ilk
GO:0030177	Jrk
GO:0030177	Kank1
GO:0030177	Lef1
GO:0030177	Lgr4
GO:0030177	Lgr5
GO:0030177	Lgr6
GO:0030177	Lmx1a
GO:0030177	Lrrk1
GO:0030177	Lrrk2
GO:0030177	Lypd6
GO:0030177	Macf1
GO:0030177	Map3k1
GO:0030177	Mbd2
GO:0030177	Mllt3
GO:0030177	Nfkb1
GO:0030177	Nkd1
GO:0030177	Nle1
GO:0030177	Nrarp
GO:0030177	Pbxip1
GO:0030177	Peg12
GO:0030177	Pin1
GO:0030177	Pin1rt1
GO:0030177	Plekha4
GO:0030177	Ppm1a
GO:0030177	Ppm1b
GO:0030177	Ppm1n
GO:0030177	Ppp2r3a
GO:0030177	Prdm15
GO:0030177	Ptk7
GO:0030177	Reck
GO:0030177	Rnf146
GO:0030177	Rnf220
GO:0030177	Ror2
GO:0030177	Rps12
GO:0030177	Rspo1
GO:0030177	Rspo2
GO:0030177	Rspo3
GO:0030177	Rspo4
GO:0030177	Ruvbl1
GO:0030177	Sall1
GO:0030177	Scel
GO:0030177	Sema5a
GO:0030177	Sfrp1
GO:0030177	Sfrp2
GO:0030177	Sfrp4
GO:0030177	Shh
GO:0030177	Smad3
GO:0030177	Smarca4
GO:0030177	Sox4
GO:0030177	Spin1
GO:0030177	Src
GO:0030177	Sulf1
GO:0030177	Sulf2
GO:0030177	Tbl1xr1
GO:0030177	Tert
GO:0030177	Tgfb1
GO:0030177	Thra
GO:0030177	Tlr2
GO:0030177	Tmem132a
GO:0030177	Tmem198
GO:0030177	Tmem9
GO:0030177	Tnfaip3
GO:0030177	Tnks
GO:0030177	Tnks2
GO:0030177	Trpm4
GO:0030177	Ttc21b
GO:0030177	Ube2b
GO:0030177	Ubr5
GO:0030177	Usp34
GO:0030177	Usp47
GO:0030177	Usp8
GO:0030177	Vcp
GO:0030177	Vps35
GO:0030177	Wls
GO:0030177	Wnk1
GO:0030177	Wnk2
GO:0030177	Wnt10b
GO:0030177	Wnt3
GO:0030177	Wnt3a
GO:0030177	Wnt5a
GO:0030177	Xiap
GO:0030177	Yap1
GO:0030177	Zbed3
GO:0030177	Zeb2
GO:0030177	Zranb1
GO:0030178	2210016L21Rik
GO:0030178	Aida
GO:0030178	Amer1
GO:0030178	Amer2
GO:0030178	Amfr
GO:0030178	Ankrd6
GO:0030178	Apc
GO:0030178	Apc2
GO:0030178	Apcdd1
GO:0030178	Apoe
GO:0030178	App
GO:0030178	Axin1
GO:0030178	Axin2
GO:0030178	Barx1
GO:0030178	Bicc1
GO:0030178	Cav1
GO:0030178	Cby1
GO:0030178	Ccdc88c
GO:0030178	Cdh1
GO:0030178	Cdh2
GO:0030178	Cer1
GO:0030178	Chd8
GO:0030178	Csnk1a1
GO:0030178	Csnk1e
GO:0030178	Cthrc1
GO:0030178	Ctnnb1
GO:0030178	Ctnnbip1
GO:0030178	Ctnnd1
GO:0030178	Cxxc4
GO:0030178	Cyld
GO:0030178	Dab2
GO:0030178	Dab2ip
GO:0030178	Dact1
GO:0030178	Dact3
GO:0030178	Ddit3
GO:0030178	Dkk1
GO:0030178	Dkk2
GO:0030178	Dkk3
GO:0030178	Dkk4
GO:0030178	Dkkl1
GO:0030178	Draxin
GO:0030178	Egr1
GO:0030178	Emd
GO:0030178	Fermt1
GO:0030178	Fgf9
GO:0030178	Foxo1
GO:0030178	Foxo3
GO:0030178	Frmd8
GO:0030178	Frzb
GO:0030178	Fuz
GO:0030178	Fzd1
GO:0030178	Fzd6
GO:0030178	G3bp1
GO:0030178	Gli1
GO:0030178	Gli3
GO:0030178	Gpc3
GO:0030178	Grb10
GO:0030178	Grem1
GO:0030178	Gsc
GO:0030178	Gsdma3
GO:0030178	Gsk3a
GO:0030178	Gsk3b
GO:0030178	Hdac1
GO:0030178	Hdac2
GO:0030178	Hic1
GO:0030178	Hmga2
GO:0030178	Ift80
GO:0030178	Invs
GO:0030178	Isl1
GO:0030178	Jade1
GO:0030178	Kremen1
GO:0030178	Lats1
GO:0030178	Lats2
GO:0030178	Lect2
GO:0030178	Limd1
GO:0030178	Lmbr1l
GO:0030178	Lrp1
GO:0030178	Lrp4
GO:0030178	Lrp6
GO:0030178	Lzts2
GO:0030178	Mad2l2
GO:0030178	Mapk14
GO:0030178	Mcc
GO:0030178	Mdfi
GO:0030178	Mdk
GO:0030178	Mir154
GO:0030178	Mllt3
GO:0030178	Nfatc4
GO:0030178	Nherf1
GO:0030178	Nkd1
GO:0030178	Nkd2
GO:0030178	Nkx2-5
GO:0030178	Nlk
GO:0030178	Nog
GO:0030178	Notch1
GO:0030178	Notum
GO:0030178	Nphp3
GO:0030178	Nphp4
GO:0030178	Nppa
GO:0030178	Nxn
GO:0030178	Otud5
GO:0030178	Pfdn5
GO:0030178	Ppp2r3a
GO:0030178	Prickle1
GO:0030178	Prkn
GO:0030178	Ptpro
GO:0030178	Ptpru
GO:0030178	Rapgef1
GO:0030178	Rbms3
GO:0030178	Rnf213
GO:0030178	Rnf43
GO:0030178	Ror2
GO:0030178	Ruvbl2
GO:0030178	Scyl2
GO:0030178	Sdhaf2
GO:0030178	Sfrp1
GO:0030178	Sfrp2
GO:0030178	Sfrp4
GO:0030178	Sfrp5
GO:0030178	Shh
GO:0030178	Shisa2
GO:0030178	Shisa3
GO:0030178	Shisa6
GO:0030178	Siah2
GO:0030178	Six3
GO:0030178	Snai2
GO:0030178	Sost
GO:0030178	Sostdc1
GO:0030178	Sox10
GO:0030178	Sox13
GO:0030178	Sox17
GO:0030178	Sox2
GO:0030178	Sox30
GO:0030178	Sox9
GO:0030178	Stk11
GO:0030178	Stk3
GO:0030178	Stk4
GO:0030178	Tax1bp3
GO:0030178	Tcf7l2
GO:0030178	Tle1
GO:0030178	Tle2
GO:0030178	Tle3
GO:0030178	Tle4
GO:0030178	Tle5
GO:0030178	Tle6
GO:0030178	Tle7
GO:0030178	Tmem131l
GO:0030178	Tmem170b
GO:0030178	Tmem64
GO:0030178	Tmem88
GO:0030178	Tmem88b
GO:0030178	Tnn
GO:0030178	Tpbg
GO:0030178	Tpbgl
GO:0030178	Trabd2b
GO:0030178	Tsc2
GO:0030178	Tsku
GO:0030178	Ubac2
GO:0030178	Vgll4
GO:0030178	Wif1
GO:0030178	Wnt11
GO:0030178	Wnt5a
GO:0030178	Wnt5b
GO:0030178	Wwox
GO:0030178	Wwtr1
GO:0030178	Znrf3
GO:0035567	Abl1
GO:0035567	Abl2
GO:0035567	Ankrd6
GO:0035567	Ccdc88c
GO:0035567	Celsr3
GO:0035567	Csnk1d
GO:0035567	Csnk1e
GO:0035567	Cthrc1
GO:0035567	Daam2
GO:0035567	Dab2
GO:0035567	Dact1
GO:0035567	Dvl1
GO:0035567	Dvl2
GO:0035567	Dvl3
GO:0035567	Frzb
GO:0035567	Fzd1
GO:0035567	Fzd10
GO:0035567	Fzd2
GO:0035567	Fzd3
GO:0035567	Fzd4
GO:0035567	Fzd5
GO:0035567	Fzd6
GO:0035567	Fzd7
GO:0035567	Fzd8
GO:0035567	Fzd9
GO:0035567	Gpc3
GO:0035567	Ift80
GO:0035567	Lrp6
GO:0035567	Med12
GO:0035567	Mir154
GO:0035567	Mks1
GO:0035567	Mllt3
GO:0035567	Myoc
GO:0035567	Nkd1
GO:0035567	Plekha4
GO:0035567	Prickle1
GO:0035567	Rac1
GO:0035567	Rnf213
GO:0035567	Ror2
GO:0035567	Rspo1
GO:0035567	Rspo3
GO:0035567	Ryk
GO:0035567	Sfrp1
GO:0035567	Sfrp2
GO:0035567	Sfrp4
GO:0035567	Sfrp5
GO:0035567	Tiam1
GO:0035567	Tmem67
GO:0035567	Vangl2
GO:0035567	Wnt11
GO:0035567	Wnt4
GO:0035567	Wnt5a
GO:0035567	Wnt7a
GO:0035567	Wnt7b
GO:0035567	Wnt9b
GO:0035567	Znrf3
GO:0038018	Rnf43
GO:0038018	Znrf3
GO:0038030	Dvl3
GO:0038030	Fzd10
GO:0038030	Fzd7
GO:0038030	Myoc
GO:0038030	Nkd1
GO:0038030	Wnt4
GO:0038030	Wnt5a
GO:0038031	Dvl3
GO:0038031	Fzd10
GO:0038031	Fzd7
GO:0038031	Myoc
GO:0038031	Nkd1
GO:0038031	Wnt5a
GO:0042813	Fzd1
GO:0042813	Fzd10
GO:0042813	Fzd2
GO:0042813	Fzd3
GO:0042813	Fzd4
GO:0042813	Fzd5
GO:0042813	Fzd6
GO:0042813	Fzd7
GO:0042813	Fzd8
GO:0042813	Fzd9
GO:0042813	Lrp5
GO:0042813	Lrp6
GO:0042813	Nid1
GO:0042813	Pkd1
GO:0042813	Ror1
GO:0042813	Ryk
GO:0042813	Tspan12
GO:0044334	Ctnnb1
GO:0044334	Tcf7l2
GO:0044336	Apc
GO:0044336	Tcf7
GO:0044337	Apc
GO:0044338	Ctnnb1
GO:0044338	Fzd1
GO:0044338	Wnt3
GO:0044339	Ctnnb1
GO:0044339	Fzd1
GO:0044339	Gsk3b
GO:0044339	Tnn
GO:0044339	Wnt3
GO:0044340	Dvl2
GO:0044340	Sfrp1
GO:0044340	Wnt3
GO:0044340	Wnt3a
GO:0045746	Arrb1
GO:0045746	Arrdc1
GO:0045746	Bcl6
GO:0045746	Bend6
GO:0045746	Bmp7
GO:0045746	Cbfa2t2
GO:0045746	Ccnc
GO:0045746	Chac1
GO:0045746	Dlk1
GO:0045746	Dlk2
GO:0045746	Dll3
GO:0045746	Dll4
GO:0045746	Dlx1
GO:0045746	Dlx2
GO:0045746	Egfl7
GO:0045746	Gata2
GO:0045746	Gdpd5
GO:0045746	Hey1
GO:0045746	Hey2
GO:0045746	Hif1an
GO:0045746	Kctd10
GO:0045746	Lfng
GO:0045746	Mmp14
GO:0045746	Neurl1a
GO:0045746	Nfkbia
GO:0045746	Notch4
GO:0045746	Nrarp
GO:0045746	Numb
GO:0045746	Ovol2
GO:0045746	Rfng
GO:0045746	Rian
GO:0045746	Rita1
GO:0045746	Slc35c1
GO:0045746	Tcim
GO:0045746	Tspan15
GO:0045746	Zbtb7a
GO:0045747	Aak1
GO:0045747	Ascl1
GO:0045747	Bmp2k
GO:0045747	Ccn3
GO:0045747	Cntn6
GO:0045747	Dll1
GO:0045747	Dll4
GO:0045747	Enho
GO:0045747	Epn2
GO:0045747	Eya1
GO:0045747	Fgf10
GO:0045747	Gsx2
GO:0045747	Hes1
GO:0045747	Hes5
GO:0045747	Il6st
GO:0045747	Itgb1bp1
GO:0045747	Jag1
GO:0045747	Jag2
GO:0045747	Kit
GO:0045747	Lfng
GO:0045747	Mesp1
GO:0045747	Mfng
GO:0045747	Nepro
GO:0045747	Nod2
GO:0045747	Notch1
GO:0045747	Pdcd10
GO:0045747	Poglut1
GO:0045747	Reck
GO:0045747	Rfng
GO:0045747	Slc35c2
GO:0045747	Sox2
GO:0045747	Src
GO:0045747	Stat3
GO:0045747	Tgfb2
GO:0045747	Trp63
GO:0045747	Tspan14
GO:0045747	Tspan5
GO:0045747	Wnt1
GO:0045747	Yap1
GO:0045747	Zmiz1
GO:0045879	Cd3e
GO:0045879	Enpp1
GO:0045879	Fgfr3
GO:0045879	Gas1
GO:0045879	Gli1
GO:0045879	Gli2
GO:0045879	Gli3
GO:0045879	Glis2
GO:0045879	Gpc3
GO:0045879	Gpr37l1
GO:0045879	Herc4
GO:0045879	Hhip
GO:0045879	Ift122
GO:0045879	Ift172
GO:0045879	Kctd11
GO:0045879	Kctd21
GO:0045879	Kctd6
GO:0045879	Kif7
GO:0045879	Megf8
GO:0045879	Mgrn1
GO:0045879	Mosmo
GO:0045879	Ptch1
GO:0045879	Ptch2
GO:0045879	Rack1
GO:0045879	Rb1
GO:0045879	Runx2
GO:0045879	Sall1
GO:0045879	Sall3
GO:0045879	Serpine2
GO:0045879	Sufu
GO:0045879	Tmed2
GO:0045879	Tulp3
GO:0045879	Ulk3
GO:0045879	Vcp
GO:0045879	Wnt7b
GO:0045880	Armc9
GO:0045880	Chsy1
GO:0045880	Cibar1
GO:0045880	Ctnna1
GO:0045880	Dcdc2a
GO:0045880	Dhh
GO:0045880	Dlg5
GO:0045880	Dync2h1
GO:0045880	Evc
GO:0045880	Fgf9
GO:0045880	Foxa1
GO:0045880	Foxa2
GO:0045880	Gas1
GO:0045880	Gas8
GO:0045880	Gli1
GO:0045880	Gpc3
GO:0045880	Ift172
GO:0045880	Ihh
GO:0045880	Intu
GO:0045880	Kif7
GO:0045880	Ndst1
GO:0045880	Pdcl
GO:0045880	Por
GO:0045880	Prrx1
GO:0045880	Prrx2
GO:0045880	Rab34
GO:0045880	Scube1
GO:0045880	Scube2
GO:0045880	Scube3
GO:0045880	Sfrp1
GO:0045880	Shh
GO:0045880	Shox2
GO:0045880	Skor2
GO:0045880	Smo
GO:0045880	Stk36
GO:0045880	Tedc1
GO:0045880	Tedc2
GO:0045880	Ttc23
GO:0045880	Tubd1
GO:0045880	Txndc15
GO:0045880	Uchl5
GO:0045880	Ulk3
GO:0045880	Wnt9a
GO:0060070	Adgra2
GO:0060070	Adnp
GO:0060070	Amer1
GO:0060070	Amer2
GO:0060070	Amer3
GO:0060070	Amfr
GO:0060070	Ankrd6
GO:0060070	Apc
GO:0060070	Apc2
GO:0060070	Apoe
GO:0060070	App
GO:0060070	Arntl
GO:0060070	Aspm
GO:0060070	Atp6ap2
GO:0060070	Axin1
GO:0060070	Axin2
GO:0060070	Bambi
GO:0060070	Bcl9
GO:0060070	Bcl9l
GO:0060070	Bicc1
GO:0060070	Btrc
GO:0060070	Caprin2
GO:0060070	Cav1
GO:0060070	Cby1
GO:0060070	Ccar2
GO:0060070	Ccdc88c
GO:0060070	Ccny
GO:0060070	Ccnyl1
GO:0060070	Cdh1
GO:0060070	Cdh2
GO:0060070	Cdh3
GO:0060070	Cdk14
GO:0060070	Chd8
GO:0060070	Col1a1
GO:0060070	Csnk1a1
GO:0060070	Csnk1d
GO:0060070	Csnk1e
GO:0060070	Csnk1g1
GO:0060070	Csnk1g2
GO:0060070	Csnk1g3
GO:0060070	Ctdnep1
GO:0060070	Cthrc1
GO:0060070	Ctnnb1
GO:0060070	Ctnnbip1
GO:0060070	Ctnnd1
GO:0060070	Ctnnd2
GO:0060070	Cyld
GO:0060070	D1Pas1
GO:0060070	Daam2
GO:0060070	Dab2
GO:0060070	Dab2ip
GO:0060070	Dact1
GO:0060070	Dact3
GO:0060070	Dapk3
GO:0060070	Ddit3
GO:0060070	Ddx3x
GO:0060070	Disc1
GO:0060070	Dixdc1
GO:0060070	Dkk1
GO:0060070	Dkk2
GO:0060070	Dkk3
GO:0060070	Dkk4
GO:0060070	Dkkl1
GO:0060070	Dlx5
GO:0060070	Draxin
GO:0060070	Dvl1
GO:0060070	Dvl2
GO:0060070	Dvl3
GO:0060070	Eda
GO:0060070	Edn1
GO:0060070	Ednra
GO:0060070	Ednrb
GO:0060070	Egf
GO:0060070	Egfr
GO:0060070	Egr1
GO:0060070	Emd
GO:0060070	Ext1
GO:0060070	Fam53b
GO:0060070	Fermt1
GO:0060070	Fgf10
GO:0060070	Fgf2
GO:0060070	Fgf9
GO:0060070	Fgfr2
GO:0060070	Fgfr3
GO:0060070	Folr1
GO:0060070	Foxd1
GO:0060070	Foxo1
GO:0060070	Foxo3
GO:0060070	Frat1
GO:0060070	Frmd8
GO:0060070	Frzb
GO:0060070	Fuz
GO:0060070	Fzd1
GO:0060070	Fzd10
GO:0060070	Fzd2
GO:0060070	Fzd3
GO:0060070	Fzd4
GO:0060070	Fzd5
GO:0060070	Fzd6
GO:0060070	Fzd7
GO:0060070	Fzd8
GO:0060070	Fzd9
GO:0060070	G3bp1
GO:0060070	Gid8
GO:0060070	Gli1
GO:0060070	Gli3
GO:0060070	Gnaq
GO:0060070	Gpc3
GO:0060070	Gpc5
GO:0060070	Gprc5b
GO:0060070	Grem1
GO:0060070	Gsdma3
GO:0060070	Gsk3a
GO:0060070	Gsk3b
GO:0060070	Gskip
GO:0060070	Hdac1
GO:0060070	Hdac2
GO:0060070	Hesx1
GO:0060070	Hhex
GO:0060070	Ift20
GO:0060070	Ilk
GO:0060070	Invs
GO:0060070	Isl1
GO:0060070	Jade1
GO:0060070	Jrk
GO:0060070	Jup
GO:0060070	Kank1
GO:0060070	Klf4
GO:0060070	Kpna1
GO:0060070	Kremen1
GO:0060070	Lats1
GO:0060070	Lats2
GO:0060070	Lef1
GO:0060070	Lgr4
GO:0060070	Lgr5
GO:0060070	Limd1
GO:0060070	Lmbr1l
GO:0060070	Lmx1a
GO:0060070	Lrp4
GO:0060070	Lrp5
GO:0060070	Lrp6
GO:0060070	Lrrk1
GO:0060070	Lrrk2
GO:0060070	Lypd6
GO:0060070	Lzts2
GO:0060070	Mad2l2
GO:0060070	Map3k1
GO:0060070	Mapk14
GO:0060070	Mcc
GO:0060070	Mdk
GO:0060070	Mir135a-1
GO:0060070	Mir135a-2
GO:0060070	Mir135b
GO:0060070	Mks1
GO:0060070	Mllt3
GO:0060070	Ndel1
GO:0060070	Ndp
GO:0060070	Nfkb1
GO:0060070	Nherf1
GO:0060070	Nid1
GO:0060070	Nkd1
GO:0060070	Nkd2
GO:0060070	Nkx2-5
GO:0060070	Nle1
GO:0060070	Nog
GO:0060070	Notch1
GO:0060070	Notum
GO:0060070	Nphp3
GO:0060070	Nphp4
GO:0060070	Nppa
GO:0060070	Nrarp
GO:0060070	Otud5
GO:0060070	Otulin
GO:0060070	Peg12
GO:0060070	Pfdn5
GO:0060070	Pin1
GO:0060070	Pin1rt1
GO:0060070	Plekha4
GO:0060070	Plpp3
GO:0060070	Ppm1a
GO:0060070	Ppm1b
GO:0060070	Ppm1n
GO:0060070	Ppp2r3a
GO:0060070	Prdm15
GO:0060070	Prickle1
GO:0060070	Prkn
GO:0060070	Psen1
GO:0060070	Pten
GO:0060070	Ptk7
GO:0060070	Ptpro
GO:0060070	Ptpru
GO:0060070	Pygo1
GO:0060070	Pygo2
GO:0060070	Rab5a
GO:0060070	Rapgef1
GO:0060070	Rbms3
GO:0060070	Reck
GO:0060070	Rnf146
GO:0060070	Rnf220
GO:0060070	Ror2
GO:0060070	Rps12
GO:0060070	Rspo1
GO:0060070	Rspo2
GO:0060070	Rspo3
GO:0060070	Ruvbl1
GO:0060070	Ruvbl2
GO:0060070	Scel
GO:0060070	Scyl2
GO:0060070	Sdc1
GO:0060070	Sdhaf2
GO:0060070	Sema5a
GO:0060070	Sfrp1
GO:0060070	Sfrp2
GO:0060070	Sfrp4
GO:0060070	Sfrp5
GO:0060070	Shh
GO:0060070	Shisa3
GO:0060070	Shisa6
GO:0060070	Siah1a
GO:0060070	Siah1b
GO:0060070	Siah2
GO:0060070	Smad3
GO:0060070	Snai2
GO:0060070	Sost
GO:0060070	Sostdc1
GO:0060070	Sox10
GO:0060070	Sox13
GO:0060070	Sox17
GO:0060070	Sox2
GO:0060070	Sox4
GO:0060070	Sox7
GO:0060070	Sox9
GO:0060070	Src
GO:0060070	Stk11
GO:0060070	Stk3
GO:0060070	Stk4
GO:0060070	Sulf2
GO:0060070	Tbl1xr1
GO:0060070	Tcf7
GO:0060070	Tcf7l1
GO:0060070	Tcf7l2
GO:0060070	Tgfb1
GO:0060070	Thra
GO:0060070	Tle1
GO:0060070	Tle2
GO:0060070	Tle3
GO:0060070	Tle4
GO:0060070	Tle5
GO:0060070	Tle6
GO:0060070	Tle7
GO:0060070	Tmem131l
GO:0060070	Tmem170b
GO:0060070	Tmem198
GO:0060070	Tmem64
GO:0060070	Tmem88
GO:0060070	Tmem88b
GO:0060070	Tmem9
GO:0060070	Tnks
GO:0060070	Tnks2
GO:0060070	Tnn
GO:0060070	Tpbg
GO:0060070	Tpbgl
GO:0060070	Trpm4
GO:0060070	Ttc21b
GO:0060070	Ubac2
GO:0060070	Ube2b
GO:0060070	Ubr5
GO:0060070	Usp34
GO:0060070	Usp47
GO:0060070	Usp8
GO:0060070	Vcp
GO:0060070	Vps35
GO:0060070	Vps4b
GO:0060070	Wls
GO:0060070	Wnk1
GO:0060070	Wnk2
GO:0060070	Wnt1
GO:0060070	Wnt10a
GO:0060070	Wnt10b
GO:0060070	Wnt11
GO:0060070	Wnt16
GO:0060070	Wnt2
GO:0060070	Wnt2b
GO:0060070	Wnt3
GO:0060070	Wnt3a
GO:0060070	Wnt4
GO:0060070	Wnt5a
GO:0060070	Wnt5b
GO:0060070	Wnt6
GO:0060070	Wnt7a
GO:0060070	Wnt7b
GO:0060070	Wnt8a
GO:0060070	Wnt8b
GO:0060070	Wnt9a
GO:0060070	Wnt9b
GO:0060070	Wwtr1
GO:0060070	Xiap
GO:0060070	Yap1
GO:0060070	Zbed3
GO:0060070	Zeb2
GO:0060070	Zfp703
GO:0060070	Znrf3
GO:0060071	Abl1
GO:0060071	Abl2
GO:0060071	Ankrd6
GO:0060071	Celsr3
GO:0060071	Cthrc1
GO:0060071	Dab2
GO:0060071	Dact1
GO:0060071	Dvl1
GO:0060071	Dvl2
GO:0060071	Dvl3
GO:0060071	Fzd3
GO:0060071	Fzd6
GO:0060071	Gpc3
GO:0060071	Med12
GO:0060071	Mks1
GO:0060071	Mllt3
GO:0060071	Nkd1
GO:0060071	Plekha4
GO:0060071	Prickle1
GO:0060071	Rac1
GO:0060071	Ror2
GO:0060071	Ryk
GO:0060071	Sfrp1
GO:0060071	Sfrp2
GO:0060071	Sfrp5
GO:0060071	Vangl2
GO:0060071	Wnt11
GO:0060071	Wnt5a
GO:0060071	Wnt7a
GO:0060071	Wnt7b
GO:0060071	Wnt9b
GO:0060071	Znrf3
GO:0060804	Bmp2
GO:0060828	Adgra2
GO:0060828	Adnp
GO:0060828	Amer1
GO:0060828	Amer2
GO:0060828	Amer3
GO:0060828	Amfr
GO:0060828	Ankrd6
GO:0060828	Apc
GO:0060828	Apc2
GO:0060828	Apoe
GO:0060828	App
GO:0060828	Arntl
GO:0060828	Aspm
GO:0060828	Atp6ap2
GO:0060828	Axin1
GO:0060828	Axin2
GO:0060828	Bambi
GO:0060828	Bicc1
GO:0060828	Btrc
GO:0060828	Caprin2
GO:0060828	Cav1
GO:0060828	Cby1
GO:0060828	Ccar2
GO:0060828	Ccdc88c
GO:0060828	Ccny
GO:0060828	Ccnyl1
GO:0060828	Cdh1
GO:0060828	Cdh2
GO:0060828	Cdh3
GO:0060828	Cdk14
GO:0060828	Chd8
GO:0060828	Col1a1
GO:0060828	Csnk1a1
GO:0060828	Csnk1d
GO:0060828	Csnk1e
GO:0060828	Csnk1g1
GO:0060828	Csnk1g2
GO:0060828	Csnk1g3
GO:0060828	Ctdnep1
GO:0060828	Cthrc1
GO:0060828	Ctnnb1
GO:0060828	Ctnnbip1
GO:0060828	Ctnnd1
GO:0060828	Ctnnd2
GO:0060828	Cyld
GO:0060828	D1Pas1
GO:0060828	Daam2
GO:0060828	Dab2
GO:0060828	Dab2ip
GO:0060828	Dact1
GO:0060828	Dact3
GO:0060828	Dapk3
GO:0060828	Ddit3
GO:0060828	Ddx3x
GO:0060828	Dkk1
GO:0060828	Dkk2
GO:0060828	Dkk3
GO:0060828	Dkk4
GO:0060828	Dkkl1
GO:0060828	Dlx5
GO:0060828	Draxin
GO:0060828	Eda
GO:0060828	Egf
GO:0060828	Egfr
GO:0060828	Egr1
GO:0060828	Emd
GO:0060828	Fam53b
GO:0060828	Fermt1
GO:0060828	Fgf10
GO:0060828	Fgf2
GO:0060828	Fgf9
GO:0060828	Fgfr2
GO:0060828	Fgfr3
GO:0060828	Folr1
GO:0060828	Foxo1
GO:0060828	Foxo3
GO:0060828	Frat1
GO:0060828	Frmd8
GO:0060828	Frzb
GO:0060828	Fuz
GO:0060828	Fzd1
GO:0060828	Fzd6
GO:0060828	Fzd7
GO:0060828	Fzd9
GO:0060828	G3bp1
GO:0060828	Gid8
GO:0060828	Gli1
GO:0060828	Gli3
GO:0060828	Gnaq
GO:0060828	Gpc3
GO:0060828	Gpc5
GO:0060828	Gprc5b
GO:0060828	Grem1
GO:0060828	Gsdma3
GO:0060828	Gsk3a
GO:0060828	Gsk3b
GO:0060828	Gskip
GO:0060828	Hdac1
GO:0060828	Hdac2
GO:0060828	Hhex
GO:0060828	Ift20
GO:0060828	Ilk
GO:0060828	Invs
GO:0060828	Isl1
GO:0060828	Jade1
GO:0060828	Jrk
GO:0060828	Kank1
GO:0060828	Kpna1
GO:0060828	Kremen1
GO:0060828	Lats1
GO:0060828	Lats2
GO:0060828	Lgr4
GO:0060828	Lgr5
GO:0060828	Limd1
GO:0060828	Lmbr1l
GO:0060828	Lmx1a
GO:0060828	Lrp4
GO:0060828	Lrrk1
GO:0060828	Lrrk2
GO:0060828	Lypd6
GO:0060828	Lzts2
GO:0060828	Mad2l2
GO:0060828	Map3k1
GO:0060828	Mapk14
GO:0060828	Mcc
GO:0060828	Mdk
GO:0060828	Mks1
GO:0060828	Mllt3
GO:0060828	Nfkb1
GO:0060828	Nherf1
GO:0060828	Nkd1
GO:0060828	Nkd2
GO:0060828	Nkx2-5
GO:0060828	Nle1
GO:0060828	Nog
GO:0060828	Notch1
GO:0060828	Notum
GO:0060828	Nphp3
GO:0060828	Nphp4
GO:0060828	Nppa
GO:0060828	Nrarp
GO:0060828	Otud5
GO:0060828	Otulin
GO:0060828	Peg12
GO:0060828	Pfdn5
GO:0060828	Pin1
GO:0060828	Pin1rt1
GO:0060828	Plekha4
GO:0060828	Ppm1a
GO:0060828	Ppm1b
GO:0060828	Ppm1n
GO:0060828	Ppp2r3a
GO:0060828	Prdm15
GO:0060828	Prickle1
GO:0060828	Prkn
GO:0060828	Psen1
GO:0060828	Ptk7
GO:0060828	Ptpro
GO:0060828	Ptpru
GO:0060828	Rapgef1
GO:0060828	Rbms3
GO:0060828	Reck
GO:0060828	Rnf146
GO:0060828	Rnf220
GO:0060828	Ror2
GO:0060828	Rps12
GO:0060828	Rspo1
GO:0060828	Rspo2
GO:0060828	Rspo3
GO:0060828	Ruvbl1
GO:0060828	Ruvbl2
GO:0060828	Scel
GO:0060828	Scyl2
GO:0060828	Sdhaf2
GO:0060828	Sema5a
GO:0060828	Sfrp1
GO:0060828	Sfrp2
GO:0060828	Sfrp4
GO:0060828	Sfrp5
GO:0060828	Shh
GO:0060828	Shisa3
GO:0060828	Shisa6
GO:0060828	Siah2
GO:0060828	Smad3
GO:0060828	Snai2
GO:0060828	Sost
GO:0060828	Sostdc1
GO:0060828	Sox10
GO:0060828	Sox13
GO:0060828	Sox17
GO:0060828	Sox2
GO:0060828	Sox4
GO:0060828	Sox7
GO:0060828	Sox9
GO:0060828	Src
GO:0060828	Stk11
GO:0060828	Stk3
GO:0060828	Stk4
GO:0060828	Sulf2
GO:0060828	Tbl1xr1
GO:0060828	Tcf7l2
GO:0060828	Tgfb1
GO:0060828	Thra
GO:0060828	Tle1
GO:0060828	Tle2
GO:0060828	Tle3
GO:0060828	Tle4
GO:0060828	Tle5
GO:0060828	Tle6
GO:0060828	Tle7
GO:0060828	Tmem131l
GO:0060828	Tmem170b
GO:0060828	Tmem198
GO:0060828	Tmem64
GO:0060828	Tmem88
GO:0060828	Tmem88b
GO:0060828	Tmem9
GO:0060828	Tnks
GO:0060828	Tnks2
GO:0060828	Tnn
GO:0060828	Tpbg
GO:0060828	Tpbgl
GO:0060828	Trpm4
GO:0060828	Ttc21b
GO:0060828	Ubac2
GO:0060828	Ube2b
GO:0060828	Ubr5
GO:0060828	Usp34
GO:0060828	Usp47
GO:0060828	Usp8
GO:0060828	Vcp
GO:0060828	Vps35
GO:0060828	Wls
GO:0060828	Wnk1
GO:0060828	Wnk2
GO:0060828	Wnt10b
GO:0060828	Wnt11
GO:0060828	Wnt3a
GO:0060828	Wnt5a
GO:0060828	Wnt5b
GO:0060828	Wwtr1
GO:0060828	Xiap
GO:0060828	Yap1
GO:0060828	Zbed3
GO:0060828	Zeb2
GO:0060828	Zfp703
GO:0060828	Znrf3
GO:0060853	Dll1
GO:0060853	Rbpj
GO:0061355	Oprm1
GO:0061355	Porcn
GO:0061355	Ptpn23
GO:0061355	Tmem132a
GO:0061355	Vps35
GO:0061355	Wls
GO:0061357	Ptpn23
GO:0061357	Tmem132a
GO:0061357	Vps35
GO:0061357	Wls
GO:0061358	Oprm1
GO:0070369	Ctnnb1
GO:0070369	Tcf4
GO:0070369	Tcf7l2
GO:0070765	Aph1a
GO:0070765	Aph1b
GO:0070765	Aph1c
GO:0070765	Ncstn
GO:0070765	Psen1
GO:0070765	Psen2
GO:0070765	Psenen
GO:0070765	Tmed10
GO:0071664	Ctnnb1
GO:0071664	Jup
GO:0071664	Tcf4
GO:0071664	Tcf7l2
GO:0071665	Jup
GO:0071936	Lrp5
GO:0071936	Lrp6
GO:0071936	Reck
GO:0090090	Amer1
GO:0090090	Amer2
GO:0090090	Amfr
GO:0090090	Ankrd6
GO:0090090	Apc
GO:0090090	Apc2
GO:0090090	Apoe
GO:0090090	App
GO:0090090	Axin1
GO:0090090	Axin2
GO:0090090	Bicc1
GO:0090090	Cav1
GO:0090090	Cby1
GO:0090090	Ccdc88c
GO:0090090	Cdh1
GO:0090090	Cdh2
GO:0090090	Chd8
GO:0090090	Csnk1a1
GO:0090090	Cthrc1
GO:0090090	Ctnnb1
GO:0090090	Ctnnbip1
GO:0090090	Ctnnd1
GO:0090090	Cyld
GO:0090090	Dab2
GO:0090090	Dab2ip
GO:0090090	Dact1
GO:0090090	Dact3
GO:0090090	Ddit3
GO:0090090	Dkk1
GO:0090090	Dkk2
GO:0090090	Dkk3
GO:0090090	Dkk4
GO:0090090	Dkkl1
GO:0090090	Draxin
GO:0090090	Egr1
GO:0090090	Emd
GO:0090090	Fermt1
GO:0090090	Foxo1
GO:0090090	Foxo3
GO:0090090	Frmd8
GO:0090090	Frzb
GO:0090090	Fuz
GO:0090090	Fzd1
GO:0090090	Fzd6
GO:0090090	G3bp1
GO:0090090	Gli1
GO:0090090	Gli3
GO:0090090	Gpc3
GO:0090090	Grem1
GO:0090090	Gsdma3
GO:0090090	Gsk3a
GO:0090090	Gsk3b
GO:0090090	Hdac1
GO:0090090	Hdac2
GO:0090090	Invs
GO:0090090	Isl1
GO:0090090	Jade1
GO:0090090	Kremen1
GO:0090090	Lats1
GO:0090090	Lats2
GO:0090090	Limd1
GO:0090090	Lmbr1l
GO:0090090	Lrp4
GO:0090090	Lzts2
GO:0090090	Mad2l2
GO:0090090	Mapk14
GO:0090090	Mcc
GO:0090090	Mdk
GO:0090090	Mllt3
GO:0090090	Nherf1
GO:0090090	Nkd1
GO:0090090	Nkd2
GO:0090090	Nkx2-5
GO:0090090	Nog
GO:0090090	Notch1
GO:0090090	Notum
GO:0090090	Nphp3
GO:0090090	Nphp4
GO:0090090	Nppa
GO:0090090	Otud5
GO:0090090	Pfdn5
GO:0090090	Ppp2r3a
GO:0090090	Prickle1
GO:0090090	Prkn
GO:0090090	Ptpro
GO:0090090	Ptpru
GO:0090090	Rapgef1
GO:0090090	Rbms3
GO:0090090	Ror2
GO:0090090	Ruvbl2
GO:0090090	Scyl2
GO:0090090	Sdhaf2
GO:0090090	Sfrp1
GO:0090090	Sfrp2
GO:0090090	Sfrp4
GO:0090090	Sfrp5
GO:0090090	Shh
GO:0090090	Shisa3
GO:0090090	Shisa6
GO:0090090	Siah2
GO:0090090	Snai2
GO:0090090	Sost
GO:0090090	Sostdc1
GO:0090090	Sox10
GO:0090090	Sox13
GO:0090090	Sox17
GO:0090090	Sox2
GO:0090090	Sox9
GO:0090090	Stk11
GO:0090090	Stk3
GO:0090090	Stk4
GO:0090090	Tcf7l2
GO:0090090	Tle1
GO:0090090	Tle2
GO:0090090	Tle3
GO:0090090	Tle4
GO:0090090	Tle5
GO:0090090	Tle6
GO:0090090	Tle7
GO:0090090	Tmem131l
GO:0090090	Tmem170b
GO:0090090	Tmem64
GO:0090090	Tmem88
GO:0090090	Tmem88b
GO:0090090	Tnn
GO:0090090	Tpbg
GO:0090090	Tpbgl
GO:0090090	Ubac2
GO:0090090	Wnt11
GO:0090090	Wnt5a
GO:0090090	Wnt5b
GO:0090090	Wwtr1
GO:0090090	Znrf3
GO:0090244	Dkk1
GO:0090244	Lrp6
GO:0090244	Sfrp1
GO:0090244	Sfrp2
GO:0090263	Adgra2
GO:0090263	Adnp
GO:0090263	Amer1
GO:0090263	Arntl
GO:0090263	Aspm
GO:0090263	Atp6ap2
GO:0090263	Bambi
GO:0090263	Caprin2
GO:0090263	Cav1
GO:0090263	Ccar2
GO:0090263	Cdh3
GO:0090263	Col1a1
GO:0090263	Csnk1d
GO:0090263	Csnk1e
GO:0090263	Csnk1g1
GO:0090263	Csnk1g2
GO:0090263	Csnk1g3
GO:0090263	Ctdnep1
GO:0090263	D1Pas1
GO:0090263	Daam2
GO:0090263	Dact1
GO:0090263	Dapk3
GO:0090263	Ddx3x
GO:0090263	Dkk2
GO:0090263	Dlx5
GO:0090263	Eda
GO:0090263	Egf
GO:0090263	Egfr
GO:0090263	Fam53b
GO:0090263	Fgf10
GO:0090263	Fgf2
GO:0090263	Fgf9
GO:0090263	Fgfr2
GO:0090263	Fgfr3
GO:0090263	Frat1
GO:0090263	Fzd9
GO:0090263	Gid8
GO:0090263	Gpc3
GO:0090263	Gpc5
GO:0090263	Gprc5b
GO:0090263	Gskip
GO:0090263	Hhex
GO:0090263	Ilk
GO:0090263	Jrk
GO:0090263	Kank1
GO:0090263	Lgr4
GO:0090263	Lgr5
GO:0090263	Lmx1a
GO:0090263	Lrrk1
GO:0090263	Lrrk2
GO:0090263	Lypd6
GO:0090263	Map3k1
GO:0090263	Nfkb1
GO:0090263	Nle1
GO:0090263	Nrarp
GO:0090263	Peg12
GO:0090263	Pin1
GO:0090263	Pin1rt1
GO:0090263	Plekha4
GO:0090263	Ppm1a
GO:0090263	Ppm1b
GO:0090263	Ppm1n
GO:0090263	Ppp2r3a
GO:0090263	Prdm15
GO:0090263	Ptk7
GO:0090263	Reck
GO:0090263	Rnf146
GO:0090263	Rnf220
GO:0090263	Ror2
GO:0090263	Rps12
GO:0090263	Rspo1
GO:0090263	Rspo2
GO:0090263	Rspo3
GO:0090263	Ruvbl1
GO:0090263	Scel
GO:0090263	Sema5a
GO:0090263	Sfrp1
GO:0090263	Sfrp2
GO:0090263	Sfrp4
GO:0090263	Smad3
GO:0090263	Sox4
GO:0090263	Src
GO:0090263	Sulf2
GO:0090263	Tbl1xr1
GO:0090263	Tgfb1
GO:0090263	Thra
GO:0090263	Tmem198
GO:0090263	Tmem9
GO:0090263	Tnks
GO:0090263	Tnks2
GO:0090263	Trpm4
GO:0090263	Ttc21b
GO:0090263	Ube2b
GO:0090263	Ubr5
GO:0090263	Usp34
GO:0090263	Usp47
GO:0090263	Usp8
GO:0090263	Vcp
GO:0090263	Vps35
GO:0090263	Wls
GO:0090263	Wnk1
GO:0090263	Wnk2
GO:0090263	Wnt10b
GO:0090263	Wnt3a
GO:0090263	Xiap
GO:0090263	Yap1
GO:0090263	Zbed3
GO:0090263	Zeb2
GO:0097108	Hhip
GO:0097108	Ptch1
GO:0097108	Ptch2
GO:0097108	Scube2
GO:0198738	2210016L21Rik
GO:0198738	Abl1
GO:0198738	Abl2
GO:0198738	Adgra2
GO:0198738	Adnp
GO:0198738	Aida
GO:0198738	Amer1
GO:0198738	Amer2
GO:0198738	Amer3
GO:0198738	Amfr
GO:0198738	Amotl1
GO:0198738	Amotl2
GO:0198738	Ankrd6
GO:0198738	Apc
GO:0198738	Apc2
GO:0198738	Apcdd1
GO:0198738	Apoe
GO:0198738	App
GO:0198738	Arl6
GO:0198738	Arntl
GO:0198738	Aspm
GO:0198738	Atp6ap2
GO:0198738	Atp6v0c
GO:0198738	Atp6v1c2
GO:0198738	Axin1
GO:0198738	Axin2
GO:0198738	Bambi
GO:0198738	Barx1
GO:0198738	Bcl7b
GO:0198738	Bcl9
GO:0198738	Bcl9l
GO:0198738	Bicc1
GO:0198738	Bmp2
GO:0198738	Brd7
GO:0198738	Btrc
GO:0198738	Calcoco1
GO:0198738	Caprin2
GO:0198738	Cav1
GO:0198738	Cby1
GO:0198738	Ccar2
GO:0198738	Ccdc88c
GO:0198738	Ccn4
GO:0198738	Ccnd1
GO:0198738	Ccne1
GO:0198738	Ccny
GO:0198738	Ccnyl1
GO:0198738	Cd44
GO:0198738	Cdc73
GO:0198738	Cdh1
GO:0198738	Cdh2
GO:0198738	Cdh3
GO:0198738	Cdk14
GO:0198738	Cela1
GO:0198738	Celsr2
GO:0198738	Celsr3
GO:0198738	Cer1
GO:0198738	Chd8
GO:0198738	Cmah
GO:0198738	Col1a1
GO:0198738	Cpe
GO:0198738	Cpz
GO:0198738	Crbn
GO:0198738	Csnk1a1
GO:0198738	Csnk1d
GO:0198738	Csnk1e
GO:0198738	Csnk1g1
GO:0198738	Csnk1g2
GO:0198738	Csnk1g3
GO:0198738	Csnk2a1
GO:0198738	Csnk2a2
GO:0198738	Csnk2b
GO:0198738	Ctdnep1
GO:0198738	Cthrc1
GO:0198738	Ctnnb1
GO:0198738	Ctnnbip1
GO:0198738	Ctnnd1
GO:0198738	Ctnnd2
GO:0198738	Ctr9
GO:0198738	Cul3
GO:0198738	Cxxc4
GO:0198738	Cyld
GO:0198738	D1Pas1
GO:0198738	Daam1
GO:0198738	Daam2
GO:0198738	Dab2
GO:0198738	Dab2ip
GO:0198738	Dact1
GO:0198738	Dact2
GO:0198738	Dact3
GO:0198738	Dapk3
GO:0198738	Dcdc2a
GO:0198738	Ddb1
GO:0198738	Ddit3
GO:0198738	Ddx3x
GO:0198738	Depdc1b
GO:0198738	Disc1
GO:0198738	Dixdc1
GO:0198738	Dkk1
GO:0198738	Dkk2
GO:0198738	Dkk3
GO:0198738	Dkk4
GO:0198738	Dkkl1
GO:0198738	Dlx3
GO:0198738	Dlx5
GO:0198738	Draxin
GO:0198738	Drd2
GO:0198738	Dvl1
GO:0198738	Dvl2
GO:0198738	Dvl3
GO:0198738	Eda
GO:0198738	Edn1
GO:0198738	Ednra
GO:0198738	Ednrb
GO:0198738	Egf
GO:0198738	Egfr
GO:0198738	Egr1
GO:0198738	Emd
GO:0198738	Enpp1
GO:0198738	Epm2a
GO:0198738	Etv2
GO:0198738	Ext1
GO:0198738	Fam53b
GO:0198738	Fbxw11
GO:0198738	Fbxw4
GO:0198738	Fermt1
GO:0198738	Fermt2
GO:0198738	Fgf10
GO:0198738	Fgf2
GO:0198738	Fgf9
GO:0198738	Fgfr2
GO:0198738	Fgfr3
GO:0198738	Folr1
GO:0198738	Foxd1
GO:0198738	Foxl1
GO:0198738	Foxo1
GO:0198738	Foxo3
GO:0198738	Frat1
GO:0198738	Frat2
GO:0198738	Frmd8
GO:0198738	Frzb
GO:0198738	Fuz
GO:0198738	Fzd1
GO:0198738	Fzd10
GO:0198738	Fzd2
GO:0198738	Fzd3
GO:0198738	Fzd4
GO:0198738	Fzd5
GO:0198738	Fzd6
GO:0198738	Fzd7
GO:0198738	Fzd8
GO:0198738	Fzd9
GO:0198738	G3bp1
GO:0198738	Gid8
GO:0198738	Gli1
GO:0198738	Gli3
GO:0198738	Gnaq
GO:0198738	Gpc3
GO:0198738	Gpc4
GO:0198738	Gpc5
GO:0198738	Gprc5b
GO:0198738	Grb10
GO:0198738	Grem1
GO:0198738	Grk5
GO:0198738	Grk6
GO:0198738	Gsc
GO:0198738	Gsdma3
GO:0198738	Gsk3a
GO:0198738	Gsk3b
GO:0198738	Gskip
GO:0198738	Hbp1
GO:0198738	Hdac1
GO:0198738	Hdac2
GO:0198738	Hesx1
GO:0198738	Hhex
GO:0198738	Hic1
GO:0198738	Hm629797
GO:0198738	Hmga2
GO:0198738	Hnf1a
GO:0198738	Hnf1b
GO:0198738	Ift20
GO:0198738	Ift80
GO:0198738	Ilk
GO:0198738	Invs
GO:0198738	Isl1
GO:0198738	Itga3
GO:0198738	Jade1
GO:0198738	Jrk
GO:0198738	Jup
GO:0198738	Kank1
GO:0198738	Klf15
GO:0198738	Klf4
GO:0198738	Klhl12
GO:0198738	Kpna1
GO:0198738	Kremen1
GO:0198738	Kremen2
GO:0198738	Krt6a
GO:0198738	Lats1
GO:0198738	Lats2
GO:0198738	Ldb1
GO:0198738	Lect2
GO:0198738	Lef1
GO:0198738	Leo1
GO:0198738	Lgr4
GO:0198738	Lgr5
GO:0198738	Lgr6
GO:0198738	Limd1
GO:0198738	Lmbr1l
GO:0198738	Lmx1a
GO:0198738	Lrp1
GO:0198738	Lrp4
GO:0198738	Lrp5
GO:0198738	Lrp6
GO:0198738	Lrrfip2
GO:0198738	Lrrk1
GO:0198738	Lrrk2
GO:0198738	Lypd6
GO:0198738	Lzts2
GO:0198738	Macf1
GO:0198738	Mad2l2
GO:0198738	Map3k1
GO:0198738	Mapk14
GO:0198738	Mark1
GO:0198738	Mark2
GO:0198738	Mbd2
GO:0198738	Mcc
GO:0198738	Mdfi
GO:0198738	Mdfic
GO:0198738	Mdk
GO:0198738	Med12
GO:0198738	Mesd
GO:0198738	Mir106b
GO:0198738	Mir135a-1
GO:0198738	Mir135a-2
GO:0198738	Mir135b
GO:0198738	Mir154
GO:0198738	Mir15a
GO:0198738	Mir182
GO:0198738	Mir195a
GO:0198738	Mir196a-1
GO:0198738	Mir196a-2
GO:0198738	Mir200a
GO:0198738	Mir200b
GO:0198738	Mir20a
GO:0198738	Mir221
GO:0198738	Mir222
GO:0198738	Mir224
GO:0198738	Mir27b
GO:0198738	Mir29b-1
GO:0198738	Mir32
GO:0198738	Mir93
GO:0198738	Mitf
GO:0198738	Mks1
GO:0198738	Mllt3
GO:0198738	Myc
GO:0198738	Myoc
GO:0198738	Ndel1
GO:0198738	Ndp
GO:0198738	Ndrg2
GO:0198738	Nfatc4
GO:0198738	Nfkb1
GO:0198738	Nherf1
GO:0198738	Nid1
GO:0198738	Nkd1
GO:0198738	Nkd2
GO:0198738	Nkx2-5
GO:0198738	Nle1
GO:0198738	Nlk
GO:0198738	Nog
GO:0198738	Notch1
GO:0198738	Notum
GO:0198738	Nphp3
GO:0198738	Nphp4
GO:0198738	Nppa
GO:0198738	Nrarp
GO:0198738	Nxn
GO:0198738	Oprm1
GO:0198738	Otud5
GO:0198738	Otulin
GO:0198738	Paf1
GO:0198738	Pbxip1
GO:0198738	Peg12
GO:0198738	Pfdn5
GO:0198738	Pias4
GO:0198738	Pin1
GO:0198738	Pin1rt1
GO:0198738	Pitx2
GO:0198738	Pkd1
GO:0198738	Pkd2
GO:0198738	Plekha4
GO:0198738	Plpp3
GO:0198738	Porcn
GO:0198738	Ppm1a
GO:0198738	Ppm1b
GO:0198738	Ppm1n
GO:0198738	Ppp2r3a
GO:0198738	Prdm15
GO:0198738	Prickle1
GO:0198738	Prkaa1
GO:0198738	Prkaa2
GO:0198738	Prkn
GO:0198738	Psen1
GO:0198738	Pten
GO:0198738	Ptk7
GO:0198738	Ptpn23
GO:0198738	Ptpro
GO:0198738	Ptpru
GO:0198738	Pygo1
GO:0198738	Pygo2
GO:0198738	Rab5a
GO:0198738	Rac1
GO:0198738	Rac3
GO:0198738	Rapgef1
GO:0198738	Rbms3
GO:0198738	Reck
GO:0198738	Rnf138
GO:0198738	Rnf146
GO:0198738	Rnf213
GO:0198738	Rnf220
GO:0198738	Rnf43
GO:0198738	Ror1
GO:0198738	Ror2
GO:0198738	Rps12
GO:0198738	Rspo1
GO:0198738	Rspo2
GO:0198738	Rspo3
GO:0198738	Rspo4
GO:0198738	Rtf1
GO:0198738	Ruvbl1
GO:0198738	Ruvbl2
GO:0198738	Ryk
GO:0198738	Sall1
GO:0198738	Scel
GO:0198738	Scyl2
GO:0198738	Sdc1
GO:0198738	Sdhaf2
GO:0198738	Sema5a
GO:0198738	Senp2
GO:0198738	Sfrp1
GO:0198738	Sfrp2
GO:0198738	Sfrp4
GO:0198738	Sfrp5
GO:0198738	Shh
GO:0198738	Shisa2
GO:0198738	Shisa3
GO:0198738	Shisa6
GO:0198738	Siah1a
GO:0198738	Siah1b
GO:0198738	Siah2
GO:0198738	Six3
GO:0198738	Skic8
GO:0198738	Smad3
GO:0198738	Smarca4
GO:0198738	Snai2
GO:0198738	Snx3
GO:0198738	Sost
GO:0198738	Sostdc1
GO:0198738	Sox10
GO:0198738	Sox13
GO:0198738	Sox17
GO:0198738	Sox2
GO:0198738	Sox30
GO:0198738	Sox4
GO:0198738	Sox7
GO:0198738	Sox9
GO:0198738	Spin1
GO:0198738	Src
GO:0198738	Stk11
GO:0198738	Stk3
GO:0198738	Stk4
GO:0198738	Strn
GO:0198738	Sulf1
GO:0198738	Sulf2
GO:0198738	Tax1bp3
GO:0198738	Tbl1xr1
GO:0198738	Tcf7
GO:0198738	Tcf7l1
GO:0198738	Tcf7l2
GO:0198738	Tert
GO:0198738	Tgfb1
GO:0198738	Tgfb1i1
GO:0198738	Thra
GO:0198738	Tiam1
GO:0198738	Tle1
GO:0198738	Tle2
GO:0198738	Tle3
GO:0198738	Tle4
GO:0198738	Tle5
GO:0198738	Tle6
GO:0198738	Tle7
GO:0198738	Tlr2
GO:0198738	Tmem131l
GO:0198738	Tmem132a
GO:0198738	Tmem170b
GO:0198738	Tmem198
GO:0198738	Tmem237
GO:0198738	Tmem64
GO:0198738	Tmem67
GO:0198738	Tmem88
GO:0198738	Tmem88b
GO:0198738	Tmem9
GO:0198738	Tnfaip3
GO:0198738	Tnik
GO:0198738	Tnks
GO:0198738	Tnks2
GO:0198738	Tnn
GO:0198738	Tpbg
GO:0198738	Tpbgl
GO:0198738	Trabd2b
GO:0198738	Trpm4
GO:0198738	Tsc2
GO:0198738	Tsku
GO:0198738	Ttc21b
GO:0198738	Ubac2
GO:0198738	Ube2b
GO:0198738	Ubr5
GO:0198738	Usp34
GO:0198738	Usp47
GO:0198738	Usp8
GO:0198738	Vangl2
GO:0198738	Vax2
GO:0198738	Vcp
GO:0198738	Vgll4
GO:0198738	Vps35
GO:0198738	Vps4b
GO:0198738	Wif1
GO:0198738	Wls
GO:0198738	Wnk1
GO:0198738	Wnk2
GO:0198738	Wnt1
GO:0198738	Wnt10a
GO:0198738	Wnt10b
GO:0198738	Wnt11
GO:0198738	Wnt16
GO:0198738	Wnt2
GO:0198738	Wnt2b
GO:0198738	Wnt3
GO:0198738	Wnt3a
GO:0198738	Wnt4
GO:0198738	Wnt5a
GO:0198738	Wnt5b
GO:0198738	Wnt6
GO:0198738	Wnt7a
GO:0198738	Wnt7b
GO:0198738	Wnt8a
GO:0198738	Wnt8b
GO:0198738	Wnt9a
GO:0198738	Wnt9b
GO:0198738	Wwox
GO:0198738	Wwtr1
GO:0198738	Xiap
GO:0198738	Yap1
GO:0198738	Zbed3
GO:0198738	Zbtb33
GO:0198738	Zeb2
GO:0198738	Zfp703
GO:0198738	Znrf3
GO:0198738	Zranb1
GO:1901231	Nkd1
GO:1902367	Lfng
GO:1902367	Nrarp
GO:1904723	Dkk1
GO:1904887	Lrrk2
GO:1904928	Reck
GO:1904938	Celsr3
GO:1904938	Fzd3
GO:1904938	Ryk
GO:1904938	Vangl2
GO:1904938	Wnt5a
GO:1904938	Wnt7b
GO:1905240	Gsk3b
GO:1905240	Tnn
GO:1905474	Wnt3
GO:1990787	Enpp1
GO:1990787	Gli1
GO:1990787	Gli3
GO:1990787	Sufu
GO:1990788	Gli1
GO:1990788	Gli3
GO:1990788	Sufu
GO:1990851	Fzd8
GO:1990851	Lrp6
GO:1990851	Wnt3a
GO:1990851	Wnt9b
GO:1990909	Adgra2
GO:1990909	Axin1
GO:1990909	Ctnnb1
GO:1990909	Dvl1
GO:1990909	Dvl3
GO:1990909	Gsk3b
GO:1990909	Lrp6
GO:1990909	Lrrk2
GO:1990909	Reck
GO:1990909	Wnt1
GO:1990909	Wnt3a
GO:2000050	Abl1
GO:2000050	Abl2
GO:2000050	Ankrd6
GO:2000050	Csnk1d
GO:2000050	Csnk1e
GO:2000050	Daam2
GO:2000050	Dab2
GO:2000050	Dact1
GO:2000050	Gpc3
GO:2000050	Ift80
GO:2000050	Lrp6
GO:2000050	Mir154
GO:2000050	Mks1
GO:2000050	Mllt3
GO:2000050	Nkd1
GO:2000050	Plekha4
GO:2000050	Rnf213
GO:2000050	Rspo1
GO:2000050	Rspo3
GO:2000050	Sfrp1
GO:2000050	Sfrp4
GO:2000050	Tiam1
GO:2000050	Wnt5a
GO:2000050	Znrf3
GO:2000051	Ift80
GO:2000051	Lrp6
GO:2000051	Mir154
GO:2000051	Rnf213
GO:2000051	Sfrp4
GO:2000051	Znrf3
GO:2000052	Abl1
GO:2000052	Abl2
GO:2000052	Ankrd6
GO:2000052	Csnk1d
GO:2000052	Csnk1e
GO:2000052	Dab2
GO:2000052	Gpc3
GO:2000052	Mllt3
GO:2000052	Nkd1
GO:2000052	Plekha4
GO:2000052	Rspo1
GO:2000052	Rspo3
GO:2000052	Sfrp1
GO:2000052	Wnt5a
GO:2000080	Sfrp1
GO:2000081	Wnt3a
GO:2000095	Abl1
GO:2000095	Abl2
GO:2000095	Ankrd6
GO:2000095	Dab2
GO:2000095	Dact1
GO:2000095	Gpc3
GO:2000095	Mks1
GO:2000095	Mllt3
GO:2000095	Nkd1
GO:2000095	Plekha4
GO:2000095	Znrf3
GO:2000096	Abl1
GO:2000096	Abl2
GO:2000096	Ankrd6
GO:2000096	Dab2
GO:2000096	Gpc3
GO:2000096	Mllt3
GO:2000096	Nkd1
GO:2000096	Plekha4
GO:2000286	Cav1
GO:2000286	Rab5a
GO:2000286	Scyl2
