GO:0007275	2210016L21Rik
GO:0007275	2310057J18Rik
GO:0007275	4930447C04Rik
GO:0007568	Abat
GO:2000774	Abi3
GO:0090398	Abi3
GO:2000772	Abi3
GO:0090398	Abl1
GO:2000772	Abl1
GO:2000773	Abl1
GO:0007275	Ackr3
GO:0007568	Acmsd
GO:0007275	Acsbg2
GO:0014732	Actn3
GO:0014889	Actn3
GO:0014891	Actn3
GO:0007275	Adad1
GO:0007275	Adam18
GO:0007275	Adam24
GO:0007275	Adam25
GO:0007275	Adam26a
GO:0007275	Adcyap1r1
GO:0007275	Adgrg1
GO:0007275	Adgrv1
GO:0007568	Adra1a
GO:0010259	Adra1a
GO:0007275	Adra1a
GO:0010259	Adra1b
GO:0007275	Adra1b
GO:0007568	Adra1b
GO:0007568	Adra1d
GO:0010259	Adra1d
GO:0007275	Adra1d
GO:0007275	Agfg1
GO:0007275	Aggf1
GO:0007275	Ago2
GO:0007275	Agrn
GO:0010259	Agtr1a
GO:0007275	Agtr1a
GO:0007568	Agtr1a
GO:0010259	Agtr1b
GO:0007275	Agtr1b
GO:0007568	Agtr1b
GO:0007275	Ahctf1
GO:0007275	Ahdc1
GO:0007275	Ahi1
GO:0007275	Aida
GO:0007275	Aimp2
GO:0007275	Akirin2
GO:0007275	Akt1
GO:0007568	Akt1
GO:0007275	Akt2
GO:2000773	Akt3
GO:0090398	Akt3
GO:2000772	Akt3
GO:0007568	Aldoc
GO:0007275	Alk
GO:0007275	Alpk3
GO:0010259	Alpl
GO:0007275	Alpl
GO:0007568	Alpl
GO:0007275	Alx1
GO:0007275	Alx3
GO:0007275	Alx4
GO:0007275	Ambra1
GO:0007275	Amelx
GO:0007275	Amigo1
GO:0007275	Amn
GO:0007275	Ang
GO:0007275	Ang3
GO:0007275	Angpt1
GO:0007275	Angpt2
GO:0007275	Angptl6
GO:0007275	Ano1
GO:0007275	Anpep
GO:0007275	Apaf1
GO:0007275	Apela
GO:0007568	Apex1
GO:0007275	Apln
GO:0007275	Aplnr
GO:0007568	Apod
GO:0007568	Apoe
GO:0007275	Arc
GO:2000774	Arg2
GO:0090398	Arg2
GO:2000772	Arg2
GO:0007275	Arhgap22
GO:0007275	Arhgap24
GO:0010259	Arhgef12
GO:0007275	Arhgef12
GO:0007568	Arhgef12
GO:0007275	Arhgef2
GO:0007275	Arid3b
GO:0007275	Arl13b
GO:0090403	Arntl
GO:2000772	Arntl
GO:0090398	Arntl
GO:0090400	Arntl
GO:0007275	Arvcf
GO:0007275	Arx
GO:0007275	Asb1
GO:0014732	Asb2
GO:0014889	Asb2
GO:0014891	Asb2
GO:0007275	Ascl1
GO:0007275	Ascl2
GO:0007275	Asz1
GO:0090399	Atm
GO:0007275	Atoh1
GO:0007275	Atoh7
GO:0007275	Atoh8
GO:0007568	Atp8a2
GO:0090399	Atr
GO:0010259	Avpr1a
GO:0007275	Avpr1a
GO:0007568	Avpr1a
GO:0010259	Avpr1b
GO:0007275	Avpr1b
GO:0007568	Avpr1b
GO:0007275	Axin1
GO:0007275	Axl
GO:2000774	B2m
GO:0090398	B2m
GO:2000772	B2m
GO:0007275	B3gnt5
GO:0007275	Banp
GO:0007275	Barhl2
GO:0051094	Bax
GO:0050793	Bax
GO:0051093	Bcl2l1
GO:0050793	Bcl2l1
GO:2000773	Bcl2l12
GO:0090398	Bcl2l12
GO:2000772	Bcl2l12
GO:2000773	Bcl6
GO:0090398	Bcl6
GO:2000772	Bcl6
GO:0007275	Bex1
GO:0007275	Bhlha9
GO:0007275	Bicc1
GO:0007275	Bin1
GO:0007275	Bmp1
GO:0007275	Bmp10
GO:0007275	Bmp2
GO:0007275	Bmp3
GO:0007275	Bmp4
GO:0007275	Bmp5
GO:0007275	Bmp6
GO:0007275	Bmp7
GO:0007275	Bmp8a
GO:0007275	Bmp8b
GO:2000772	Bmpr1a
GO:0090398	Bmpr1a
GO:0007275	Boll
GO:0090398	Brca2
GO:0050793	Brd1
GO:0050793	Brpf1
GO:0050793	Brpf3
GO:0007275	Btbd7
GO:0007275	Bves
GO:0007275	C1galt1
GO:0007568	C1qa
GO:0007275	Cactin
GO:0007275	Cadm1
GO:0090398	Calr
GO:0007275	Camk1
GO:0007275	Camk2g
GO:0007568	Capn10
GO:0007275	Casz1
GO:0007275	Catsper1
GO:0007275	Catsper2
GO:0007275	Catsper3
GO:0007275	Catsper4
GO:0007275	Catsperb
GO:0007275	Catsperd
GO:0007275	Catsperg2
GO:0090398	Cav1
GO:0007275	Cavin4
GO:0007275	Cbll1
GO:0035985	Cbx3
GO:0007275	Ccbe1
GO:0007275	Ccdc120
GO:0007275	Ccdc85c
GO:0007275	Cchcr1
GO:0007275	Ccin
GO:0007275	Ccna1
GO:0007275	Ccsap
GO:0007568	Cd68
GO:0007275	Cdh1
GO:0007275	Cdh10
GO:0007275	Cdh11
GO:0007275	Cdh12
GO:0007275	Cdh13
GO:0007275	Cdh15
GO:0007275	Cdh17
GO:0007275	Cdh18
GO:0007275	Cdh19
GO:0007275	Cdh2
GO:0007275	Cdh20
GO:0007275	Cdh22
GO:0007275	Cdh24
GO:0007275	Cdh26
GO:0007275	Cdh3
GO:0007275	Cdh4
GO:0007275	Cdh5
GO:0007275	Cdh6
GO:0007275	Cdh7
GO:0007275	Cdh8
GO:0007275	Cdh9
GO:0007275	Cdhr18
GO:0007275	Cdk20
GO:2000773	Cdk6
GO:0090398	Cdk6
GO:2000772	Cdk6
GO:0090398	Cdkn1a
GO:0007568	Cdkn1c
GO:0007568	Cdkn2a
GO:0035985	Cdkn2a
GO:0090398	Cdkn2a
GO:0090399	Cdkn2a
GO:0090398	Cdkn2b
GO:0007275	Cdx1
GO:0007275	Cdx2
GO:0007275	Cdx4
GO:0007275	Cebpa
GO:0007275	Celsr1
GO:0007275	Celsr2
GO:0007275	Celsr3
GO:0007275	Cemip2
GO:0007275	Cenpe
GO:0050793	Cenpe
GO:0007275	Cep131
GO:0007275	Cfap53
GO:0007275	Cfc1
GO:0007275	Cfdp1
GO:0014732	Cflar
GO:0014889	Cflar
GO:0014891	Cflar
GO:2000774	Cgas
GO:0090398	Cgas
GO:2000772	Cgas
GO:0007275	Chl1
GO:0007275	Chrd
GO:0007275	Chrdl1
GO:0007275	Chrdl2
GO:0007275	Churc1
GO:0007275	Cilk1
GO:0007275	Cit
GO:0007275	Cited1
GO:0007275	Cited2
GO:0007275	Clgn
GO:0007275	Clptm1
GO:0007275	Cnmd
GO:0007275	Cnot1
GO:0007275	Cnot2
GO:0007275	Cnot3
GO:0007568	Cnr1
GO:0007275	Cntf
GO:0007275	Col13a1
GO:0007275	Col19a1
GO:0007275	Colec11
GO:0010259	Comp
GO:0007275	Comp
GO:0007568	Comp
GO:0007275	Cr1l
GO:0007275	Crb2
GO:0007275	Creb3l1
GO:0007275	Creb3l2
GO:0007275	Creb3l4
GO:0007275	Crx
GO:0007275	Csf1r
GO:0007275	Cspg4
GO:0007275	Cspg5
GO:0007275	Csrp2
GO:0007275	Csrp3
GO:0007568	Ctc1
GO:0090399	Ctc1
GO:0007275	Ctf2
GO:0007275	Ctnna2
GO:0007275	Ctnnd2
GO:0007275	Cux1
GO:0007275	Cxcl17
GO:0007275	Cyfip1
GO:0007568	Cyp27b1
GO:0007275	D130043K22Rik
GO:0007275	D1Pas1
GO:0007275	Dab1
GO:0007275	Dab2
GO:0007275	Dab2ip
GO:0007275	Dach1
GO:0007275	Dach2
GO:0007275	Dact1
GO:0007275	Dact2
GO:0007275	Dazap1
GO:0007275	Dazl
GO:0007275	Dbn1
GO:0007275	Dbx1
GO:0007275	Dcaf7
GO:0007275	Dcc
GO:0007275	Dclk1
GO:0007275	Dcx
GO:0051093	Ddb1
GO:0050793	Ddb1
GO:0007275	Ddr1
GO:0007275	Ddr2
GO:0007275	Ddx11
GO:0007275	Ddx25
GO:0007275	Ddx4
GO:0007275	Deaf1
GO:0007275	Dhh
GO:0007275	Dhx36
GO:0007275	Diaph2
GO:0007275	Dip2a
GO:0007275	Disc1
GO:0007275	Disp1
GO:0007275	Dixdc1
GO:0007275	Dkk1
GO:0007275	Dkk2
GO:0007275	Dkk3
GO:0007275	Dkk4
GO:0007275	Dll1
GO:0007275	Dll3
GO:0007275	Dll4
GO:0007275	Dlx1
GO:0007275	Dlx2
GO:0007275	Dlx3
GO:0007275	Dlx4
GO:0007275	Dlx5
GO:0007275	Dlx6
GO:0007275	Dmbt1
GO:0007275	Dmbx1
GO:0007275	Dmrt1
GO:0007275	Dmrt3
GO:0090398	Dnaja3
GO:0007275	Dnase2a
GO:0007275	Dnd1
GO:0007275	Dner
GO:0007275	Dnhd1
GO:0007275	Dock7
GO:0007275	Donson
GO:0007275	Dppa3
GO:0007275	Dppa4
GO:0007275	Dppa5a
GO:0007275	Dpy19l2
GO:0007275	Dpysl2
GO:0007275	Draxin
GO:0007275	Drgx
GO:0007275	Dvl1
GO:0007275	Dvl2
GO:0007275	Dvl3
GO:0007275	Dync2h1
GO:0007275	Dync2li1
GO:0007275	Dzip1
GO:0007275	Ebf1
GO:0007275	Ebf2
GO:0007275	Ebf3
GO:0007275	Ebf4
GO:0090398	Ecrg4
GO:0007275	Ecscr
GO:0007275	Eda
GO:0007275	Eda2r
GO:0007275	Edar
GO:0007275	Edaradd
GO:0007275	Edf1
GO:0007275	Edil3
GO:0010259	Edn1
GO:0007275	Edn1
GO:0007568	Edn1
GO:0010259	Ednra
GO:0007275	Ednra
GO:0007568	Ednra
GO:2000774	Eef1e1
GO:0090398	Eef1e1
GO:2000772	Eef1e1
GO:0007275	Efna5
GO:0007275	Efnb1
GO:0007275	Efnb2
GO:0007275	Efnb3
GO:0007275	Egfl6
GO:0007275	Egfl7
GO:0007275	Egfr
GO:0007275	Eid2
GO:0007568	Eif2b5
GO:0007568	Eif2s1
GO:0007275	Elavl3
GO:0007275	Elf3
GO:0007275	Emx1
GO:0007275	Emx2
GO:0007275	En1
GO:0007275	En2
GO:0007275	Enah
GO:0007275	Enc1
GO:0007568	Enpp1
GO:0010259	Enpp1
GO:0007275	Enpp1
GO:0007275	Eomes
GO:0007275	Epas1
GO:0007275	Epha1
GO:0007275	Epha2
GO:0007275	Epha4
GO:0007275	Epha5
GO:0007275	Epha7
GO:0007275	Epha8
GO:0007275	Ephb2
GO:0007275	Ephb3
GO:0007275	Ephb4
GO:0007275	Erbb2
GO:0007275	Erbb3
GO:0007275	Erbb4
GO:0010259	Ercc1
GO:0090399	Ercc1
GO:0007275	Ercc1
GO:0007568	Ercc1
GO:0007568	Ercc2
GO:0007275	Ereg
GO:0007275	Etl4
GO:0007275	Evx1
GO:0007275	Evx2
GO:0007275	Eya1
GO:0007275	Eya2
GO:0007275	Eya3
GO:0007275	Eya4
GO:0007275	Fam3c
GO:0007275	Fancd2
GO:0007275	Farp1
GO:0007275	Fat3
GO:0014889	Fbxo32
GO:0007568	Fbxo4
GO:0007275	Fbxo45
GO:2000773	Fbxo5
GO:0090398	Fbxo5
GO:2000772	Fbxo5
GO:0007275	Fbxw4
GO:0007275	Fev
GO:0007275	Fezf1
GO:0007275	Fezf2
GO:0007275	Fgf1
GO:0007275	Fgf17
GO:0007275	Fgf2
GO:0007275	Fgf3
GO:0007275	Fgf4
GO:0007275	Fgf6
GO:0007275	Fgf8
GO:0007275	Fgf9
GO:0007275	Fgfr1
GO:0007275	Fgfr2
GO:0007275	Fgfr3
GO:0007275	Fgfr4
GO:0007275	Fhl1
GO:0007275	Figla
GO:0007275	Flg
GO:0007275	Flii
GO:0007275	Flrt1
GO:0007275	Flrt2
GO:0007275	Flrt3
GO:0007275	Flt1
GO:0007275	Flt3
GO:0007275	Flt4
GO:0007275	Fmn2
GO:0007275	Fmnl3
GO:0007275	Foxa1
GO:0007275	Foxa2
GO:0007275	Foxa3
GO:0007275	Foxc1
GO:0007275	Foxc2
GO:0007275	Foxd1
GO:0007275	Foxd3
GO:0007275	Foxg1
GO:0007275	Foxk1
GO:0007275	Foxn1
GO:0007275	Foxn4
GO:0007568	Foxo3
GO:0007275	Foxo4
GO:0007275	Frem1
GO:0007275	Frem2
GO:0007275	Frzb
GO:0007275	Fst
GO:0007275	Fstl1
GO:0007275	Fstl3
GO:0007275	Fstl4
GO:0007275	Fstl5
GO:0007275	Fuz
GO:0007275	Fxr1
GO:0007275	Fyn
GO:0007275	Fzd1
GO:0007275	Fzd10
GO:0007275	Fzd2
GO:0007275	Fzd3
GO:0007275	Fzd4
GO:0007275	Fzd5
GO:0007275	Fzd6
GO:0007275	Fzd7
GO:0007275	Fzd8
GO:0007275	Fzd9
GO:2000773	Fzr1
GO:0090398	Fzr1
GO:2000772	Fzr1
GO:0007275	G2e3
GO:0007275	Gadd45b
GO:0007275	Gadd45g
GO:0007275	Gap43
GO:0007275	Gapdh
GO:0007275	Gas7
GO:0014889	Gatm
GO:0007275	Gcm1
GO:0007275	Gcm2
GO:0007275	Gdf3
GO:0007275	Gdf6
GO:0007275	Gfi1b
GO:0007275	Ggn
GO:0007275	Ggnbp1
GO:0007275	Ggnbp2
GO:0007275	Gje1
GO:0007275	Gldn
GO:0007275	Gli1
GO:0007275	Gli2
GO:0007275	Glis2
GO:0007275	Gm27179
GO:0007275	Gmcl1
GO:0010259	Gna11
GO:0007275	Gna11
GO:0007568	Gna11
GO:0010259	Gna12
GO:0007275	Gna12
GO:0007568	Gna12
GO:0010259	Gna13
GO:0007275	Gna13
GO:0007568	Gna13
GO:0007568	Gnao1
GO:0010259	Gnaq
GO:0007275	Gnaq
GO:0007568	Gnaq
GO:0007275	Gnrh1
GO:0007275	Golga3
GO:0007275	Gpr157
GO:0007275	Gpr161
GO:0007275	Gpsm1
GO:0007275	Gpx4
GO:0007568	Grb2
GO:0007275	Greb1
GO:0007275	Greb1l
GO:0007275	Grem2
GO:0007275	Grhl1
GO:0007275	Gsc
GO:0007275	Gsdma3
GO:0007568	Gsk3a
GO:0007275	Gsk3b
GO:0014891	Gsn
GO:0014889	Gsn
GO:0007275	Gsx1
GO:0007275	Gsx2
GO:0007275	Gtf2ird1
GO:0007275	H1f6
GO:0007275	H1f7
GO:0007275	H1f9
GO:0007275	H2az1
GO:0007275	Hacd1
GO:0007275	Hand1
GO:0007275	Hand2
GO:0007275	Heg1
GO:0007275	Hells
GO:0007275	Helt
GO:0010259	Helt
GO:0007568	Helt
GO:0007275	Hemgn
GO:0007275	Hes5
GO:0007275	Hes6
GO:0007275	Hes7
GO:0007275	Hesx1
GO:0007275	Hey1
GO:0007275	Hey2
GO:0007275	Heyl
GO:0007275	Hhat
GO:0007275	Hhex
GO:0007275	Hic1
GO:0007275	Hif3a
GO:0035985	Hmga1
GO:0090402	Hmga1
GO:0090398	Hmga1
GO:0035985	Hmga1b
GO:0090402	Hmga1b
GO:0090398	Hmga1b
GO:0035985	Hmga2
GO:0090402	Hmga2
GO:2000773	Hmga2
GO:0090398	Hmga2
GO:2000772	Hmga2
GO:0007275	Hmx1
GO:0007275	Hmx2
GO:0007275	Hmx3
GO:0007275	Hnrnpu
GO:0007275	Hook1
GO:0007275	Hopx
GO:0007275	Hoxa1
GO:0007275	Hoxa10
GO:0007275	Hoxa11
GO:0007275	Hoxa13
GO:0007275	Hoxa2
GO:0007275	Hoxa3
GO:0007275	Hoxa4
GO:0007275	Hoxa5
GO:0007275	Hoxa6
GO:0007275	Hoxa7
GO:0007275	Hoxa9
GO:0007275	Hoxb1
GO:0007275	Hoxb13
GO:0007275	Hoxb2
GO:0007275	Hoxb3
GO:0007275	Hoxb4
GO:0007275	Hoxb5
GO:0007275	Hoxb6
GO:0007275	Hoxb7
GO:0007275	Hoxb8
GO:0007275	Hoxb9
GO:0007275	Hoxc10
GO:0007275	Hoxc11
GO:0007275	Hoxc12
GO:0007275	Hoxc13
GO:0007275	Hoxc4
GO:0007275	Hoxc5
GO:0007275	Hoxc6
GO:0007275	Hoxc8
GO:0007275	Hoxc9
GO:0007275	Hoxd1
GO:0007275	Hoxd10
GO:0007275	Hoxd11
GO:0007275	Hoxd12
GO:0007275	Hoxd13
GO:0007275	Hoxd3
GO:0007275	Hoxd4
GO:0007275	Hoxd8
GO:0007275	Hoxd9
GO:0090398	Hras
GO:0007275	Hrnr
GO:0007275	Hspa1l
GO:0007275	Htatip2
GO:0090398	Htt
GO:0010259	Hyal2
GO:0007275	Hyal2
GO:0007568	Hyal2
GO:0007275	Hydin
GO:2000772	Icmt
GO:0090398	Icmt
GO:0007275	Id1
GO:0007275	Id2
GO:0090398	Id2
GO:0007275	Id3
GO:0007275	Ifi204
GO:0007568	Ifi27l2a
GO:0007275	Ifitm5
GO:0007275	Ifrd1
GO:0007275	Ift122
GO:0007275	Ift172
GO:0007275	Ift74
GO:0007275	Ift81
GO:0007275	Igf1r
GO:0007275	Igsf9
GO:0007275	Ihh
GO:0007275	Ikzf1
GO:2000774	Ilk
GO:0090398	Ilk
GO:2000772	Ilk
GO:0007275	Ina
GO:2000772	Ing2
GO:0090398	Ing2
GO:0050793	Ing5
GO:0007275	Insc
GO:0051093	Insl6
GO:0050793	Insl6
GO:0007275	Insm1
GO:0007275	Insr
GO:0007275	Insrr
GO:0007275	Intu
GO:0007275	Invs
GO:0007275	Irx3
GO:0007275	Irx4
GO:0007275	Isl1
GO:0007275	Isl2
GO:0007275	Islr2
GO:0007275	Itga8
GO:0007275	Itgav
GO:0007275	Jag1
GO:0007275	Jag2
GO:0007275	Jarid2
GO:1990636	Jmjd1c
GO:0007275	Jmjd6
GO:0007275	Jph2
GO:0050793	Kat6a
GO:0090398	Kat6a
GO:0050793	Kat6b
GO:0007275	Kazald1
GO:0007275	Kctd11
GO:0007275	Kctd15
GO:0007275	Kdf1
GO:0007275	Kdm1a
GO:0007275	Kdm1b
GO:0007275	Kdm5a
GO:0007275	Kdr
GO:0007275	Khdc3
GO:0007275	Kif26b
GO:0007275	Kif2a
GO:0007275	Kifbp
GO:0007275	Kit
GO:0051093	Kit
GO:0050793	Kit
GO:0007568	Kl
GO:0007275	Klhl40
GO:2000774	Kras
GO:0090398	Kras
GO:2000772	Kras
GO:0007275	Kremen1
GO:0007275	Kremen2
GO:0007568	Krt14
GO:0007568	Krt16
GO:0007568	Krt25
GO:0007275	L1cam
GO:0007275	Lbh
GO:0007275	Lbx1
GO:0007275	Lclat1
GO:0007275	Ldb1
GO:0007275	Lefty1
GO:0007275	Lefty2
GO:0007275	Lenep
GO:0007275	Lfng
GO:0007275	Lgr4
GO:0007275	Lhx1
GO:0007275	Lhx6
GO:0007275	Lmbrd1
GO:0090398	Lmna
GO:0007275	Lmx1a
GO:0007275	Lmx1b
GO:0010259	Lncpint
GO:0007275	Lncpint
GO:0007568	Lncpint
GO:0007275	Lnpk
GO:0007275	Lrig3
GO:0007275	Lrp1
GO:0007275	Lrp4
GO:0007275	Lrp5
GO:0007275	Lrp6
GO:0007275	Lsm14a
GO:0007275	Lsm14b
GO:0007275	Ltk
GO:0007275	Mab21l1
GO:0007275	Mab21l2
GO:0007275	Mael
GO:0051093	Mael
GO:0050793	Mael
GO:0090398	Map2k1
GO:2000773	Map3k3
GO:0090398	Map3k3
GO:2000772	Map3k3
GO:0007568	Mapk1
GO:0090400	Mapk14
GO:0090398	Mapk14
GO:0007275	Mapk1ip1
GO:0007568	Mapk3
GO:0090400	Mapkapk5
GO:0090398	Mapkapk5
GO:0007275	Mark2
GO:0007275	Mbnl3
GO:0007275	Mcl1
GO:0007275	Mctp2
GO:0007275	Mdfi
GO:0007275	Mdga1
GO:0007275	Mdk
GO:0007275	Mea1
GO:0050793	Meaf6
GO:0007275	Mecom
GO:0007275	Med1
GO:0007275	Mef2a
GO:0007275	Mef2c
GO:0007275	Mef2d
GO:0007275	Meis1
GO:0007275	Meis2
GO:0007275	Meox1
GO:0007275	Meox2
GO:0007275	Mertk
GO:0007275	Mesp1
GO:0007275	Mesp2
GO:0007275	Met
GO:0007275	Metrn
GO:0007275	Mettl23
GO:0007275	Mfn1
GO:0007275	Mfn2
GO:0007275	Mfng
GO:0007275	Mgp
GO:0090398	Mif
GO:2000773	Mif
GO:2000772	Mif
GO:0090398	Mir125a
GO:0090398	Mir125b-1
GO:0090398	Mir125b-2
GO:0090398	Mir128-1
GO:0090398	Mir128-2
GO:0090398	Mir130a
GO:0090398	Mir132
GO:0090398	Mir134
GO:0090398	Mir140
GO:0090398	Mir15a
GO:0090398	Mir15b
GO:0090398	Mir16-1
GO:0090398	Mir16-2
GO:0090398	Mir183
GO:0090398	Mir188
GO:0090398	Mir1897
GO:0090398	Mir191
GO:0090398	Mir193b
GO:0090398	Mir199a-1
GO:0090398	Mir199a-2
GO:0090398	Mir19b-1
GO:0090398	Mir19b-2
GO:0090398	Mir20a
GO:0090398	Mir211
GO:0090398	Mir22
GO:0090398	Mir23a
GO:0090398	Mir23b
GO:0090398	Mir24-1
GO:0090398	Mir24-2
GO:0090398	Mir25
GO:0090398	Mir27a
GO:0090398	Mir290a
GO:0090398	Mir296
GO:0090398	Mir30a
GO:0090398	Mir31
GO:0090398	Mir342
GO:0090398	Mir34a
GO:0090398	Mir34b
GO:0090398	Mir34c
GO:0090398	Mir370
GO:0090398	Mir378a
GO:0090398	Mir378b
GO:0090398	Mir378d
GO:0090398	Mir483
GO:0090398	Mir5100
GO:0090398	Mir671
GO:0090398	Mir877
GO:0090398	Mir99a
GO:0090398	Mirlet7b
GO:0090398	Mirlet7d
GO:0090398	Mirlet7f-1
GO:0090398	Mirlet7f-2
GO:0090398	Mirlet7g
GO:0090398	Mirlet7i
GO:0007275	Mitf
GO:0007275	Mixl1
GO:0007275	Mkx
GO:0007275	Mlf1
GO:0007275	Mmp11
GO:0007275	Mmp19
GO:0007568	Mmp2
GO:0007568	Mmp9
GO:0007275	Mn1
GO:0090398	Mnt
GO:0007275	Mnx1
GO:0007275	Morc1
GO:2000774	Morc3
GO:0090398	Morc3
GO:2000772	Morc3
GO:0007275	Mov10l1
GO:0007275	Mrtfb
GO:0007275	Msgn1
GO:0007568	Msra
GO:0007275	Mst1r
GO:0007275	Msx1
GO:0007275	Msx2
GO:0007275	Msx3
GO:0007568	mt-Nd4
GO:2000774	Mtor
GO:0090398	Mtor
GO:2000772	Mtor
GO:0007275	Mturn
GO:0007275	Musk
GO:0007275	Mycbpap
GO:0007275	Myf5
GO:0007275	Myf6
GO:0007275	Myod1
GO:0007275	Myog
GO:0014891	Myog
GO:0014889	Myog
GO:0007275	Myt1
GO:0007275	Myt1l
GO:0007275	N4bp3
GO:0007275	Naa15
GO:2000773	Nampt
GO:0090398	Nampt
GO:2000772	Nampt
GO:0007275	Nanog
GO:0007275	Nanos2
GO:0007275	Nanos3
GO:0007275	Nat8f1
GO:0007275	Nat8f5
GO:0007275	Nav1
GO:0007568	Ncam1
GO:0007275	Nde1
GO:0007275	Ndel1
GO:0007275	Ndrg2
GO:0010259	Ndufs6
GO:0007275	Ndufs6
GO:0007568	Ndufs6
GO:2000772	Nek4
GO:0090398	Nek4
GO:0007275	Nepro
GO:0007275	Nes
GO:0007275	Neurod1
GO:0007275	Neurod2
GO:0007275	Neurod4
GO:0007275	Neurod6
GO:0007275	Neurog1
GO:0007275	Neurog2
GO:0007275	Neurog3
GO:0007275	Nexmif
GO:0007275	Nfatc3
GO:0007275	Nfatc4
GO:0007275	Ngef
GO:0007275	Ngfr
GO:0007275	Ngrn
GO:0007275	Nhlh1
GO:0007275	Nhlh2
GO:0007275	Nipbl
GO:0007275	Nkd1
GO:0007275	Nkx1-2
GO:0007275	Nkx2-2
GO:0007275	Nkx2-3
GO:0007275	Nkx2-4
GO:0007275	Nkx2-5
GO:0007275	Nkx2-6
GO:0007275	Nkx2-9
GO:0007275	Nkx3-1
GO:0007275	Nkx6-1
GO:0007275	Nlrp14
GO:0007275	Nme5
GO:0007275	Nme8
GO:0007275	Nnat
GO:0007275	Nobox
GO:0007275	Nodal
GO:0007275	Nog
GO:0007568	Norad
GO:0007275	Nosip
GO:0007275	Notch1
GO:0050793	Notch1
GO:0007275	Notch2
GO:0050793	Notch2
GO:0007275	Notch3
GO:0050793	Notch3
GO:0007275	Notch4
GO:0050793	Notch4
GO:0007275	Noto
GO:0007275	Nphs1
GO:0090398	Npm1
GO:0007275	Npm2
GO:0007275	Npnt
GO:0007275	Nr2e1
GO:0010259	Nr5a1
GO:0007275	Nr5a1
GO:0007568	Nr5a1
GO:0007275	Nr6a1
GO:0007275	Nrarp
GO:0007275	Nrl
GO:0007275	Nrp1
GO:0007275	Nrp2
GO:0007275	Nsd1
GO:0090398	Nsmce2
GO:0007275	Ntn5
GO:0007275	Ntng1
GO:0007275	Ntng2
GO:0007275	Ntrk1
GO:0007275	Ntrk2
GO:0007275	Ntrk3
GO:2000772	Nuak1
GO:0090398	Nuak1
GO:0007275	Numb
GO:0007275	Numbl
GO:0090398	Nup62
GO:0007275	Nus1
GO:0007275	Nxn
GO:0007275	Obscn
GO:0007275	Odf1
GO:0007275	Odf2
GO:0007275	Odf3
GO:0007275	Odf4
GO:0007568	Ogg1
GO:0007275	Olfm1
GO:0007275	Olig1
GO:0007275	Olig2
GO:0090398	Opa1
GO:0007275	Ostn
GO:0007275	Otp
GO:0007275	Otx1
GO:0007275	Otx2
GO:0007275	Ovol2
GO:0007275	Pafah1b1
GO:0007275	Pak3
GO:0007275	Paqr5
GO:0007275	Paqr7
GO:0007275	Paqr8
GO:2000774	Pawr
GO:0090398	Pawr
GO:2000772	Pawr
GO:0007275	Pax1
GO:0007275	Pax2
GO:0007275	Pax3
GO:0007275	Pax4
GO:0007275	Pax5
GO:0007568	Pax5
GO:0007275	Pax6
GO:0007275	Pax7
GO:0007275	Pax8
GO:0007275	Pax9
GO:0007275	Pbx1
GO:0007568	Pde4d
GO:0007275	Pdgfa
GO:0007275	Pdgfb
GO:0007275	Pdgfc
GO:0007275	Pdgfd
GO:0007275	Pdgfra
GO:0007275	Pdgfrb
GO:0007275	Pdilt
GO:0007275	Pdlim7
GO:0007275	Pdpn
GO:0007275	Pdx1
GO:0007275	Percc1
GO:0007275	Pgf
GO:0007275	Phactr4
GO:0035632	Phb
GO:0035632	Phb2
GO:0007275	Phc1
GO:0007275	Phc2
GO:0007275	Phc3
GO:0007275	Phox2a
GO:0007275	Phox2b
GO:0007275	Pi15
GO:0007275	Picalm
GO:0007275	Pitx1
GO:0007275	Pitx2
GO:0007275	Pitx3
GO:0007275	Piwil1
GO:0007275	Piwil2
GO:0007275	Piwil4
GO:0007275	Pkdcc
GO:0090399	Pla2r1
GO:0090403	Pla2r1
GO:0090398	Pla2r1
GO:0090400	Pla2r1
GO:0007275	Plaa
GO:0007275	Plac1
GO:0007275	Plcz1
GO:0007275	Plekhb1
GO:2000773	Plk2
GO:0090398	Plk2
GO:2000772	Plk2
GO:0007275	Plpp3
GO:0007275	Plxnb2
GO:0007275	Plxnd1
GO:0090398	Pml
GO:0090402	Pml
GO:0010259	Pmp22
GO:0007275	Pmp22
GO:0007568	Pmp22
GO:2000772	Pnpt1
GO:0090398	Pnpt1
GO:0007275	Pogk
GO:0007275	Poglut1
GO:0007568	Polg
GO:0090398	Pot1b
GO:0007275	Pou3f3
GO:0007275	Pou4f1
GO:0007275	Pou4f2
GO:0007275	Pou5f1
GO:0007275	Pou6f2
GO:0007275	Ppdpf
GO:0007275	Ppp1r8
GO:0007275	Ppp1r9b
GO:0007275	Prdm1
GO:0007275	Prdm15
GO:0090398	Prelp
GO:0007275	Prickle3
GO:0090398	Prkcd
GO:0007275	Prkci
GO:2000773	Prkdc
GO:0090398	Prkdc
GO:2000772	Prkdc
GO:0007275	Prkx
GO:0007275	Prm1
GO:0007275	Prm2
GO:0007275	Prm3
GO:0090398	Prmt6
GO:0007275	Prox1
GO:0007275	Prr15
GO:0007275	Prrx1
GO:0007275	Prrx2
GO:0007275	Prtg
GO:0007275	Psme4
GO:0007275	Ptcd2
GO:2000773	Pten
GO:0090398	Pten
GO:2000772	Pten
GO:0007275	Ptf1a
GO:0007275	Ptk2
GO:0007275	Ptp4a1
GO:0007275	Qki
GO:0007275	Rab18
GO:0007275	Rab23
GO:0007275	Racgap1
GO:0007275	Rack1
GO:0007275	Rad17
GO:0007275	Rad21
GO:0007275	Radil
GO:0007275	Rapgef2
GO:0007275	Rax
GO:2000773	Rbl1
GO:0090398	Rbl1
GO:2000772	Rbl1
GO:0007275	Rbm11
GO:0007275	Rbm19
GO:0007275	Rbm45
GO:0007275	Rbpms2
GO:0007275	Reln
GO:0007275	Rere
GO:0007275	Ret
GO:0007275	Rfng
GO:0007275	Rfx3
GO:0007275	Rfx6
GO:0007275	Rgs14
GO:0007275	Rhob
GO:0007275	Rictor
GO:0007275	Ripply1
GO:0007275	Ripply2
GO:0007275	Ripply3
GO:0007275	Rnf111
GO:0007275	Rnf114
GO:0010259	Rnf165
GO:0007275	Rnf165
GO:0007568	Rnf165
GO:0007275	Rnf17
GO:0007275	Rnf43
GO:0007275	Robo1
GO:0007275	Robo2
GO:0007275	Robo3
GO:0007275	Robo4
GO:0090399	Romo1
GO:0007275	Ror1
GO:0007275	Ror2
GO:0007275	Rora
GO:0007275	Rorb
GO:0007275	Rorc
GO:0007275	Ros1
GO:2000772	Rsl1d1
GO:0090398	Rsl1d1
GO:0007275	Rspo2
GO:0007275	Rtl1
GO:0007275	Rttn
GO:0007275	Rufy3
GO:0007275	Ryk
GO:0007275	Ryr1
GO:0007275	Ryr2
GO:0007275	Satb2
GO:0007275	Scmh1
GO:0007568	Scp2
GO:0007275	Scrib
GO:0007275	Scube2
GO:0007275	Scx
GO:0007275	Sebox
GO:0007275	Sec61a1
GO:0010259	Sec63
GO:0007275	Sec63
GO:0007568	Sec63
GO:0007275	Sema3a
GO:0007275	Sema3b
GO:0007275	Sema3c
GO:0007275	Sema3d
GO:0007275	Sema3e
GO:0007275	Sema4a
GO:0007275	Sema4b
GO:0007275	Sema4c
GO:0007275	Sema4d
GO:0007275	Sema4f
GO:0007275	Sema4g
GO:0007275	Sema5a
GO:0007275	Sema5b
GO:0007275	Sema6a
GO:0007275	Sema6b
GO:0007275	Sema6c
GO:0007275	Sema6d
GO:0007275	Sema7a
GO:0007275	Senp1
GO:0010259	Serp1
GO:0007275	Serp1
GO:0007568	Serp1
GO:0090399	Serpine1
GO:0007275	Serpine2
GO:0007275	Setd2
GO:0007275	Setdb2
GO:0007275	Sfrp1
GO:0007275	Sfrp2
GO:0007275	Sfrp4
GO:0007275	Sfrp5
GO:0007275	Shb
GO:0007568	Shc1
GO:0007275	Shh
GO:0007275	Shisa2
GO:0007275	Shisa3
GO:0007275	Shox2
GO:0007275	Shroom2
GO:0007275	Shroom3
GO:0007275	Shroom4
GO:0007275	Shtn1
GO:0007275	Siah1a
GO:0007275	Siah1b
GO:0007275	Siah2
GO:0007275	Sik1
GO:0007275	Sim1
GO:0007275	Sim2
GO:0007568	Sin3a
GO:0007275	Sirt1
GO:0090400	Sirt1
GO:2000773	Sirt1
GO:2000774	Sirt1
GO:0090398	Sirt1
GO:2000772	Sirt1
GO:0007275	Sirt6
GO:2000773	Sirt6
GO:0090398	Sirt6
GO:2000772	Sirt6
GO:0007275	Six1
GO:0007275	Six2
GO:0007275	Six3
GO:0007275	Six4
GO:0007275	Six5
GO:0007275	Six6
GO:0007568	Slc18a2
GO:0010259	Slc1a2
GO:0007275	Slc1a2
GO:0007568	Slc1a2
GO:0007275	Slc22a16
GO:0007275	Slc26a8
GO:2000773	Slc30a10
GO:0090398	Slc30a10
GO:2000772	Slc30a10
GO:0007275	Slc9c1
GO:0007275	Slco4c1
GO:0007275	Slit1
GO:0007275	Slit2
GO:0007275	Slit3
GO:0007275	Smad5
GO:0090398	Smc5
GO:0090398	Smc6
GO:0007275	Smo
GO:0007275	Smoc1
GO:0007275	Smpd3
GO:0007275	Snai1
GO:0007275	Snai2
GO:0007568	Sod1
GO:0051093	Sod1
GO:0050793	Sod1
GO:0007275	Sohlh1
GO:0007275	Sohlh2
GO:0007275	Sorl1
GO:0007275	Sort1
GO:0007275	Sox11
GO:0007275	Sox2
GO:0007275	Sox3
GO:0007275	Sox6
GO:0007275	Spast
GO:0007275	Spata16
GO:0007275	Spata18
GO:0007275	Spata19
GO:0007275	Spata20
GO:0007275	Spata24
GO:0007275	Spata5
GO:0007275	Spata6
GO:0007275	Spata9
GO:0007275	Spdya
GO:0007275	Spem1
GO:0007275	Spesp1
GO:0007275	Spi1
GO:0090402	Spi1
GO:0090398	Spi1
GO:0007275	Spin1
GO:0007275	Spink5
GO:0007275	Spred1
GO:0007275	Spred2
GO:0007275	Spred3
GO:0007275	Spry1
GO:0007275	Spry2
GO:0007275	Spry3
GO:0007275	Spry4
GO:0007275	Srf
GO:0090398	Srf
GO:0007275	Srpk3
GO:0007275	Ssc5d
GO:0007275	Stil
GO:0007275	Stk36
GO:0007275	Stmn1
GO:0007275	Stpg4
GO:0007275	Strbp
GO:0007275	Suco
GO:0007275	Sufu
GO:0007275	Supt20
GO:2000772	Suv39h1
GO:0090398	Suv39h1
GO:0051094	Syce3
GO:0050793	Syce3
GO:0051093	Sycp2
GO:0050793	Sycp2
GO:0007275	Syna
GO:0007275	Synb
GO:0007275	Syvn1
GO:0007275	T
GO:0007275	Taf7l
GO:0007275	Taf8
GO:0007275	Tal1
GO:0007275	Tapt1
GO:0007275	Tbata
GO:0007275	Tbc1d23
GO:0007275	Tbc1d32
GO:0007275	Tbcb
GO:0014889	Tbce
GO:0007275	Tbpl2
GO:0007275	Tbx1
GO:0007275	Tbx18
GO:0007275	Tbx2
GO:0090398	Tbx2
GO:2000773	Tbx2
GO:2000772	Tbx2
GO:0007275	Tbx20
GO:0007275	Tbx3
GO:0090398	Tbx3
GO:0007275	Tbx4
GO:0007275	Tbx5
GO:0007275	Tbx6
GO:0007275	Tcf12
GO:0007275	Tcf15
GO:0007275	Tcf23
GO:0007275	Tcf4
GO:0007275	Tcp11
GO:0007275	Tctn1
GO:0007275	Tdrd1
GO:0007275	Tdrd12
GO:0007275	Tdrd5
GO:0007275	Tdrd6
GO:0007275	Tdrd7
GO:0007275	Tdrd9
GO:0007275	Tek
GO:0007275	Tenm4
GO:0010259	Terc
GO:0007275	Terc
GO:0007568	Terc
GO:2000773	Terf2
GO:0090398	Terf2
GO:2000772	Terf2
GO:0090399	Tert
GO:2000773	Tert
GO:0090398	Tert
GO:2000772	Tert
GO:0007275	Tesmin
GO:0007275	Tet3
GO:0051093	Tex11
GO:0050793	Tex11
GO:0007275	Theg
GO:0007275	Themis
GO:0007275	Thoc6
GO:0007275	Tie1
GO:0007275	Timeless
GO:0007275	Tle3
GO:0007275	Tlk2
GO:0007275	Tll1
GO:0007275	Tll2
GO:0007275	Tlx2
GO:0007275	Tlx3
GO:0007275	Tmeff1
GO:0007275	Tmeff2
GO:0007275	Tmem100
GO:0007275	Tmem107
GO:0007275	Tmem198
GO:0007275	Tmem53
GO:0007275	Tmem88
GO:0007275	Tnf
GO:0007275	Tnfaip2
GO:0007275	Tnfrsf11a
GO:0007275	Tnfrsf12a
GO:0007275	Tnfsf11
GO:0007275	Tnfsf12
GO:0007275	Tnp1
GO:0007275	Tnp2
GO:0007275	Tpgs1
GO:0007275	Tpi1
GO:0007275	Traf4
GO:0007275	Trim54
GO:0007275	Trim71
GO:0007275	Triml1
GO:0007275	Trnp1
GO:0090398	Trp53
GO:0090399	Trp53
GO:0090403	Trp53
GO:2000772	Trp53
GO:2000774	Trp53
GO:0090400	Trp53
GO:0007275	Trp63
GO:0010259	Trp63
GO:0090398	Trp63
GO:2000773	Trp63
GO:0007568	Trp63
GO:2000772	Trp63
GO:0007568	Tsc2
GO:0007275	Tshz1
GO:0007275	Tshz2
GO:0007275	Tshz3
GO:0007275	Tsku
GO:0007275	Tsnax
GO:0007275	Tsnaxip1
GO:0007275	Tssk1
GO:0007275	Tssk2
GO:0007275	Tssk3
GO:0007275	Tssk4
GO:0007275	Tssk5
GO:0007275	Tssk6
GO:0007275	Ttll7
GO:0007275	Tubd1
GO:0007275	Tulp3
GO:0007275	Twf2
GO:0007275	Twist1
GO:2000773	Twist1
GO:0090398	Twist1
GO:2000772	Twist1
GO:0007275	Twist2
GO:0007275	Twsg1
GO:0007275	Txndc2
GO:0007275	Txndc8
GO:0007275	Txnrd3
GO:0007275	Tyro3
GO:0051093	Ube2b
GO:0050793	Ube2b
GO:0007275	Ube2i
GO:0007275	Ubtfl1
GO:0050793	Umodl1
GO:0007275	Unc45a
GO:0007275	Unc45b
GO:0007275	Unc5a
GO:0007275	Unc5b
GO:0007275	Unc5c
GO:0051094	Unc5c
GO:0050793	Unc5c
GO:0007275	Unc5d
GO:0007275	Uncx
GO:0007275	Usp7
GO:0007275	Utp14b
GO:0007275	Utp25
GO:0007275	Utp3
GO:0007275	Vamp5
GO:0007275	Vangl1
GO:0007275	Vangl2
GO:2000772	Vash1
GO:0090398	Vash1
GO:0007275	Vax1
GO:0007275	Vax2
GO:0007275	Vdr
GO:0007275	Vegfa
GO:0007275	Vegfb
GO:0007275	Vegfc
GO:0007275	Vegfd
GO:0007275	Vezt
GO:0007275	Virma
GO:0007275	Vstm5
GO:0007275	Vsx1
GO:0007275	Vsx2
GO:0007275	Vwc2l
GO:0007275	Wdfy3
GO:0007275	Wdr18
GO:0007275	Wdr47
GO:0007275	Wif1
GO:0007275	Wipf3
GO:0007275	Wls
GO:0007275	Wnt1
GO:2000773	Wnt1
GO:0090398	Wnt1
GO:2000772	Wnt1
GO:0007275	Wnt10a
GO:0007275	Wnt10b
GO:0007275	Wnt11
GO:0007275	Wnt16
GO:0090399	Wnt16
GO:0090403	Wnt16
GO:0090398	Wnt16
GO:0090400	Wnt16
GO:0007275	Wnt2
GO:0007275	Wnt2b
GO:0007275	Wnt3
GO:0007275	Wnt3a
GO:0007275	Wnt4
GO:0007275	Wnt5a
GO:0007275	Wnt5b
GO:0007275	Wnt6
GO:0007275	Wnt7a
GO:0007275	Wnt7b
GO:0007275	Wnt8a
GO:0007275	Wnt8b
GO:0007275	Wnt9a
GO:0007275	Wnt9b
GO:0010259	Wrn
GO:0090398	Wrn
GO:0090399	Wrn
GO:0007275	Wrn
GO:0007568	Wrn
GO:0007275	Wtap
GO:0007275	Xbp1
GO:2000773	Ybx1
GO:0090398	Ybx1
GO:2000772	Ybx1
GO:0051093	Ybx3
GO:0050793	Ybx3
GO:2000774	Ypel3
GO:0090398	Ypel3
GO:2000772	Ypel3
GO:0007275	Zar1
GO:0007275	Zbtb17
GO:0007275	Zbtb18
GO:0007275	Zbtb7a
GO:0007275	Zbtb7b
GO:0007275	Zc3h12a
GO:0007275	Zc3h13
GO:0007275	Zc4h2
GO:0090398	Zfp217
GO:0007275	Zfp260
GO:2000772	Zfp277
GO:0090398	Zfp277
GO:0007275	Zfp335
GO:0007275	Zfp35
GO:0007275	Zfp354a
GO:0007275	Zfp36
GO:0007275	Zfp36l1
GO:0007275	Zfp36l2
GO:0007275	Zfp37
GO:0007275	Zfp39
GO:0007275	Zfp41
GO:0007275	Zfp423
GO:0007275	Zfp521
GO:0007275	Zfp541
GO:0007275	Zfp568
GO:0007275	Zfp57
GO:0007275	Zfp609
GO:0007275	Zfp64
GO:0007275	Zfp830
GO:0007275	Zfr
GO:0007275	Zglp1
GO:0007275	Zic1
GO:0007275	Zic2
GO:0007275	Zic3
GO:0007275	Zic5
GO:0090398	Zmiz1
GO:2000772	Zmpste24
GO:0090398	Zmpste24
GO:0007275	Znrf3
GO:0007275	Zpr1
GO:0007275	Zscan2
GO:0007275	Zscan21
